sound_id,source_url,name,username,license,duration,samplerate,channels,type,tags,description,genre_inferred,bpm,key,acoustic_electronic,voice_instrumental,music_proxy_pass,duration_pass,license_pass,analysis_available,reason
455,https://freesound.org/people/oyenstikker/sounds/455/,tone.wav,oyenstikker,http://creativecommons.org/licenses/sampling+/1.0/,4.15637,44100.0,2,wav,"[""sine"", ""tone""]","a simple, but slightly different sine tone",,,,,,false,false,true,true,"duration,music_proxy"
456,https://freesound.org/people/oyenstikker/sounds/456/,noiseshaker.wav,oyenstikker,http://creativecommons.org/licenses/sampling+/1.0/,5.96753,44100.0,2,wav,"[""noise"", ""percussive""]",a rhythmic noise shaker that goes slightly out of sync from time to time,,,,,,false,false,true,true,"duration,music_proxy"
457,https://freesound.org/people/deleted_user_270/sounds/457/,DjembeCheapMicSessionUno(01).wav,deleted_user_270,http://creativecommons.org/licenses/by/3.0/,0.97839,44100.0,2,wav,"[""beat"", ""beat-box"", ""beatbox"", ""box"", ""djembe"", ""resonance"", ""resonant""]",Sounds of beatboxing into a plastic djembe recorded with a cheap plastic toy microphone. ,,,,,,false,false,true,true,"duration,music_proxy"
458,https://freesound.org/people/deleted_user_270/sounds/458/,DjembeCheapMicSessionUno(02).wav,deleted_user_270,http://creativecommons.org/licenses/by/3.0/,0.586621,44100.0,2,wav,"[""beat"", ""beat-box"", ""beatbox"", ""box"", ""djembe"", ""resonance"", ""resonant""]",Sounds of beatboxing into a plastic djembe recorded with a cheap plastic toy microphone. ,,,,,,false,false,true,true,"duration,music_proxy"
460,https://freesound.org/people/deleted_user_270/sounds/460/,DjembeCheapMicSessionUno(04).wav,deleted_user_270,http://creativecommons.org/licenses/by/3.0/,5.80887,44100.0,2,wav,"[""beat"", ""beat-box"", ""beatbox"", ""box"", ""djembe"", ""resonance"", ""resonant""]",Sounds of beatboxing into a plastic djembe recorded with a cheap plastic toy microphone. ,,,,,,false,false,true,true,"duration,music_proxy"
468,https://freesound.org/people/deleted_user_270/sounds/468/,DjembeCheapMicSessionUno(12).wav,deleted_user_270,http://creativecommons.org/licenses/by/3.0/,1.21039,44100.0,2,wav,"[""beat"", ""beat-box"", ""beatbox"", ""box"", ""djembe"", ""resonance"", ""resonant""]",Sounds of beatboxing into a plastic djembe recorded with a cheap plastic toy microphone. ,,,,,,false,false,true,true,"duration,music_proxy"
469,https://freesound.org/people/deleted_user_270/sounds/469/,DjembeCheapMicSessionUno(13).wav,deleted_user_270,http://creativecommons.org/licenses/by/3.0/,9.11585,44100.0,2,wav,"[""beat"", ""beat-box"", ""beatbox"", ""box"", ""djembe"", ""resonance"", ""resonant""]",Sounds of beatboxing into a plastic djembe recorded with a cheap plastic toy microphone. ,,,,,,false,false,true,true,"duration,music_proxy"
470,https://freesound.org/people/deleted_user_270/sounds/470/,DjembeCheapMicSessionUno(14).wav,deleted_user_270,http://creativecommons.org/licenses/by/3.0/,12.2604,44100.0,2,wav,"[""beat"", ""beat-box"", ""beatbox"", ""box"", ""djembe"", ""resonance"", ""resonant""]",Sounds of beatboxing into a plastic djembe recorded with a cheap plastic toy microphone. ,,,,,,false,false,true,true,"duration,music_proxy"
471,https://freesound.org/people/deleted_user_270/sounds/471/,DjembeCheapMicSessionUno(15).wav,deleted_user_270,http://creativecommons.org/licenses/by/3.0/,0.504376,44100.0,2,wav,"[""beat"", ""beat-box"", ""beatbox"", ""box"", ""djembe"", ""resonance"", ""resonant""]",Sounds of beatboxing into a plastic djembe recorded with a cheap plastic toy microphone. ,,,,,,false,false,true,true,"duration,music_proxy"
472,https://freesound.org/people/deleted_user_270/sounds/472/,DjembeCheapMicSessionUno(16).wav,deleted_user_270,http://creativecommons.org/licenses/by/3.0/,0.56322,44100.0,2,wav,"[""beat"", ""beat-box"", ""beatbox"", ""box"", ""djembe"", ""resonance"", ""resonant""]",Sounds of beatboxing into a plastic djembe recorded with a cheap plastic toy microphone. ,,,,,,false,false,true,true,"duration,music_proxy"
473,https://freesound.org/people/deleted_user_270/sounds/473/,DjembeCheapMicSessionUno(17).wav,deleted_user_270,http://creativecommons.org/licenses/by/3.0/,0.601361,44100.0,2,wav,"[""beat"", ""beat-box"", ""beatbox"", ""box"", ""djembe"", ""resonance"", ""resonant""]",Sounds of beatboxing into a plastic djembe recorded with a cheap plastic toy microphone. ,,,,,,false,false,true,true,"duration,music_proxy"
474,https://freesound.org/people/deleted_user_270/sounds/474/,DjembeCheapMicSessionUno(18).wav,deleted_user_270,http://creativecommons.org/licenses/by/3.0/,0.559206,44100.0,2,wav,"[""beat"", ""beat-box"", ""beatbox"", ""box"", ""djembe"", ""resonance"", ""resonant""]",Sounds of beatboxing into a plastic djembe recorded with a cheap plastic toy microphone. ,,,,,,false,false,true,true,"duration,music_proxy"
475,https://freesound.org/people/deleted_user_270/sounds/475/,DjembeCheapMicSessionUno(19).wav,deleted_user_270,http://creativecommons.org/licenses/by/3.0/,0.501429,44100.0,2,wav,"[""beat"", ""beat-box"", ""beatbox"", ""box"", ""djembe"", ""resonance"", ""resonant""]",Sounds of beatboxing into a plastic djembe recorded with a cheap plastic toy microphone. ,,,,,,false,false,true,true,"duration,music_proxy"
476,https://freesound.org/people/deleted_user_270/sounds/476/,DjembeCheapMicSessionUno(20).wav,deleted_user_270,http://creativecommons.org/licenses/by/3.0/,0.501429,44100.0,2,wav,"[""beat"", ""beat-box"", ""beatbox"", ""box"", ""djembe"", ""resonance"", ""resonant""]",Sounds of beatboxing into a plastic djembe recorded with a cheap plastic toy microphone. ,,,,,,false,false,true,true,"duration,music_proxy"
477,https://freesound.org/people/deleted_user_270/sounds/477/,DjembeCheapMicSessionUno(21).wav,deleted_user_270,http://creativecommons.org/licenses/by/3.0/,1.17971,44100.0,2,wav,"[""beat"", ""beat-box"", ""beatbox"", ""box"", ""djembe"", ""resonance"", ""resonant""]",Sounds of beatboxing into a plastic djembe recorded with a cheap plastic toy microphone. ,,,,,,false,false,true,true,"duration,music_proxy"
478,https://freesound.org/people/deleted_user_270/sounds/478/,DjembeCheapMicSessionUno(22).wav,deleted_user_270,http://creativecommons.org/licenses/by/3.0/,1.89605,44100.0,2,wav,"[""beat"", ""beat-box"", ""beatbox"", ""box"", ""djembe"", ""resonance"", ""resonant""]",Sounds of beatboxing into a plastic djembe recorded with a cheap plastic toy microphone. ,,,,,,false,false,true,true,"duration,music_proxy"
479,https://freesound.org/people/deleted_user_270/sounds/479/,DjembeCheapMicSessionUno(23).wav,deleted_user_270,http://creativecommons.org/licenses/by/3.0/,10.6131,44100.0,2,wav,"[""beat"", ""beat-box"", ""beatbox"", ""box"", ""djembe"", ""resonance"", ""resonant""]",Sounds of beatboxing into a plastic djembe recorded with a cheap plastic toy microphone. ,,,,,,false,false,true,true,"duration,music_proxy"
480,https://freesound.org/people/deleted_user_270/sounds/480/,DjembeCheapMicSessionUno(24).wav,deleted_user_270,http://creativecommons.org/licenses/by/3.0/,0.553016,44100.0,2,wav,"[""beat"", ""beat-box"", ""beatbox"", ""box"", ""djembe"", ""resonance"", ""resonant""]",Sounds of beatboxing into a plastic djembe recorded with a cheap plastic toy microphone. ,,,,,,false,false,true,true,"duration,music_proxy"
481,https://freesound.org/people/deleted_user_270/sounds/481/,DjembeCheapMicSessionUno(25).wav,deleted_user_270,http://creativecommons.org/licenses/by/3.0/,6.35939,44100.0,2,wav,"[""beat"", ""beat-box"", ""beatbox"", ""box"", ""djembe"", ""resonance"", ""resonant""]",Sounds of beatboxing into a plastic djembe recorded with a cheap plastic toy microphone. ,,,,,,false,false,true,true,"duration,music_proxy"
482,https://freesound.org/people/deleted_user_270/sounds/482/,DjembeCheapMicSessionUno(26).wav,deleted_user_270,http://creativecommons.org/licenses/by/3.0/,3.72932,44100.0,2,wav,"[""beat"", ""beat-box"", ""beatbox"", ""box"", ""djembe"", ""resonance"", ""resonant""]",Sounds of beatboxing into a plastic djembe recorded with a cheap plastic toy microphone. ,,,,,,false,false,true,true,"duration,music_proxy"
483,https://freesound.org/people/deleted_user_270/sounds/483/,DjembeCheapMicSessionUno(27).wav,deleted_user_270,http://creativecommons.org/licenses/by/3.0/,9.73939,44100.0,2,wav,"[""beat"", ""beat-box"", ""beatbox"", ""box"", ""djembe"", ""resonance"", ""resonant""]",Sounds of beatboxing into a plastic djembe recorded with a cheap plastic toy microphone. ,,,,,,false,false,true,true,"duration,music_proxy"
484,https://freesound.org/people/deleted_user_270/sounds/484/,DjembeCheapMicSessionUno(28).wav,deleted_user_270,http://creativecommons.org/licenses/by/3.0/,0.502313,44100.0,2,wav,"[""beat"", ""beat-box"", ""beatbox"", ""box"", ""djembe"", ""resonance"", ""resonant""]",Sounds of beatboxing into a plastic djembe recorded with a cheap plastic toy microphone. ,,,,,,false,false,true,true,"duration,music_proxy"
485,https://freesound.org/people/deleted_user_270/sounds/485/,DjembeCheapMicSessionUno(29).wav,deleted_user_270,http://creativecommons.org/licenses/by/3.0/,1.07154,44100.0,2,wav,"[""beat"", ""beat-box"", ""beatbox"", ""box"", ""djembe"", ""resonance"", ""resonant""]",Sounds of beatboxing into a plastic djembe recorded with a cheap plastic toy microphone. ,,,,,,false,false,true,true,"duration,music_proxy"
486,https://freesound.org/people/deleted_user_270/sounds/486/,DjembeCheapMicSessionUno(30).wav,deleted_user_270,http://creativecommons.org/licenses/by/3.0/,0.502313,44100.0,2,wav,"[""beat"", ""beat-box"", ""beatbox"", ""box"", ""djembe"", ""resonance"", ""resonant""]",Sounds of beatboxing into a plastic djembe recorded with a cheap plastic toy microphone. ,,,,,,false,false,true,true,"duration,music_proxy"
487,https://freesound.org/people/deleted_user_270/sounds/487/,DjembeCheapMicSessionUno(31).wav,deleted_user_270,http://creativecommons.org/licenses/by/3.0/,0.502562,44100.0,2,wav,"[""beat"", ""beat-box"", ""beatbox"", ""box"", ""djembe"", ""resonance"", ""resonant""]",Sounds of beatboxing into a plastic djembe recorded with a cheap plastic toy microphone. ,,,,,,false,false,true,true,"duration,music_proxy"
488,https://freesound.org/people/deleted_user_270/sounds/488/,DjembeCheapMicSessionUno(32).wav,deleted_user_270,http://creativecommons.org/licenses/by/3.0/,0.502313,44100.0,2,wav,"[""beat"", ""beat-box"", ""beatbox"", ""box"", ""djembe"", ""resonance"", ""resonant""]",Sounds of beatboxing into a plastic djembe recorded with a cheap plastic toy microphone. ,,,,,,false,false,true,true,"duration,music_proxy"
489,https://freesound.org/people/deleted_user_270/sounds/489/,DjembeCheapMicSessionUno(33).wav,deleted_user_270,http://creativecommons.org/licenses/by/3.0/,0.500975,44100.0,2,wav,"[""beat"", ""beat-box"", ""beatbox"", ""box"", ""djembe"", ""resonance"", ""resonant""]",Sounds of beatboxing into a plastic djembe recorded with a cheap plastic toy microphone. ,,,,,,false,false,true,true,"duration,music_proxy"
490,https://freesound.org/people/deleted_user_270/sounds/490/,DjembeCheapMicSessionUno(34).wav,deleted_user_270,http://creativecommons.org/licenses/by/3.0/,0.502313,44100.0,2,wav,"[""beat"", ""beat-box"", ""beatbox"", ""box"", ""djembe"", ""resonance"", ""resonant""]",Sounds of beatboxing into a plastic djembe recorded with a cheap plastic toy microphone. ,,,,,,false,false,true,true,"duration,music_proxy"
491,https://freesound.org/people/deleted_user_270/sounds/491/,DjembeCheapMicSessionUno(35).wav,deleted_user_270,http://creativecommons.org/licenses/by/3.0/,0.501134,44100.0,2,wav,"[""beat"", ""beat-box"", ""beatbox"", ""box"", ""djembe"", ""resonance"", ""resonant""]",Sounds of beatboxing into a plastic djembe recorded with a cheap plastic toy microphone. ,,,,,,false,false,true,true,"duration,music_proxy"
492,https://freesound.org/people/deleted_user_270/sounds/492/,DjembeCheapMicSessionUno(36).wav,deleted_user_270,http://creativecommons.org/licenses/by/3.0/,17.4504,44100.0,2,wav,"[""beat"", ""beat-box"", ""beatbox"", ""box"", ""djembe"", ""resonance"", ""resonant""]",Sounds of beatboxing into a plastic djembe recorded with a cheap plastic toy microphone. ,,,,,,false,false,true,true,"duration,music_proxy"
493,https://freesound.org/people/deleted_user_270/sounds/493/,RadioStatik1.wav,deleted_user_270,http://creativecommons.org/licenses/by/3.0/,6.37474,44100.0,2,wav,"[""am"", ""am-radio"", ""am-static"", ""fm"", ""noise"", ""panapet"", ""panasonic"", ""radio"", ""radio-static"", ""shortwave"", ""static"", ""statik""]",Noise recorded from a blue Panasonic Panapet AM Radio. ,,,,,,false,false,true,true,"duration,music_proxy"
494,https://freesound.org/people/deleted_user_270/sounds/494/,RadioStatik2.wav,deleted_user_270,http://creativecommons.org/licenses/by/3.0/,7.99952,44100.0,2,wav,"[""am"", ""am-radio"", ""am-static"", ""fm"", ""noise"", ""panapet"", ""panasonic"", ""radio"", ""radio-static"", ""shortwave"", ""static"", ""statik""]",Noise recorded from a blue Panasonic Panapet AM Radio. ,,,,,,false,false,true,true,"duration,music_proxy"
495,https://freesound.org/people/deleted_user_270/sounds/495/,RadioStatik3.wav,deleted_user_270,http://creativecommons.org/licenses/by/3.0/,8.62465,44100.0,2,wav,"[""am"", ""am-radio"", ""am-static"", ""fm"", ""noise"", ""panapet"", ""panasonic"", ""radio"", ""radio-static"", ""shortwave"", ""static"", ""statik""]",Noise recorded from a blue Panasonic Panapet AM Radio. ,,,,,,false,false,true,true,"duration,music_proxy"
496,https://freesound.org/people/Anton/sounds/496/,zakCPY.aiff,Anton,https://creativecommons.org/licenses/by/4.0/,53.313,44100.0,2,aiff,"[""clipping"", ""lunch-bag"", ""plastic"", ""squeeze""]",messing with a baggy doing squeaky things with it in front of crappy built in mike of mac. Doing it in class and of course some of my compatriots wouldn't shut up. ,,,,,,false,true,true,true,music_proxy
505,https://freesound.org/people/geekhorde/sounds/505/,ElectroDub01.wav,geekhorde,http://creativecommons.org/publicdomain/zero/1.0/,24.3744,44100.0,2,wav,"[""beat"", ""delay"", ""dub"", ""echo"", ""electronic"", ""loop"", ""slow""]",I used a circuit bent TR-707 and several outboard effects pedals to create this 40 BPM dub inflected beat.,,,,,,false,false,true,true,"duration,music_proxy"
506,https://freesound.org/people/TwistedLemon/sounds/506/,OctGuitar.wav,TwistedLemon,https://creativecommons.org/licenses/by/4.0/,13.6818,44100.0,2,wav,"[""bass"", ""distorted"", ""guitar"", ""loop"", ""pitched""]","a crunchy bass loop. made with a stratocaster guitar playing flageolets. Processing: tube compressor, Octaver, amp sim.",,,,,,false,false,true,true,"duration,music_proxy"
507,https://freesound.org/people/TwistedLemon/sounds/507/,theEnd_guitar.wav,TwistedLemon,https://creativecommons.org/licenses/by/4.0/,20.081,44100.0,2,wav,"[""distortion"", ""ending"", ""guitar"", ""reverse""]","a slow ending tune with a guitar.processing: reverse delay, DS-1, amp sim",,,,,,false,false,true,true,"duration,music_proxy"
508,https://freesound.org/people/TwistedLemon/sounds/508/,spacedOutTelephone.wav,TwistedLemon,https://creativecommons.org/licenses/by/4.0/,14.452,44100.0,2,wav,"[""doppler"", ""dtmf"", ""processed"", ""space""]","I started out with the DTMF tones of my home phone number and ended up with this.processing: Doppler, reverb, reverse.",,,,,,false,false,true,true,"duration,music_proxy"
509,https://freesound.org/people/Dante%20Tanzi/sounds/509/,GIRMI.wav,Dante Tanzi,http://creativecommons.org/licenses/sampling+/1.0/,10.8497,44100.0,2,wav,"[""fm"", ""future"", ""noise"", ""spooky""]",Something like blender noise. Sample was picked up from short composition based on FM sounds.,,,,,,false,false,true,true,"duration,music_proxy"
510,https://freesound.org/people/jenc/sounds/510/,badonk.wav,jenc,http://creativecommons.org/licenses/by/3.0/,1.25134,44100.0,1,wav,"[""field-recording"", ""machine"", ""metallic"", ""percussion""]","mono field recording made using a homemade mic
 in a machine shop of a hammer hitting metal",,,,,,false,false,true,true,"duration,music_proxy"
511,https://freesound.org/people/jenc/sounds/511/,bang.wav,jenc,http://creativecommons.org/licenses/by/3.0/,3.46175,44100.0,1,wav,"[""field-recording"", ""machine"", ""metallic"", ""percussion""]","mono field recording made using a homemade mic
 in a machine shop, metallic bang",,,,,,false,false,true,true,"duration,music_proxy"
512,https://freesound.org/people/jenc/sounds/512/,boomklir.wav,jenc,http://creativecommons.org/licenses/by/3.0/,2.50354,44100.0,1,wav,"[""field-recording"", ""machine"", ""metallic"", ""percussion""]","mono field recording made using a homemade mic
 in a machine shop, sounds like filename",,,,,,false,false,true,true,"duration,music_proxy"
513,https://freesound.org/people/jenc/sounds/513/,chrchr.wav,jenc,http://creativecommons.org/licenses/by/3.0/,2.38093,44100.0,1,wav,"[""field-recording"", ""machine"", ""metallic"", ""percussion""]","mono field recording made using a homemade mic
 in a machine shop, sounds like filename--metal buffing machine",,,,,,false,false,true,true,"duration,music_proxy"
514,https://freesound.org/people/jenc/sounds/514/,chwchw.wav,jenc,http://creativecommons.org/licenses/by/3.0/,2.53952,44100.0,1,wav,"[""field-recording"", ""machine"", ""metallic"", ""percussion""]","mono field recording made using a homemade mic
 in a machine shop, sounds like filename- plastic buffing machine",,,,,,false,false,true,true,"duration,music_proxy"
515,https://freesound.org/people/jenc/sounds/515/,dengdeng.wav,jenc,http://creativecommons.org/licenses/by/3.0/,2.27195,44100.0,1,wav,"[""field-recording"", ""machine"", ""metallic"", ""percussion""]","mono field recording made using a homemade mic
 in a machine shop, sounds like filename--many wrenches in a drawer",,,,,,false,false,true,true,"duration,music_proxy"
516,https://freesound.org/people/jenc/sounds/516/,dompf.wav,jenc,http://creativecommons.org/licenses/by/3.0/,1.44717,44100.0,1,wav,"[""field-recording"", ""machine"", ""metallic"", ""percussion""]","mono field recording made using a homemade mic
 in a machine shop, sounds like filename--moving the trash bin around",,,,,,false,false,true,true,"duration,music_proxy"
517,https://freesound.org/people/jenc/sounds/517/,dopdidop.wav,jenc,http://creativecommons.org/licenses/by/3.0/,2.27016,44100.0,1,wav,"[""field-recording"", ""machine"", ""metallic"", ""percussion""]","mono field recording made using a homemade mic
 in a machine shop, sounds like filename--wrenches",,,,,,false,false,true,true,"duration,music_proxy"
518,https://freesound.org/people/jenc/sounds/518/,drill1.wav,jenc,http://creativecommons.org/licenses/by/3.0/,10.412,44100.0,1,wav,"[""field-recording"", ""machine"", ""metallic"", ""percussion""]","mono field recording made using a homemade mic
 in a machine shop, sounds like filename--drill press on and off--nice drone",,,,,,false,false,true,true,"duration,music_proxy"
519,https://freesound.org/people/jenc/sounds/519/,drill2.wav,jenc,http://creativecommons.org/licenses/by/3.0/,7.2098,44100.0,1,wav,"[""field-recording"", ""machine"", ""metallic"", ""percussion""]","mono field recording made using a homemade mic
 in a machine shop, sounds like filename--drill press on and off--nice drone",,,,,,false,false,true,true,"duration,music_proxy"
520,https://freesound.org/people/jenc/sounds/520/,drill3.wav,jenc,http://creativecommons.org/licenses/by/3.0/,5.08054,44100.0,1,wav,"[""field-recording"", ""machine"", ""metallic"", ""percussion""]","mono field recording made using a homemade mic
 in a machine shop, sounds like filename--drill press on and off--nice drone",,,,,,false,false,true,true,"duration,music_proxy"
521,https://freesound.org/people/jenc/sounds/521/,glassy.wav,jenc,http://creativecommons.org/licenses/by/3.0/,1.32433,44100.0,1,wav,"[""field-recording"", ""machine"", ""metallic"", ""percussion""]","mono field recording made using a homemade mic
 in a machine shop, sounds like filename--wrenches as claves
",,,,,,false,false,true,true,"duration,music_proxy"
522,https://freesound.org/people/jenc/sounds/522/,glassy2.wav,jenc,http://creativecommons.org/licenses/by/3.0/,1.41508,44100.0,1,wav,"[""field-recording"", ""machine"", ""metallic"", ""percussion""]","mono field recording made using a homemade mic
 in a machine shop, sounds like filename--wrenches as claves
",,,,,,false,false,true,true,"duration,music_proxy"
523,https://freesound.org/people/jenc/sounds/523/,latch1.wav,jenc,http://creativecommons.org/licenses/by/3.0/,0.817392,44100.0,1,wav,"[""field-recording"", ""machine"", ""metallic"", ""percussion""]","mono field recording made using a homemade mic
 in a machine shop, sounds like filename--latching the toolbox",,,,,,false,false,true,true,"duration,music_proxy"
524,https://freesound.org/people/jenc/sounds/524/,latch2.wav,jenc,http://creativecommons.org/licenses/by/3.0/,1.20122,44100.0,1,wav,"[""field-recording"", ""machine"", ""metallic"", ""percussion""]","mono field recording made using a homemade mic
 in a machine shop, sounds like filename--latching a different toolbox",,,,,,false,false,true,true,"duration,music_proxy"
525,https://freesound.org/people/jenc/sounds/525/,pang.wav,jenc,http://creativecommons.org/licenses/by/3.0/,1.32426,44100.0,1,wav,"[""field-recording"", ""machine"", ""metallic"", ""percussion""]","mono field recording made using a homemade mic
 in a machine shop, sounds like filename--hammer hitting metal sheet",,,,,,false,false,true,true,"duration,music_proxy"
526,https://freesound.org/people/jenc/sounds/526/,pang2.wav,jenc,http://creativecommons.org/licenses/by/3.0/,1.32256,44100.0,1,wav,"[""field-recording"", ""machine"", ""metallic"", ""percussion""]","mono field recording made using a homemade mic
 in a machine shop, sounds like filename",,,,,,false,false,true,true,"duration,music_proxy"
527,https://freesound.org/people/jenc/sounds/527/,shpk.wav,jenc,http://creativecommons.org/licenses/by/3.0/,2.10825,44100.0,1,wav,"[""field-recording"", ""machine"", ""metallic"", ""percussion""]","mono field recording made using a homemade mic
 in a machine shop, sounds like filename--drilling into a broken record!",,,,,,false,false,true,true,"duration,music_proxy"
528,https://freesound.org/people/jenc/sounds/528/,squishy1.wav,jenc,http://creativecommons.org/licenses/by/3.0/,2.33649,44100.0,1,wav,"[""field-recording"", ""machine"", ""metallic"", ""percussion""]","mono field recording made using a homemade mic
 in a machine shop, sounds like filename",,,,,,false,false,true,true,"duration,music_proxy"
529,https://freesound.org/people/aloscos/sounds/529/,bram.wav,aloscos,http://creativecommons.org/publicdomain/zero/1.0/,4.87619,44100.0,1,wav,"[""echo"", ""laugh"", ""male"", ""singing"", ""speech"", ""voice""]","another Bram, nothing to do with the freesoundproject webmaster",,,,,,false,false,true,true,"duration,music_proxy"
530,https://freesound.org/people/melack/sounds/530/,boleta.wav,melack,https://creativecommons.org/licenses/by/4.0/,0.148095,44100.0,2,wav,"[""ball"", ""beat"", ""excerpt"", ""field-recording""]",excerpt mic recording testing,,,,,,false,false,true,true,"duration,music_proxy"
531,https://freesound.org/people/melack/sounds/531/,pump.wav,melack,https://creativecommons.org/licenses/by/4.0/,0.154195,44100.0,2,wav,"[""bass"", ""boo"", ""excerpt"", ""field-recording""]",excerpt mic recording testing,,,,,,false,false,true,true,"duration,music_proxy"
532,https://freesound.org/people/melack/sounds/532/,shaka.wav,melack,https://creativecommons.org/licenses/by/4.0/,1.19583,44100.0,2,wav,"[""excerpt"", ""field-recording""]",excerpt mic recording testing,,,,,,false,false,true,true,"duration,music_proxy"
533,https://freesound.org/people/melack/sounds/533/,tac.wav,melack,https://creativecommons.org/licenses/by/4.0/,0.545669,44100.0,2,wav,"[""beat"", ""guitar"", ""lo-fi""]",short beat guitar,,,,,,false,false,true,true,"duration,music_proxy"
537,https://freesound.org/people/Anton/sounds/537/,scanner.wav,Anton,https://creativecommons.org/licenses/by/4.0/,22.3183,48000.0,1,wav,"[""electric"", ""gritty"", ""machine"", ""noise""]",Recording of my HP Scanner. Lots of background noise (its a very quiet scanner),,,,,,false,false,true,true,"duration,music_proxy"
538,https://freesound.org/people/Anton/sounds/538/,scanner_NR.wav,Anton,https://creativecommons.org/licenses/by/4.0/,15.9563,48000.0,1,wav,"[""electric"", ""gritty"", ""household"", ""machine"", ""noise"", ""processed""]",Recording of my HP Scanner. processed with Adobe Audition to remove some of the noise (worked quite well IMO),,,,,,false,false,true,true,"duration,music_proxy"
540,https://freesound.org/people/james.brody/sounds/540/,bean belt dense resonant shake.wav,james.brody,http://creativecommons.org/licenses/sampling+/1.0/,6.43816,44100.0,2,wav,"[""bean"", ""belt"", ""dense"", ""resonant"", ""shake""]",African instrument. Bean pods strung together. Otherwise known as a fertility belt,,,,,,false,false,true,true,"duration,music_proxy"
541,https://freesound.org/people/james.brody/sounds/541/,bean belt shaker 1a.wav,james.brody,http://creativecommons.org/licenses/sampling+/1.0/,10.2506,44100.0,2,wav,"[""bean"", ""belt"", ""shaker"", ""version""]",African instrument. Bean pods strung together. Otherwise known as a fertility belt,,,,,,false,false,true,true,"duration,music_proxy"
542,https://freesound.org/people/james.brody/sounds/542/,bean belt shaker 2a.wav,james.brody,http://creativecommons.org/licenses/sampling+/1.0/,14.982,44100.0,2,wav,"[""bean"", ""belt"", ""shaker"", ""version""]",African instrument. Bean pods strung together. Otherwise known as a fertility belt,,,,,,false,false,true,true,"duration,music_proxy"
543,https://freesound.org/people/james.brody/sounds/543/,bean belt shaker random diddling a.wav,james.brody,http://creativecommons.org/licenses/sampling+/1.0/,11.9754,44100.0,1,wav,"[""bean"", ""belt"", ""excitation"", ""random"", ""shaker""]",African instrument. Bean pods strung together. Otherwise known as a fertility belt,,,,,,false,false,true,true,"duration,music_proxy"
544,https://freesound.org/people/Drumstick/sounds/544/,Water.wav,Drumstick,http://creativecommons.org/licenses/sampling+/1.0/,44.928,44100.0,1,wav,"[""bucket"", ""plastic"", ""water""]",I recorded this using a SHURE PG57 and a Spirit powerstation. The mic is placed somewhat in the bucket so you don't only hear the water but the low humming of the bucket also.,,,,,,false,true,true,true,music_proxy
545,https://freesound.org/people/Anton/sounds/545/,fart_1.wav,Anton,https://creativecommons.org/licenses/by/4.0/,2.35425,48000.0,1,wav,"[""dump"", ""fart"", ""human""]",Guy making fart noises with his lips. Recorded with SP B-1.,,,,,,false,false,true,true,"duration,music_proxy"
546,https://freesound.org/people/Anton/sounds/546/,fart_2.wav,Anton,https://creativecommons.org/licenses/by/4.0/,0.460938,48000.0,1,wav,"[""dump"", ""fart"", ""human""]",Guy making fart noises with his lips. Recorded with SP B-1.,,,,,,false,false,true,true,"duration,music_proxy"
547,https://freesound.org/people/Anton/sounds/547/,persen.wav,Anton,https://creativecommons.org/licenses/by/4.0/,8.41192,48000.0,1,wav,"[""dump"", ""grunt"", ""human""]",guy having trouble unloading his dump.,,,,,,false,false,true,true,"duration,music_proxy"
548,https://freesound.org/people/Anton/sounds/548/,printer.wav,Anton,https://creativecommons.org/licenses/by/4.0/,13.7684,48000.0,1,wav,"[""electronic"", ""environmental-sounds-research"", ""machine"", ""printer""]",HP Printer making some noises.,,,,,,false,false,true,true,"duration,music_proxy"
556,https://freesound.org/people/Rodcencko/sounds/556/,waterbathtub.wav,Rodcencko,http://creativecommons.org/publicdomain/zero/1.0/,2.50426,44100.0,1,wav,"[""ambient"", ""bathtub"", ""splashes"", ""water""]",Mono recording on Sony DAT ,,,,,,false,false,true,true,"duration,music_proxy"
564,https://freesound.org/people/TwistedLemon/sounds/564/,lighter.wav,TwistedLemon,https://creativecommons.org/licenses/by/4.0/,1.40834,44100.0,2,wav,"[""fire"", ""gas"", ""lighter""]",the sound of a traditional lighter.,,,,,,false,false,true,true,"duration,music_proxy"
565,https://freesound.org/people/TwistedLemon/sounds/565/,pay_up_mootcher.wav,TwistedLemon,https://creativecommons.org/licenses/by/4.0/,1.06839,44100.0,2,wav,"[""girl"", ""mootcher"", ""voice""]","A voice sample of a girl that wants her money. ""Pay up Mootcher!"" processing: noise reduction.",,,,,,false,false,true,true,"duration,music_proxy"
566,https://freesound.org/people/TwistedLemon/sounds/566/,phased_agua.wav,TwistedLemon,https://creativecommons.org/licenses/by/4.0/,12.2527,44100.0,2,wav,"[""drum"", ""phase"", ""water""]","Hitting a almost empty 5 liter water bottle. making pitch changes by moving the bottle diagonally. processing: noise reduction, phaser.",,,,,,false,false,true,true,"duration,music_proxy"
567,https://freesound.org/people/TwistedLemon/sounds/567/,scissors.wav,TwistedLemon,https://creativecommons.org/licenses/by/4.0/,4.02667,44100.0,2,wav,"[""cutting"", ""scissors""]",a small pair of scissors. processing: noise reduction.,,,,,,false,false,true,true,"duration,music_proxy"
568,https://freesound.org/people/TwistedLemon/sounds/568/,scissors_scraping.wav,TwistedLemon,https://creativecommons.org/licenses/by/4.0/,7.0134,44100.0,2,wav,"[""cutting"", ""scissors""]",a small pair of scissors. Close-up recording of the iron scraping against each other. processing: noise reduction.,,,,,,false,false,true,true,"duration,music_proxy"
569,https://freesound.org/people/TwistedLemon/sounds/569/,water_in_hell.wav,TwistedLemon,https://creativecommons.org/licenses/by/4.0/,28.3557,44100.0,2,wav,"[""hell"", ""water""]","Gently shaking a big bottle of water. processing: echo, reverb.",,,,,,false,false,true,true,"duration,music_proxy"
570,https://freesound.org/people/TwistedLemon/sounds/570/,zipper.wav,TwistedLemon,https://creativecommons.org/licenses/by/4.0/,4.05878,44100.0,2,wav,"[""close"", ""open"", ""zipper""]",the sound of a standard zipper. slow and fast. processing: noise reduction.,,,,,,false,false,true,true,"duration,music_proxy"
571,https://freesound.org/people/Mawl/sounds/571/,QuietschenAnTuer.wav,Mawl,http://creativecommons.org/licenses/sampling+/1.0/,1.75333,44100.0,2,wav,"[""field-recording"", ""squeak""]","Weird squeaky noise... Recorded with my mp3-player's microphone. Processed with noise gate, EQ and compressor.",,,,,,false,false,true,true,"duration,music_proxy"
581,https://freesound.org/people/milo/sounds/581/,Frontieres_clip.aif,milo,http://creativecommons.org/licenses/by/3.0/,7.56941,44100.0,2,aiff,"[""air"", ""flute"", ""voices"", ""wind""]",cross synthesis and granulation of flute &amp; conch shell,,,,,,false,false,true,true,"duration,music_proxy"
582,https://freesound.org/people/milo/sounds/582/,flute_groove1.mp3,milo,http://creativecommons.org/licenses/by/3.0/,18.979,44100.0,2,mp3,"[""flute"", ""groove"", ""rhythm""]",a rhythmic granulation of a flute sample. Transposes nicely for the house.,,,,,,false,false,true,true,"duration,music_proxy"
587,https://freesound.org/people/Anton/sounds/587/,Kraan_keuken_24s_zacht_hard.wav,Anton,https://creativecommons.org/licenses/by/4.0/,24.6373,48000.0,1,wav,"[""kitchen"", ""sink"", ""water""]",Water at the kitchen sink. Recorded with portaDAT.,,,,,,false,false,true,true,"duration,music_proxy"
588,https://freesound.org/people/Anton/sounds/588/,toilet1_14s.wav,Anton,https://creativecommons.org/licenses/by/4.0/,14.9467,48000.0,1,wav,"[""environmental-sounds-research"", ""flush"", ""toilet"", ""water""]",Toilet Flush recorded with portaDAT,,,,,,false,false,true,true,"duration,music_proxy"
589,https://freesound.org/people/Anton/sounds/589/,wasbak1.wav,Anton,https://creativecommons.org/licenses/by/4.0/,11.0072,48000.0,1,wav,"[""running-water"", ""sink"", ""water""]",gurgling from sink.,,,,,,false,false,true,true,"duration,music_proxy"
590,https://freesound.org/people/Anton/sounds/590/,washinghands.wav,Anton,https://creativecommons.org/licenses/by/4.0/,19.2874,48000.0,1,wav,"[""hands"", ""water""]",Person cleaning his hands in a bathroom.,,,,,,false,false,true,true,"duration,music_proxy"
591,https://freesound.org/people/Anton/sounds/591/,wsabak2_gorgeleinde.wav,Anton,https://creativecommons.org/licenses/by/4.0/,19.5954,48000.0,1,wav,"[""rumble"", ""running-water"", ""slurp"", ""water""]",Sink with a nice sucking sound at the end.,,,,,,false,false,true,true,"duration,music_proxy"
603,https://freesound.org/people/plagasul/sounds/603/,golpe_metal_agudo.wav,plagasul,https://creativecommons.org/licenses/by/4.0/,0.0415873,44100.0,1,wav,"[""burst"", ""high"", ""short""]",Very short high burst,,,,,,false,false,true,true,"duration,music_proxy"
604,https://freesound.org/people/plagasul/sounds/604/,golpediro.wav,plagasul,https://creativecommons.org/licenses/by/4.0/,0.591134,44100.0,1,wav,"[""bass"", ""crackle"", ""low""]",Short low sound with some crackling at the end,,,,,,false,false,true,true,"duration,music_proxy"
605,https://freesound.org/people/plagasul/sounds/605/,golpeduro2.wav,plagasul,https://creativecommons.org/licenses/by/4.0/,0.343039,44100.0,1,wav,"[""bass"", ""crackle"", ""low"", ""short""]",Short low sound with some crackling,,,,,,false,false,true,true,"duration,music_proxy"
606,https://freesound.org/people/plagasul/sounds/606/,golpeduro3.wav,plagasul,https://creativecommons.org/licenses/by/4.0/,0.426667,44100.0,1,wav,"[""bottle"", ""lofi"", ""wine""]",Like opening a wine bottle but lofi,,,,,,false,false,true,true,"duration,music_proxy"
607,https://freesound.org/people/plagasul/sounds/607/,golpeduro4.wav,plagasul,https://creativecommons.org/licenses/by/4.0/,0.0209524,44100.0,1,wav,"[""click"", ""distorted"", ""short"", ""very-short""]","Very short low click, like distorted",,,,,,false,false,true,true,"duration,music_proxy"
608,https://freesound.org/people/plagasul/sounds/608/,guitarrafadein.wav,plagasul,https://creativecommons.org/licenses/by/4.0/,16.4397,44100.0,1,wav,"[""ambience"", ""fade-in"", ""guitar"", ""processed"", ""reverberated""]",Reverberated processed guitar fading in,,,,,,false,false,true,true,"duration,music_proxy"
609,https://freesound.org/people/plagasul/sounds/609/,libros.wav,plagasul,https://creativecommons.org/licenses/by/4.0/,2.84213,44100.0,1,wav,"[""book"", ""household"", ""pages""]",Passing pages of a book,,,,,,false,false,true,true,"duration,music_proxy"
610,https://freesound.org/people/plagasul/sounds/610/,libros2.wav,plagasul,https://creativecommons.org/licenses/by/4.0/,2.38132,44100.0,1,wav,"[""book"", ""household"", ""pages""]",Passing pages of a book,,,,,,false,false,true,true,"duration,music_proxy"
611,https://freesound.org/people/plagasul/sounds/611/,maxxbasswind.wav,plagasul,https://creativecommons.org/licenses/by/4.0/,1.26059,44100.0,1,wav,"[""burst"", ""distorted"", ""low"", ""reverberated"", ""short"", ""wind-like""]","Low distorted sound reverberated, like the wind hitting a Mic",,,,,,false,false,true,true,"duration,music_proxy"
612,https://freesound.org/people/tl/sounds/612/,feile1.wav,tl,http://creativecommons.org/licenses/by/3.0/,0.490522,44100.0,1,wav,"[""contact-microphone"", ""percussion""]",mono recording of a nail file on a table. made with a piezo contact microphone.,,,,,,false,false,true,true,"duration,music_proxy"
613,https://freesound.org/people/tl/sounds/613/,feile2.wav,tl,http://creativecommons.org/licenses/by/3.0/,0.58678,44100.0,1,wav,"[""contact-microphone"", ""percussion""]",mono recording of a nail file on a table. made with a piezo contact microphone.,,,,,,false,false,true,true,"duration,music_proxy"
614,https://freesound.org/people/tl/sounds/614/,feilenbass.wav,tl,http://creativecommons.org/licenses/by/3.0/,1.21188,44100.0,1,wav,"[""bass"", ""contact-microphone""]",mono recording of a nail file on a table. made with a piezo contact microphone.,,,,,,false,false,true,true,"duration,music_proxy"
615,https://freesound.org/people/Steven%20Phillips/sounds/615/,Grained-Cowbell-FXa.aif,Steven Phillips,https://creativecommons.org/licenses/by/4.0/,20.0,44100.0,2,aiff,"[""ambient"", ""cowbell"", ""fx"", ""grained""]",Design ambient grained cowbell effect.,,,,,,false,false,true,true,"duration,music_proxy"
616,https://freesound.org/people/Steven%20Phillips/sounds/616/,Grained-Cowbell-FXb.aif,Steven Phillips,https://creativecommons.org/licenses/by/4.0/,18.0,44100.0,2,aiff,"[""ambient"", ""cowbell"", ""fx"", ""grained""]",Design ambient grained cowbell effect.,,,,,,false,false,true,true,"duration,music_proxy"
624,https://freesound.org/people/memexikon/sounds/624/,duogourd.wav,memexikon,http://creativecommons.org/publicdomain/zero/1.0/,1.65655,22050.0,1,wav,"[""detuned"", ""gourd"", ""handmade"", ""invented-instrument"", ""strings""]","2 stringed gourd twang.  Recorded as 22khz
 sample in 1987.
One of the instruments as played by the FLOATING CONCRETE ORCHESTRA",,,,,,false,false,true,true,"duration,music_proxy"
625,https://freesound.org/people/memexikon/sounds/625/,duoshake.wav,memexikon,http://creativecommons.org/publicdomain/zero/1.0/,1.5185,22050.0,1,wav,"[""gourd"", ""handmade"", ""invented-instrument"", ""poing""]","Gourd guitar twang and a shake-shake. Recorded as 22khz
 sample in 1987.",,,,,,false,false,true,true,"duration,music_proxy"
626,https://freesound.org/people/memexikon/sounds/626/,gourdhorndada.wav,memexikon,http://creativecommons.org/publicdomain/zero/1.0/,2.43873,22050.0,1,wav,"[""gourd"", ""handmade"", ""invented-instrument""]","A gourd 
rackett
     announcing the overthrow of mindless conservatism. Recorded as 22khz
 sample in 1987.",,,,,,false,false,true,true,"duration,music_proxy"
627,https://freesound.org/people/memexikon/sounds/627/,gourdhornhigh.wav,memexikon,http://creativecommons.org/publicdomain/zero/1.0/,1.47247,22050.0,1,wav,"[""gourd"", ""handmade"", ""invented-instrument""]","High register 
skonk
     on gourdophone
. Recorded as 22khz
 sample in 1987.",,,,,,false,false,true,true,"duration,music_proxy"
628,https://freesound.org/people/memexikon/sounds/628/,gourdhornlow.wav,memexikon,http://creativecommons.org/publicdomain/zero/1.0/,2.32372,22050.0,1,wav,"[""gourd"", ""handmade"", ""invented-instrument""]","Forlorn Buddha drone on gourd bassoon. Recorded as 22khz
 sample in 1987.",,,,,,false,false,true,true,"duration,music_proxy"
629,https://freesound.org/people/memexikon/sounds/629/,gourdhornmedium.wav,memexikon,http://creativecommons.org/publicdomain/zero/1.0/,1.65655,22050.0,1,wav,"[""gourd"", ""handmade"", ""invented-instrument""]","
Gourdophone
     staccato triplet. Recorded as 22khz
 sample in 1987.",,,,,,false,false,true,true,"duration,music_proxy"
630,https://freesound.org/people/memexikon/sounds/630/,gourdhornrasp.wav,memexikon,http://creativecommons.org/publicdomain/zero/1.0/,2.9449,22050.0,1,wav,"[""gourd"", ""handmade"", ""invented-instrument""]","Agourd
 noise ripping 
thru
     material attachments. Recorded as 22khz
 sample in 1987.",,,,,,false,false,true,true,"duration,music_proxy"
631,https://freesound.org/people/memexikon/sounds/631/,gourdhorntremolo.wav,memexikon,http://creativecommons.org/publicdomain/zero/1.0/,2.66304,22050.0,1,wav,"[""gourd"", ""handmade"", ""invented-instrument""]","Nebulous horn chant on gourdophone
. Recorded as 22khz
 sample in 1987.",,,,,,false,false,true,true,"duration,music_proxy"
632,https://freesound.org/people/memexikon/sounds/632/,indoindo.wav,memexikon,http://creativecommons.org/publicdomain/zero/1.0/,1.28844,22050.0,1,wav,"[""gourd"", ""handmade"", ""invented-instrument""]","Intoning a hollowed gourd without a mouthpiece. Recorded as 22khz
 sample in 1987.",,,,,,false,false,true,true,"duration,music_proxy"
633,https://freesound.org/people/memexikon/sounds/633/,kotoboxdiddle.wav,memexikon,http://creativecommons.org/publicdomain/zero/1.0/,1.56449,22050.0,1,wav,"[""gourd"", ""handmade"", ""invented-instrument"", ""koto"", ""percussion""]","Koto
 percussion. Recorded as 22khz
 sample in 1987.",,,,,,false,false,true,true,"duration,music_proxy"
634,https://freesound.org/people/memexikon/sounds/634/,kotoboxflivver.wav,memexikon,http://creativecommons.org/publicdomain/zero/1.0/,1.21941,22050.0,1,wav,"[""gourd"", ""handmade"", ""invented-instrument""]","Koto
 prepared with chopsticks. Recorded as 22khz
 sample in 1987.",,,,,,false,false,true,true,"duration,music_proxy"
635,https://freesound.org/people/memexikon/sounds/635/,kotoboxspeeded.wav,memexikon,http://creativecommons.org/publicdomain/zero/1.0/,2.68549,22050.0,1,wav,"[""gourd"", ""handmade"", ""invented-instrument""]","
Koto
     prepared with chopsticks cut time. Recorded as 22khz
 sample in 1987.",,,,,,false,false,true,true,"duration,music_proxy"
636,https://freesound.org/people/memexikon/sounds/636/,lockjawnet.wav,memexikon,http://creativecommons.org/publicdomain/zero/1.0/,2.50776,22050.0,1,wav,"[""clarinet"", ""detuned"", ""gourd"", ""handmade"", ""invented-instrument""]","Double clarinet at the very 
begining
     of an improvisation. Recorded as 22khz
 sample in 1987.",,,,,,false,false,true,true,"duration,music_proxy"
637,https://freesound.org/people/memexikon/sounds/637/,lockjawneta.wav,memexikon,http://creativecommons.org/publicdomain/zero/1.0/,2.38122,22050.0,1,wav,"[""clarinet"", ""gourd"", ""handmade"", ""horn"", ""invented-instrument"", ""lofi""]","Double clarinet playing A on both horns. Recorded as 22khz
 sample in 1987.",,,,,,false,false,true,true,"duration,music_proxy"
638,https://freesound.org/people/memexikon/sounds/638/,lockjawnetb.wav,memexikon,http://creativecommons.org/publicdomain/zero/1.0/,2.76082,22050.0,1,wav,"[""clarinet"", ""detuned"", ""gourd"", ""handmade"", ""invented-instrument""]","Double clarinet playing B on both horns. Recorded as 22khz
 sample in 1987.",,,,,,false,false,true,true,"duration,music_proxy"
639,https://freesound.org/people/memexikon/sounds/639/,lockjawnetf.wav,memexikon,http://creativecommons.org/publicdomain/zero/1.0/,1.9556,22050.0,1,wav,"[""clarinet"", ""gourd"", ""handmade"", ""horn"", ""invented-instrument""]","Double clarinet playing F on both horns. Recorded as 22khz
 sample in 1987.",,,,,,false,false,true,true,"duration,music_proxy"
640,https://freesound.org/people/memexikon/sounds/640/,shekehit.wav,memexikon,http://creativecommons.org/publicdomain/zero/1.0/,1.70249,22050.0,1,wav,"[""gourd"", ""handmade"", ""invented-instrument"", ""shaker""]","Hitting a shekere
 with the palm of hand.  Recorded as 22khz
 sample in 1987.",,,,,,false,false,true,true,"duration,music_proxy"
641,https://freesound.org/people/memexikon/sounds/641/,shekere.wav,memexikon,http://creativecommons.org/publicdomain/zero/1.0/,0.920317,22050.0,1,wav,"[""gourd"", ""handmade"", ""invented-instrument"", ""shaker""]","shaking a shekere
",,,,,,false,false,true,true,"duration,music_proxy"
642,https://freesound.org/people/memexikon/sounds/642/,shekerefidget.wav,memexikon,http://creativecommons.org/publicdomain/zero/1.0/,1.97859,22050.0,1,wav,"[""gourd"", ""handmade"", ""invented-instrument"", ""shaker""]","half rotation and back again shekere
",,,,,,false,false,true,true,"duration,music_proxy"
643,https://freesound.org/people/memexikon/sounds/643/,shekerotate.wav,memexikon,http://creativecommons.org/publicdomain/zero/1.0/,1.16971,22050.0,1,wav,"[""gourd"", ""ground"", ""handmade"", ""invented-instrument"", ""shaker""]","Repeated fast half rotation and back again shekere
. Recorded as 22khz
 sample in 1987.",,,,,,false,false,true,true,"duration,music_proxy"
644,https://freesound.org/people/memexikon/sounds/644/,smshekehit.wav,memexikon,http://creativecommons.org/publicdomain/zero/1.0/,1.5185,22050.0,1,wav,"[""drum"", ""gourd"", ""handmade"", ""invented-instrument"", ""shaker""]","Small 
shekere
     hit with palm, a bit of 
reverb
     coming from the gourd. Recorded as 22khz
 sample in 1987.",,,,,,false,false,true,true,"duration,music_proxy"
645,https://freesound.org/people/memexikon/sounds/645/,smshekere.wav,memexikon,http://creativecommons.org/publicdomain/zero/1.0/,1.28844,22050.0,1,wav,"[""gourd"", ""handmade"", ""invented-instrument"", ""shaker""]","4 shakes of a small 
shekere
     with a higher pitch. Recorded as 22khz
 sample in 1987.",,,,,,false,false,true,true,"duration,music_proxy"
646,https://freesound.org/people/memexikon/sounds/646/,tetrabend.wav,memexikon,http://creativecommons.org/publicdomain/zero/1.0/,1.84054,22050.0,1,wav,"[""gourd"", ""handmade"", ""invented-instrument"", ""pluck"", ""string""]","Bending bending a sting on a tetragourd. Recorded as 22khz
 sample in 1987.",,,,,,false,false,true,true,"duration,music_proxy"
647,https://freesound.org/people/memexikon/sounds/647/,tetragourd.wav,memexikon,http://creativecommons.org/publicdomain/zero/1.0/,3.58902,22050.0,1,wav,"[""gourd"", ""handmade"", ""invented-instrument"", ""pluck"", ""string""]","Long slow plucked 
wah
    -
wah
     on tetragourd. Recorded as 22khz
 sample in 1987.",,,,,,false,false,true,true,"duration,music_proxy"
648,https://freesound.org/people/memexikon/sounds/648/,tetrapluck.wav,memexikon,http://creativecommons.org/publicdomain/zero/1.0/,0.920317,22050.0,1,wav,"[""gourd"", ""handmade"", ""invented-instrument"", ""strings""]","Doublestop plucking on tetragourd. Recorded as 22khz
 sample in 1987.",,,,,,false,false,true,true,"duration,music_proxy"
688,https://freesound.org/people/memexikon/sounds/688/,beknuk.wav,memexikon,http://creativecommons.org/publicdomain/zero/1.0/,1.61052,22050.0,1,wav,"[""dumbek"", ""flange"", ""percussion""]","Dumbek
 sample processed thru
 flange.  Recorded at 22khz
 direct to computer in 1989.",,,,,,false,false,true,true,"duration,music_proxy"
689,https://freesound.org/people/memexikon/sounds/689/,gourdharp.wav,memexikon,http://creativecommons.org/publicdomain/zero/1.0/,2.21442,22050.0,1,wav,"[""gourd"", ""homemade"", ""invented-instrument"", ""strings""]","Short twangy melody on 2 string gourd. Recorded at 22khz
 direct to computer in 1989.",,,,,,false,false,true,true,"duration,music_proxy"
690,https://freesound.org/people/memexikon/sounds/690/,hammer.wav,memexikon,http://creativecommons.org/publicdomain/zero/1.0/,1.37905,22050.0,1,wav,"[""percussion"", ""processed"", ""shake"", ""sistrum""]","Short jack-hammer percussive playing of a handmade sistrum
. Recorded at 22khz
 direct to computer in 1989.",,,,,,false,false,true,true,"duration,music_proxy"
691,https://freesound.org/people/memexikon/sounds/691/,jawharp.wav,memexikon,http://creativecommons.org/publicdomain/zero/1.0/,3.54304,22050.0,1,wav,"[""boing"", ""jawharp""]","Slow idiomatic jawharp sound. Recorded at 22khz
 direct to computer in 1989.",,,,,,false,false,true,true,"duration,music_proxy"
692,https://freesound.org/people/memexikon/sounds/692/,likembe.wav,memexikon,http://creativecommons.org/publicdomain/zero/1.0/,1.50698,22050.0,1,wav,"[""mbira"", ""tanzania""]","This mbira
 (thumb piano) was a really crude one made for tourists.  I believe it was from Tanzania.  I remember that it had thin cut nails for tines. Recorded at 22khz
 direct to computer in 1989.",,,,,,false,false,true,true,"duration,music_proxy"
693,https://freesound.org/people/memexikon/sounds/693/,moonlute.wav,memexikon,http://creativecommons.org/publicdomain/zero/1.0/,2.23741,22050.0,1,wav,"[""chinese-musical-instrument"", ""moon-lute"", ""strings""]","A tourist version of a moonlute, with classical guitar nylon strings.  5 note improv
.  Recorded at 22khz
 direct to computer in 1989.",,,,,,false,false,true,true,"duration,music_proxy"
694,https://freesound.org/people/memexikon/sounds/694/,nailviolin.wav,memexikon,http://creativecommons.org/publicdomain/zero/1.0/,1.35746,22050.0,1,wav,"[""bowed"", ""handmade"", ""invented-instrument""]","A nail violin made from a gourd with 16 penny spike coming out of a soundboard.  These are bowed with a violin bow. Recorded at 22khz
 direct to computer in 1989.",,,,,,false,false,true,true,"duration,music_proxy"
695,https://freesound.org/people/memexikon/sounds/695/,ocarina.wav,memexikon,http://creativecommons.org/publicdomain/zero/1.0/,3.01279,22050.0,1,wav,"[""whistle"", ""wind""]","This sample appears to be misnamed. I believe it is a wooden trainwhistle with 3 sound columns so that it can play a chord. Recorded at 22khz
 direct to computer in 1989.",,,,,,false,false,true,true,"duration,music_proxy"
696,https://freesound.org/people/memexikon/sounds/696/,panpipes.wav,memexikon,http://creativecommons.org/publicdomain/zero/1.0/,1.88227,22050.0,1,wav,"[""panpipes"", ""wind""]","A wooden rather than bamboo panpipe.  A short flourish of notes. Recorded at 22khz
 direct to computer in 1989.",,,,,,false,false,true,true,"duration,music_proxy"
697,https://freesound.org/people/memexikon/sounds/697/,snakecharmer.wav,memexikon,http://creativecommons.org/publicdomain/zero/1.0/,2.25397,22050.0,1,wav,"[""hysteric"", ""indian-music-instrument"", ""wind""]","A tourist model of a indian
 snakecharmer. Not played in traditional way.  The last note has a computer processed downward glissando. Recorded at 22khz
 direct to computer in 1989.",,,,,,false,false,true,true,"duration,music_proxy"
698,https://freesound.org/people/memexikon/sounds/698/,trainwhistle.wav,memexikon,http://creativecommons.org/publicdomain/zero/1.0/,1.42073,22050.0,1,wav,"[""trainwhistle"", ""wind""]","Traditional trainwhistle sound.  Recorded at 22khz
 direct to computer in 1989.",,,,,,false,false,true,true,"duration,music_proxy"
699,https://freesound.org/people/memexikon/sounds/699/,sistrum.wav,memexikon,http://creativecommons.org/publicdomain/zero/1.0/,0.591746,22050.0,1,wav,"[""rattle"", ""shake"", ""sistrum""]","Simple rattle sound. Recorded at 22khz
 direct to computer in 1989.",,,,,,false,false,true,true,"duration,music_proxy"
716,https://freesound.org/people/f_tts/sounds/716/,ulver001.wav,f_tts,http://creativecommons.org/licenses/sampling+/1.0/,6.27113,44100.0,2,wav,"[""ambiance"", ""ambient"", ""clicks"", ""dark"", ""drone"", ""noisy""]",processed acoustics,,,,,,false,false,true,true,"duration,music_proxy"
717,https://freesound.org/people/f_tts/sounds/717/,Untitled01.wav,f_tts,http://creativecommons.org/licenses/sampling+/1.0/,12.1673,44100.0,2,wav,"[""clicks"", ""resonant""]",granular clicks,,,,,,false,false,true,true,"duration,music_proxy"
718,https://freesound.org/people/f_tts/sounds/718/,Untitled00.wav,f_tts,http://creativecommons.org/licenses/sampling+/1.0/,18.4616,44100.0,2,wav,"[""drone"", ""noisy""]",ethereal drone,,,,,,false,false,true,true,"duration,music_proxy"
751,https://freesound.org/people/elmomo/sounds/751/,SynthReverse.mp3,elmomo,https://creativecommons.org/licenses/by/4.0/,8.45168,44100.0,2,mp3,"[""cold"", ""pad"", ""reverse"", ""synth""]",dark and cold,,,,,,false,false,true,true,"duration,music_proxy"
784,https://freesound.org/people/ultratone/sounds/784/,110bpm mashed drums.aif,ultratone,http://creativecommons.org/licenses/sampling+/1.0/,8.72728,44100.0,2,aiff,"[""beat"", ""harmonic"", ""loop"", ""musical"", ""vocoded""]",four bar loop of a beat i made run through a vocoder triggered by a bass line and chords,,,,,,false,false,true,true,"duration,music_proxy"
785,https://freesound.org/people/Steven%20Phillips/sounds/785/,00.aiff,Steven Phillips,https://creativecommons.org/licenses/by/4.0/,1.15664,44100.0,2,aiff,"[""count"", ""female"", ""figure"", ""number"", ""stereo"", ""vocoder"", ""voices""]","stereo vocoder femal
 voices",,,,,,false,false,true,true,"duration,music_proxy"
786,https://freesound.org/people/Steven%20Phillips/sounds/786/,01.aiff,Steven Phillips,https://creativecommons.org/licenses/by/4.0/,1.07029,44100.0,2,aiff,"[""count"", ""female"", ""figure"", ""number"", ""stereo"", ""vocoder"", ""voices""]","stereo vocoder femal
 voices",,,,,,false,false,true,true,"duration,music_proxy"
787,https://freesound.org/people/Steven%20Phillips/sounds/787/,02.aiff,Steven Phillips,https://creativecommons.org/licenses/by/4.0/,1.01515,44100.0,2,aiff,"[""count"", ""female"", ""figure"", ""number"", ""stereo"", ""vocoder"", ""voices""]","stereo vocoder femal
 voices",,,,,,false,false,true,true,"duration,music_proxy"
788,https://freesound.org/people/Steven%20Phillips/sounds/788/,03.aiff,Steven Phillips,https://creativecommons.org/licenses/by/4.0/,1.09932,44100.0,2,aiff,"[""count"", ""female"", ""figure"", ""number"", ""stereo"", ""vocoder"", ""voices""]","stereo vocoder femal
 voices",,,,,,false,false,true,true,"duration,music_proxy"
789,https://freesound.org/people/Steven%20Phillips/sounds/789/,04.aiff,Steven Phillips,https://creativecommons.org/licenses/by/4.0/,1.14286,44100.0,2,aiff,"[""count"", ""female"", ""figure"", ""number"", ""stereo"", ""vocoder"", ""voices""]","stereo vocoder femal
 voices",,,,,,false,false,true,true,"duration,music_proxy"
790,https://freesound.org/people/Steven%20Phillips/sounds/790/,05.aiff,Steven Phillips,https://creativecommons.org/licenses/by/4.0/,1.23429,44100.0,2,aiff,"[""count"", ""female"", ""figure"", ""number"", ""stereo"", ""vocoder"", ""voices""]","stereo vocoder femal
 voices",,,,,,false,false,true,true,"duration,music_proxy"
791,https://freesound.org/people/Steven%20Phillips/sounds/791/,06.aiff,Steven Phillips,https://creativecommons.org/licenses/by/4.0/,1.2829,44100.0,2,aiff,"[""count"", ""female"", ""figure"", ""number"", ""stereo"", ""vocoder"", ""voices""]","stereo vocoder femal
 voices",,,,,,false,false,true,true,"duration,music_proxy"
792,https://freesound.org/people/Steven%20Phillips/sounds/792/,07.aiff,Steven Phillips,https://creativecommons.org/licenses/by/4.0/,1.24009,44100.0,2,aiff,"[""count"", ""female"", ""figure"", ""number"", ""stereo"", ""vocoder"", ""voices""]","stereo vocoder femal
 voices",,,,,,false,false,true,true,"duration,music_proxy"
793,https://freesound.org/people/Steven%20Phillips/sounds/793/,08.aiff,Steven Phillips,https://creativecommons.org/licenses/by/4.0/,1.04272,44100.0,2,aiff,"[""count"", ""female"", ""figure"", ""number"", ""stereo"", ""vocoder"", ""voices""]","stereo vocoder femal
 voices",,,,,,false,false,true,true,"duration,music_proxy"
794,https://freesound.org/people/Steven%20Phillips/sounds/794/,09.aiff,Steven Phillips,https://creativecommons.org/licenses/by/4.0/,1.25025,44100.0,2,aiff,"[""count"", ""female"", ""figure"", ""number"", ""stereo"", ""vocoder"", ""voices""]","stereo vocoder femal
 voices",,,,,,false,false,true,true,"duration,music_proxy"
795,https://freesound.org/people/Steven%20Phillips/sounds/795/,10.aiff,Steven Phillips,https://creativecommons.org/licenses/by/4.0/,1.14213,44100.0,2,aiff,"[""count"", ""female"", ""figure"", ""number"", ""stereo"", ""vocoder"", ""voices""]","stereo vocoder femal
 voices",,,,,,false,false,true,true,"duration,music_proxy"
801,https://freesound.org/people/bdu/sounds/801/,CloseHat.aif,bdu,http://creativecommons.org/publicdomain/zero/1.0/,0.352834,44100.0,1,aiff,"[""ch"", ""closed"", ""hat"", ""hi"", ""hihat"", ""roland"", ""tr""]",closed hihat from the fdiskc.com tr606 sample set,,,,,,false,false,true,true,"duration,music_proxy"
802,https://freesound.org/people/bdu/sounds/802/,CloseHatAC.aif,bdu,http://creativecommons.org/publicdomain/zero/1.0/,0.240181,44100.0,1,aiff,"[""accent"", ""ch"", ""closed"", ""hat"", ""hi"", ""hihat"", ""roland"", ""tr""]",closed hi hat accented from the fdiskc.com tr606 sample set,,,,,,false,false,true,true,"duration,music_proxy"
803,https://freesound.org/people/bdu/sounds/803/,Cymbal.aif,bdu,http://creativecommons.org/publicdomain/zero/1.0/,1.65011,44100.0,1,aiff,"[""cy"", ""cymbal"", ""roland"", ""tr""]",cymbal from the fdiskc.com tr606 sample set,,,,,,false,false,true,true,"duration,music_proxy"
804,https://freesound.org/people/bdu/sounds/804/,CymbalAC.aif,bdu,http://creativecommons.org/publicdomain/zero/1.0/,3.33444,44100.0,1,aiff,"[""accent"", ""cy"", ""cymbal"", ""roland"", ""tr""]",cymbal accented from the fdiskc.com tr606 sample set,,,,,,false,false,true,true,"duration,music_proxy"
805,https://freesound.org/people/bdu/sounds/805/,HighTom.aif,bdu,http://creativecommons.org/publicdomain/zero/1.0/,0.30551,44100.0,1,aiff,"[""high"", ""ht"", ""roland"", ""tom"", ""tr""]",high tom from the fdiskc.com tr606 sample set,,,,,,false,false,true,true,"duration,music_proxy"
806,https://freesound.org/people/bdu/sounds/806/,HighTomAC.aif,bdu,http://creativecommons.org/publicdomain/zero/1.0/,0.420816,44100.0,1,aiff,"[""accent"", ""high"", ""ht"", ""roland"", ""tom"", ""tr""]",high tom accented from the fdiskc.com tr606 sample set,,,,,,false,false,true,true,"duration,music_proxy"
807,https://freesound.org/people/bdu/sounds/807/,Kick.aif,bdu,http://creativecommons.org/publicdomain/zero/1.0/,0.203107,44100.0,1,aiff,"[""bass"", ""bd"", ""drum"", ""kick"", ""roland"", ""tr""]",kick drum bd from the fdiskc.com tr606 sample set,,,,,,false,false,true,true,"duration,music_proxy"
808,https://freesound.org/people/bdu/sounds/808/,KickAC.aif,bdu,http://creativecommons.org/publicdomain/zero/1.0/,0.201406,44100.0,1,aiff,"[""accent"", ""bass"", ""bd"", ""drum"", ""kick"", ""roland"", ""tr""]",kick drum bd accented from the fdiskc.com tr606 sample set,,,,,,false,false,true,true,"duration,music_proxy"
809,https://freesound.org/people/bdu/sounds/809/,LowTom.aif,bdu,http://creativecommons.org/publicdomain/zero/1.0/,0.500612,44100.0,1,aiff,"[""low"", ""lt"", ""roland"", ""tom"", ""tr""]",low tom from the fdiskc.com tr606 sample set,,,,,,false,false,true,true,"duration,music_proxy"
810,https://freesound.org/people/bdu/sounds/810/,LowTomAC.aif,bdu,http://creativecommons.org/publicdomain/zero/1.0/,0.392971,44100.0,1,aiff,"[""accent"", ""low"", ""lt"", ""roland"", ""tom"", ""tr""]",low tom accented from the fdiskc.com tr606 sample set,,,,,,false,false,true,true,"duration,music_proxy"
811,https://freesound.org/people/bdu/sounds/811/,OpenAndCloseHat.aif,bdu,http://creativecommons.org/publicdomain/zero/1.0/,0.500181,44100.0,1,aiff,"[""closed"", ""hat"", ""hi"", ""hihat"", ""och"", ""open"", ""roland"", ""tr""]",open and closed hihat from the fdiskc.com tr606 sample set.this is the sound you get if you trigger both on the same step (often missed by many sampling sessions),,,,,,false,false,true,true,"duration,music_proxy"
812,https://freesound.org/people/bdu/sounds/812/,OpenAndCloseHatAC.aif,bdu,http://creativecommons.org/publicdomain/zero/1.0/,0.671587,44100.0,1,aiff,"[""accent"", ""closed"", ""hat"", ""hi"", ""hihat"", ""och"", ""open"", ""roland"", ""tr""]",open and closed hihat accented from the fdiskc.com tr606 sample set.this is the sound you get if you trigger both on the same step (often missed by many sampling sessions),,,,,,false,false,true,true,"duration,music_proxy"
813,https://freesound.org/people/bdu/sounds/813/,OpenHat.aif,bdu,http://creativecommons.org/publicdomain/zero/1.0/,0.912834,44100.0,1,aiff,"[""hat"", ""hi"", ""hihat"", ""oh"", ""open"", ""roland"", ""tr""]",open hihat from the fdiskc.com tr606 sample set,,,,,,false,false,true,true,"duration,music_proxy"
814,https://freesound.org/people/bdu/sounds/814/,OpenHatAC.aif,bdu,http://creativecommons.org/publicdomain/zero/1.0/,1.43093,44100.0,1,aiff,"[""accent"", ""hat"", ""hi"", ""hihat"", ""oh"", ""open"", ""roland"", ""tr""]",open hihat accented from the fdiskc.com tr606 sample set,,,,,,false,false,true,true,"duration,music_proxy"
815,https://freesound.org/people/bdu/sounds/815/,Snare.aif,bdu,http://creativecommons.org/publicdomain/zero/1.0/,0.14449,44100.0,1,aiff,"[""roland"", ""sd"", ""snare"", ""tr""]",snare drum from the fdiskc.com tr606 sample set,,,,,,false,false,true,true,"duration,music_proxy"
816,https://freesound.org/people/bdu/sounds/816/,SnareAC.aif,bdu,http://creativecommons.org/publicdomain/zero/1.0/,0.25932,44100.0,1,aiff,"[""accent"", ""roland"", ""sd"", ""snare"", ""tr""]",snare drum accented from the fdiskc.com tr606 sample set,,,,,,false,false,true,true,"duration,music_proxy"
852,https://freesound.org/people/sleep/sounds/852/,BITCRSHDGTR  2.wav,sleep,http://creativecommons.org/licenses/sampling+/1.0/,1.08626,44100.0,1,wav,"[""distortion"", ""downsample"", ""guitar"", ""lo-fi"", ""processed""]",Distorted guitar with significant downsampling,,,,,,false,false,true,true,"duration,music_proxy"
855,https://freesound.org/people/sleep/sounds/855/,rise 4.wav,sleep,http://creativecommons.org/licenses/sampling+/1.0/,1.58748,44100.0,2,wav,"[""filter"", ""grind"", ""sweep""]",grindy filtery sweep sound made on an akai MPC4000,,,,,,false,false,true,true,"duration,music_proxy"
856,https://freesound.org/people/sleep/sounds/856/,rise3.wav,sleep,http://creativecommons.org/licenses/sampling+/1.0/,1.15057,44100.0,2,wav,"[""filter"", ""grind"", ""sweep""]",Filtered grindy sweep (faster).,,,,,,false,false,true,true,"duration,music_proxy"
858,https://freesound.org/people/sleep/sounds/858/,yeh.wav,sleep,http://creativecommons.org/licenses/sampling+/1.0/,0.191315,44100.0,1,wav,"[""casio-rz"", ""lo-fi"", ""muffled"", ""sample"", ""speech""]","Some guy saying ""yeh""  sampled via a Casion RZ-1 drum machine",,,,,,false,false,true,true,"duration,music_proxy"
859,https://freesound.org/people/memexikon/sounds/859/,soma.aiff,memexikon,http://creativecommons.org/publicdomain/zero/1.0/,3.16952,11025.0,1,aiff,"[""speech"", ""spoken-word"", ""voice""]",Single sentence Hakim Bey quote about soma.  Recorded on Sony Walkman Pro 1992.,,,,,,false,false,true,true,"duration,music_proxy"
860,https://freesound.org/people/memexikon/sounds/860/,somaplant.aif,memexikon,http://creativecommons.org/publicdomain/zero/1.0/,4.69143,11025.0,1,aiff,"[""speech"", ""spoken-word"", ""voice""]",Single sentence Hakim Bey quote about soma.  Recorded on Sony Walkman Pro 1992.,,,,,,false,false,true,true,"duration,music_proxy"
861,https://freesound.org/people/memexikon/sounds/861/,belltower.aif,memexikon,http://creativecommons.org/publicdomain/zero/1.0/,6.40726,11025.0,1,aiff,"[""chords"", ""keyboard""]","Devil's tritone
 played as a series of rising chords.  The keyboard is a DX
7. Abrupt ending of sample.",,,,,,false,false,true,true,"duration,music_proxy"
862,https://freesound.org/people/memexikon/sounds/862/,cacaw.aif,memexikon,http://creativecommons.org/publicdomain/zero/1.0/,1.46703,11025.0,1,aiff,"[""bird"", ""laughter"", ""processed""]",A live sample of a parrot processed to sound like a blip of laughter.,,,,,,false,false,true,true,"duration,music_proxy"
863,https://freesound.org/people/memexikon/sounds/863/,dinner.aif,memexikon,http://creativecommons.org/publicdomain/zero/1.0/,3.45977,11025.0,1,aiff,"[""animal"", ""growl"", ""horror"", ""monster"", ""processed"", ""voice""]",A voice sample slowed down to sound like the growl of a lion.,,,,,,false,false,true,true,"duration,music_proxy"
864,https://freesound.org/people/sleep/sounds/864/,arpeggiated parker.wav,sleep,http://creativecommons.org/licenses/sampling+/1.0/,4.36887,44100.0,1,wav,"[""arpeggio"", ""fingerpick"", ""guitar"", ""piezo""]",Arpeggiated chords on a parker fly using the piezo pickup,,,,,,false,false,true,true,"duration,music_proxy"
865,https://freesound.org/people/sleep/sounds/865/,distorted_guitarloop1.wav,sleep,http://creativecommons.org/licenses/sampling+/1.0/,7.81297,44100.0,1,wav,"[""distortion"", ""fuzz"", ""guitar"", ""loop""]",Distorted guitar loop (lead pickup on a parker fly).,,,,,,false,false,true,true,"duration,music_proxy"
866,https://freesound.org/people/sleep/sounds/866/,distorted_guitarloop2.wav,sleep,http://creativecommons.org/licenses/sampling+/1.0/,10.0,44100.0,1,wav,"[""distortion"", ""fuzz"", ""guitar"", ""loop""]",Distorted guitar loop (lead pickup on a parker fly).,,,,,,false,false,true,true,"duration,music_proxy"
867,https://freesound.org/people/sleep/sounds/867/,filt_guitar_rise.wav,sleep,http://creativecommons.org/licenses/sampling+/1.0/,6.07134,44100.0,2,wav,"[""ascending"", ""bend"", ""distortion"", ""filter"", ""guitar""]","Filtered, ascending guitar bend recorded on an MPC-4000 using a Parker Fly and a Line-6 POD.",,,,,,false,false,true,true,"duration,music_proxy"
868,https://freesound.org/people/sleep/sounds/868/,parker_fly_strum.wav,sleep,http://creativecommons.org/licenses/sampling+/1.0/,4.23045,44100.0,1,wav,"[""chord"", ""guitar"", ""piezo"", ""progression"", ""strum""]",Strummed chord progression using the piezo pickup of a parker fly,,,,,,false,false,true,true,"duration,music_proxy"
869,https://freesound.org/people/sleep/sounds/869/,parker_fly_strum2.wav,sleep,http://creativecommons.org/licenses/sampling+/1.0/,8.04975,44100.0,1,wav,"[""chord"", ""guitar"", ""piezo"", ""progression"", ""strum""]",Strummed chord progression using the piezo pickup of a parker fly,,,,,,false,false,true,true,"duration,music_proxy"
870,https://freesound.org/people/kolanos/sounds/870/,dreary.wav,kolanos,http://creativecommons.org/licenses/sampling+/1.0/,14.9271,44100.0,2,wav,"[""guitar"", ""riff"", ""slow""]","five part melancholy guitar riff, untouched",,,,,,false,false,true,true,"duration,music_proxy"
872,https://freesound.org/people/kotatsu/sounds/872/,beats_123bpm.aif,kotatsu,http://creativecommons.org/licenses/by/3.0/,13.6585,44100.0,2,aiff,"[""beats"", ""electronic""]","make music this beats
processed beat loop",,,,,,false,false,true,true,"duration,music_proxy"
873,https://freesound.org/people/kotatsu/sounds/873/,navobeet2.aif,kotatsu,http://creativecommons.org/licenses/by/3.0/,4.02438,44100.0,2,aiff,"[""beats"", ""japan""]","good!
noisy processed beat loop.",,,,,,false,false,true,true,"duration,music_proxy"
874,https://freesound.org/people/kotatsu/sounds/874/,afiss.wav,kotatsu,http://creativecommons.org/licenses/by/3.0/,9.6,44100.0,2,wav,"[""beats"", ""electronic"", ""japan""]","Join this:-)
processed beat from japan.",,,,,,false,false,true,true,"duration,music_proxy"
875,https://freesound.org/people/kotatsu/sounds/875/,asunaroo.wav,kotatsu,http://creativecommons.org/licenses/by/3.0/,2.84814,44100.0,2,wav,"[""beats"", ""electronic"", ""japan""]","Join this:-)
like a RAW data header file. noise",,,,,,false,false,true,true,"duration,music_proxy"
876,https://freesound.org/people/kotatsu/sounds/876/,eeonneeo.wav,kotatsu,http://creativecommons.org/licenses/by/3.0/,10.6667,44100.0,2,wav,"[""beats"", ""voice""]","it's funky:-)
Processed beat loop with voice",,,,,,false,false,true,true,"duration,music_proxy"
903,https://freesound.org/people/sleep/sounds/903/,weird_loop_1.WAV,sleep,http://creativecommons.org/licenses/sampling+/1.0/,3.29213,44100.0,2,wav,"[""drum"", ""electro"", ""loop"", ""synth"", ""techno""]",approx. 190 bpm electronic drum loop created on an MPC1000,,,,,,false,false,true,true,"duration,music_proxy"
904,https://freesound.org/people/sleep/sounds/904/,weird_loop_2.WAV,sleep,http://creativecommons.org/licenses/sampling+/1.0/,3.51807,44100.0,2,wav,"[""drum"", ""electro"", ""loop"", ""synth"", ""techno""]",approx. 190 bpm electronic drum loop created on an MPC1000 with muted chromatic synth lead,,,,,,false,false,true,true,"duration,music_proxy"
905,https://freesound.org/people/sleep/sounds/905/,weird_loop_3.WAV,sleep,http://creativecommons.org/licenses/sampling+/1.0/,3.6371,44100.0,2,wav,"[""drum"", ""electro"", ""loop"", ""synth"", ""techno""]",approx. 190 bpm electronic drum loop created on an MPC1000 with chromatic synth lead ver. 2,,,,,,false,false,true,true,"duration,music_proxy"
906,https://freesound.org/people/sleep/sounds/906/,weird_loop_5.WAV,sleep,http://creativecommons.org/licenses/sampling+/1.0/,3.56705,44100.0,2,wav,"[""drum"", ""electro"", ""loop"", ""synth"", ""techno""]",approx. 190 bpm electronic drum loop created on an MPC1000,,,,,,false,false,true,true,"duration,music_proxy"
907,https://freesound.org/people/sleep/sounds/907/,weird_loop_6.WAV,sleep,http://creativecommons.org/licenses/sampling+/1.0/,3.09417,44100.0,2,wav,"[""drum"", ""electro"", ""loop"", ""synth"", ""techno""]",approx. 190 bpm electronic drum loop created on an MPC1000 with LFO modulated chromatic synth lead ver 2,,,,,,false,false,true,true,"duration,music_proxy"
908,https://freesound.org/people/sleep/sounds/908/,parker_piezo_a.wav,sleep,http://creativecommons.org/licenses/sampling+/1.0/,7.01823,44100.0,1,wav,"[""acoustic"", ""guitar"", ""piezo"", ""string""]","""A"" string from the piezo pickup of a parker fly recorded into an MPC4k",,,,,,false,false,true,true,"duration,music_proxy"
909,https://freesound.org/people/sleep/sounds/909/,parker_piezo_b.wav,sleep,http://creativecommons.org/licenses/sampling+/1.0/,6.14168,44100.0,1,wav,"[""acoustic"", ""guitar"", ""piezo"", ""string""]","""B"" string from the piezo pickup of a parker fly recorded into an MPC4k",,,,,,false,false,true,true,"duration,music_proxy"
910,https://freesound.org/people/sleep/sounds/910/,parker_piezo_d.wav,sleep,http://creativecommons.org/licenses/sampling+/1.0/,8.98612,44100.0,2,wav,"[""acoustic"", ""guitar"", ""piezo"", ""string""]","""D"" string from the piezo pickup of a parker fly recorded into an MPC4k. Neds to be normalized/re-recorded.",,,,,,false,false,true,true,"duration,music_proxy"
911,https://freesound.org/people/sleep/sounds/911/,parker_piezo_d1.wav,sleep,http://creativecommons.org/licenses/sampling+/1.0/,7.58712,44100.0,1,wav,"[""acoustic"", ""guitar"", ""piezo"", ""string""]","Low ""D"" string from the piezo pickup of a parker fly recorded into an MPC4k",,,,,,false,false,true,true,"duration,music_proxy"
912,https://freesound.org/people/sleep/sounds/912/,parker_piezo_e.wav,sleep,http://creativecommons.org/licenses/sampling+/1.0/,5.08517,44100.0,1,wav,"[""acoustic"", ""guitar"", ""piezo"", ""string""]","High ""E"" string from the piezo pickup of a parker fly recorded into an MPC4k",,,,,,false,false,true,true,"duration,music_proxy"
913,https://freesound.org/people/sleep/sounds/913/,parker_piezo_g.wav,sleep,http://creativecommons.org/licenses/sampling+/1.0/,8.2663,44100.0,1,wav,"[""acoustic"", ""guitar"", ""piezo"", ""string""]","""G"" string from the piezo pickup of a parker fly recorded into an MPC4k",,,,,,false,false,true,true,"duration,music_proxy"
919,https://freesound.org/people/sleep/sounds/919/,PTXBAS~3.WAV,sleep,http://creativecommons.org/licenses/sampling+/1.0/,6.21751,22050.0,1,wav,"[""bass"", ""drum"", ""drum-machine"", ""electro"", ""kick"", ""synth"", ""yamaha""]",Bass from a Yamaha PTX-8 drum machine sampled directly into an Akai S5000 sampler then heavily distorted.,,,,,,false,false,true,true,"duration,music_proxy"
920,https://freesound.org/people/sleep/sounds/920/,PTXBAS~4.WAV,sleep,http://creativecommons.org/licenses/sampling+/1.0/,0.956531,44100.0,1,wav,"[""bass"", ""drum"", ""drum-machine"", ""electro"", ""kick"", ""synth"", ""yamaha""]",Bass from a Yamaha PTX-8 drum machine sampled directly into an Akai S5000 sampler then heavily distorted.,,,,,,false,false,true,true,"duration,music_proxy"
921,https://freesound.org/people/sleep/sounds/921/,PTXBAS~5.WAV,sleep,http://creativecommons.org/licenses/sampling+/1.0/,6.21751,22050.0,1,wav,"[""bass"", ""drum"", ""drum-machine"", ""electro"", ""kick"", ""synth"", ""yamaha""]",Bass from a Yamaha PTX-8 drum machine sampled directly into an Akai S5000 sampler then heavily distorted.,,,,,,false,false,true,true,"duration,music_proxy"
922,https://freesound.org/people/sleep/sounds/922/,PTXBAS~6.WAV,sleep,http://creativecommons.org/licenses/sampling+/1.0/,1.43478,44100.0,1,wav,"[""bass"", ""drum"", ""drum-machine"", ""electro"", ""kick"", ""synth"", ""yamaha""]",Bass from a Yamaha PTX-8 drum machine sampled directly into an Akai S5000 sampler then heavily distorted.,,,,,,false,false,true,true,"duration,music_proxy"
924,https://freesound.org/people/sleep/sounds/924/,PTXSNA~2.WAV,sleep,http://creativecommons.org/licenses/sampling+/1.0/,0.103401,44100.0,1,wav,"[""drum"", ""drum-machine"", ""snare"", ""techno"", ""yamaha""]",Snare from a Yamaha PTX-8 drum machine sampled directly into an Akai S5000 sampler then heavily distorted.,,,,,,false,false,true,true,"duration,music_proxy"
925,https://freesound.org/people/sleep/sounds/925/,BOMB.WAV,sleep,http://creativecommons.org/licenses/sampling+/1.0/,1.94717,44100.0,1,wav,"[""bomb"", ""explosion"", ""pcm"", ""toy""]",sample from an 80's sound effect toy,,,,,,false,false,true,true,"duration,music_proxy"
928,https://freesound.org/people/sleep/sounds/928/,GTRBND.WAV,sleep,http://creativecommons.org/licenses/sampling+/1.0/,0.888458,44100.0,1,wav,"[""distortion"", ""guitar"", ""harmonic"", ""squeal""]",pinch harmonic guitar squeal,,,,,,false,false,true,true,"duration,music_proxy"
930,https://freesound.org/people/sleep/sounds/930/,PCM1.WAV,sleep,http://creativecommons.org/licenses/sampling+/1.0/,1.39002,44100.0,1,wav,"[""explosion"", ""pcm"", ""static"", ""toy""]",sample from an 80's sound effect toy,,,,,,false,false,true,true,"duration,music_proxy"
931,https://freesound.org/people/sleep/sounds/931/,PCM2.WAV,sleep,http://creativecommons.org/licenses/sampling+/1.0/,0.570476,44100.0,1,wav,"[""explosion"", ""pcm"", ""static"", ""toy""]",sample from an 80's sound effect toy,,,,,,false,false,true,true,"duration,music_proxy"
932,https://freesound.org/people/sleep/sounds/932/,SLAY1.WAV,sleep,http://creativecommons.org/licenses/sampling+/1.0/,2.38685,44100.0,1,wav,"[""distortion"", ""guitar"", ""triplet""]","slayer style guitar triplets on the low ""e"" string",,,,,,false,false,true,true,"duration,music_proxy"
934,https://freesound.org/people/vate/sounds/934/,303_1.wav,vate,http://creativecommons.org/licenses/by/3.0/,3.69234,44100.0,2,wav,"[""sinte""]",simulacion de sinte 303,,,,,,false,false,true,true,"duration,music_proxy"
935,https://freesound.org/people/vate/sounds/935/,303_2.wav,vate,http://creativecommons.org/licenses/by/3.0/,1.82213,44100.0,2,wav,"[""sinte""]",simulacion de sinte 303,,,,,,false,false,true,true,"duration,music_proxy"
936,https://freesound.org/people/vate/sounds/936/,303_3.wav,vate,http://creativecommons.org/licenses/by/3.0/,0.923107,44100.0,2,wav,"[""sinte""]",simulacion de sinte 303,,,,,,false,false,true,true,"duration,music_proxy"
937,https://freesound.org/people/vate/sounds/937/,bajo.wav,vate,http://creativecommons.org/licenses/by/3.0/,14.7693,44100.0,2,wav,"[""bajo"", ""pad""]",secuencai de pad bajo,,,,,,false,false,true,true,"duration,music_proxy"
938,https://freesound.org/people/vate/sounds/938/,303 loop,vate,http://creativecommons.org/licenses/by/3.0/,1.84619,44100.0,2,wav,"[""bateria"", ""drum"", ""drums"", ""electronic"", ""loop"", ""percs"", ""percussion""]",Processed drum loop.,,,,,,false,false,true,true,"duration,music_proxy"
939,https://freesound.org/people/vate/sounds/939/,loop2.wav,vate,http://creativecommons.org/licenses/by/3.0/,7.38465,44100.0,2,wav,"[""bateria"", ""de"", ""loop""]",loop de bateria,,,,,,false,false,true,true,"duration,music_proxy"
940,https://freesound.org/people/vate/sounds/940/,loop3.wav,vate,http://creativecommons.org/licenses/by/3.0/,7.38465,44100.0,2,wav,"[""bateria"", ""de"", ""loop""]",loop de bateria,,,,,,false,false,true,true,"duration,music_proxy"
941,https://freesound.org/people/vate/sounds/941/,loop4.wav,vate,http://creativecommons.org/licenses/by/3.0/,7.38465,44100.0,2,wav,"[""bateria"", ""de"", ""loop""]",loop de bateria,,,,,,false,false,true,true,"duration,music_proxy"
942,https://freesound.org/people/vate/sounds/942/,nah1.wav,vate,http://creativecommons.org/licenses/by/3.0/,14.7693,44100.0,2,wav,"[""gritando"", ""nortec"", ""voz""]",grito nortec,,,,,,false,false,true,true,"duration,music_proxy"
943,https://freesound.org/people/vate/sounds/943/,nah2.wav,vate,http://creativecommons.org/licenses/by/3.0/,7.38465,44100.0,2,wav,"[""gritando"", ""nortec"", ""voz""]",grito nortec,,,,,,false,false,true,true,"duration,music_proxy"
944,https://freesound.org/people/vate/sounds/944/,nah3.wav,vate,http://creativecommons.org/licenses/by/3.0/,3.69234,44100.0,2,wav,"[""gritando"", ""nortec"", ""voz""]",grito nortec,,,,,,false,false,true,true,"duration,music_proxy"
945,https://freesound.org/people/vate/sounds/945/,nah4.wav,vate,http://creativecommons.org/licenses/by/3.0/,29.5385,44100.0,2,wav,"[""gritando"", ""male"", ""nortec"", ""shout"", ""vocal"", ""voice"", ""voz"", ""yell""]","grito nortec
processed vocals:  male yell with gate type effect.",,,,,,false,false,true,true,"duration,music_proxy"
946,https://freesound.org/people/vate/sounds/946/,redoble1.wav,vate,http://creativecommons.org/licenses/by/3.0/,0.923107,44100.0,2,wav,"[""nortec"", ""redoble""]",redoble de tarola,,,,,,false,false,true,true,"duration,music_proxy"
947,https://freesound.org/people/vate/sounds/947/,sint1.wav,vate,http://creativecommons.org/licenses/by/3.0/,7.38465,44100.0,2,wav,"[""sinte""]",sintetizador,,,,,,false,false,true,true,"duration,music_proxy"
948,https://freesound.org/people/vate/sounds/948/,Synth,vate,http://creativecommons.org/licenses/by/3.0/,14.7693,44100.0,2,wav,"[""Synth"", ""dance"", ""delay"", ""rave"", ""sequence"", ""techno"", ""trance""]",Synth sequence with delay,,,,,,false,false,true,true,"duration,music_proxy"
949,https://freesound.org/people/vate/sounds/949/,trompetas1.wav,vate,http://creativecommons.org/licenses/by/3.0/,2.30773,44100.0,2,wav,"[""nortec"", ""trompetas""]",trompetas del norte,,,,,,false,false,true,true,"duration,music_proxy"
950,https://freesound.org/people/vate/sounds/950/,trompetas2.wav,vate,http://creativecommons.org/licenses/by/3.0/,1.38465,44100.0,2,wav,"[""nortec"", ""trompetas""]",trompetas del norte,,,,,,false,false,true,true,"duration,music_proxy"
951,https://freesound.org/people/vate/sounds/951/,trompetas3.wav,vate,http://creativecommons.org/licenses/by/3.0/,1.84619,44100.0,2,wav,"[""nortec"", ""trompetas""]",trompetas del norte,,,,,,false,false,true,true,"duration,music_proxy"
952,https://freesound.org/people/vate/sounds/952/,voz_voc1.wav,vate,http://creativecommons.org/licenses/by/3.0/,7.38465,44100.0,2,wav,"[""vocoder"", ""voz""]",voz procesada con vocoder,,,,,,false,false,true,true,"duration,music_proxy"
953,https://freesound.org/people/vate/sounds/953/,Processed vocoder voice,vate,http://creativecommons.org/licenses/by/3.0/,7.38463,44100.0,2,wav,"[""electronic"", ""male"", ""robot"", ""robotic"", ""speech"", ""vocoder"", ""voice""]","Processed vocoder voice. It says in spanish ""Allá es donde termina"".",,,,,,false,false,true,true,"duration,music_proxy"
958,https://freesound.org/people/Anton/sounds/958/,groter.wav,Anton,https://creativecommons.org/licenses/by/4.0/,1.03454,48000.0,2,wav,"[""earcon"", ""effect"", ""nice"", ""noise"", ""swoosh""]","filtered noise, supposed to symbolize 'making something larger' ",,,,,,false,false,true,true,"duration,music_proxy"
960,https://freesound.org/people/sleep/sounds/960/,dist_mks71.WAV,sleep,http://creativecommons.org/licenses/sampling+/1.0/,23.0,44100.0,1,wav,"[""distorted"", ""distortion"", ""filter"", ""lead"", ""synth""]",303 like lead line from a Roland MKS-7 through a Metal Zone pedal directly into an Akai S5000.,,,,,,false,false,true,true,"duration,music_proxy"
961,https://freesound.org/people/sleep/sounds/961/,dist_mks72.WAV,sleep,http://creativecommons.org/licenses/sampling+/1.0/,3.0,44100.0,1,wav,"[""distorted"", ""distortion"", ""filter"", ""lead"", ""synth""]",303 like lead line from a Roland MKS-7 through a Metal Zone pedal directly into an Akai S5000.,,,,,,false,false,true,true,"duration,music_proxy"
962,https://freesound.org/people/sleep/sounds/962/,dist_mks73.WAV,sleep,http://creativecommons.org/licenses/sampling+/1.0/,1.33478,44100.0,1,wav,"[""distorted"", ""distortion"", ""filter"", ""lead"", ""synth""]",303 like lead line from a Roland MKS-7 through a Metal Zone pedal directly into an Akai S5000.,,,,,,false,false,true,true,"duration,music_proxy"
963,https://freesound.org/people/sleep/sounds/963/,dist_mks73fast.WAV,sleep,http://creativecommons.org/licenses/sampling+/1.0/,1.0,44100.0,1,wav,"[""distorted"", ""distortion"", ""filter"", ""lead"", ""synth""]",303 like lead line from a Roland MKS-7 through a Metal Zone pedal directly into an Akai S5000.,,,,,,false,false,true,true,"duration,music_proxy"
964,https://freesound.org/people/sleep/sounds/964/,dist_mks74.WAV,sleep,http://creativecommons.org/licenses/sampling+/1.0/,11.4561,44100.0,1,wav,"[""distorted"", ""distortion"", ""filter"", ""lead"", ""synth""]",303 like lead line from a Roland MKS-7 through a Metal Zone pedal directly into an Akai S5000.,,,,,,false,false,true,true,"duration,music_proxy"
965,https://freesound.org/people/sleep/sounds/965/,reverse_mks7.WAV,sleep,http://creativecommons.org/licenses/sampling+/1.0/,4.0,44100.0,1,wav,"[""distorted"", ""distortion"", ""filter"", ""lead"", ""synth""]",303 like lead line from a Roland MKS-7 through a Metal Zone pedal directly into an Akai S5000.,,,,,,false,false,true,true,"duration,music_proxy"
968,https://freesound.org/people/Freed/sounds/968/,010604A.mp3,Freed,https://creativecommons.org/licenses/by/4.0/,20.9121,44100.0,2,mp3,"[""repetitions"", ""voice""]",Percussive sequence of noise elements taken from a female voice,,,,,,false,false,true,true,"duration,music_proxy"
969,https://freesound.org/people/Freed/sounds/969/,010604B.mp3,Freed,https://creativecommons.org/licenses/by/4.0/,17.046,44100.0,2,mp3,"[""repetitions"", ""voice""]",Percussive sequence of noise elements taken from a female voice,,,,,,false,false,true,true,"duration,music_proxy"
970,https://freesound.org/people/Freed/sounds/970/,010604C.mp3,Freed,https://creativecommons.org/licenses/by/4.0/,16.7325,44100.0,2,mp3,"[""repetitions"", ""voice""]",Percussive sequence of noise elements taken from a female voice,,,,,,false,false,true,true,"duration,music_proxy"
971,https://freesound.org/people/Freed/sounds/971/,020604A.mp3,Freed,https://creativecommons.org/licenses/by/4.0/,18.4305,44100.0,2,mp3,"[""repetitions"", ""voice""]",Percussive sequence of noise elements taken from a female voice,,,,,,false,false,true,true,"duration,music_proxy"
972,https://freesound.org/people/Freed/sounds/972/,020604B.mp3,Freed,https://creativecommons.org/licenses/by/4.0/,16.6541,44100.0,2,mp3,"[""repetitions"", ""trippy"", ""voice""]",Percussive sequence of noise elements taken from a female voice,,,,,,false,false,true,true,"duration,music_proxy"
973,https://freesound.org/people/Freed/sounds/973/,020604C.mp3,Freed,https://creativecommons.org/licenses/by/4.0/,14.93,44100.0,2,mp3,"[""repetitions"", ""voice""]",Percussive sequence of noise elements taken from a female voice,,,,,,false,false,true,true,"duration,music_proxy"
974,https://freesound.org/people/Freed/sounds/974/,030604A.mp3,Freed,https://creativecommons.org/licenses/by/4.0/,23.4982,44100.0,2,mp3,"[""repetitions"", ""voice""]",Percussive sequence of noise elements taken from a female voice,,,,,,false,false,true,true,"duration,music_proxy"
975,https://freesound.org/people/Freed/sounds/975/,140604B.mp3,Freed,https://creativecommons.org/licenses/by/4.0/,24.5954,44100.0,2,mp3,"[""repetitions"", ""voice""]",Percussive sequence of noise elements taken from a female voice,,,,,,false,false,true,true,"duration,music_proxy"
976,https://freesound.org/people/Freed/sounds/976/,140604A.mp3,Freed,https://creativecommons.org/licenses/by/4.0/,27.9913,44100.0,2,mp3,"[""repetitions"", ""voice""]",Percussive sequence of noise elements taken from a female voice,,,,,,false,false,true,true,"duration,music_proxy"
977,https://freesound.org/people/RHumphries/sounds/977/,RBH Glass_Break 01.wav,RHumphries,https://creativecommons.org/licenses/by/4.0/,1.37027,48000.0,2,wav,"[""break"", ""glass"", ""household"", ""small"", ""smash""]","Stereo recording, small glass being dropped and breaking. Recorded with a Zaxcom Deva II and a Sennheiser MKH 30 and MKH 40 as mid-side, decoded to AB stereo.",,,,,,false,false,true,true,"duration,music_proxy"
978,https://freesound.org/people/RHumphries/sounds/978/,RBH Glass_Break 02.wav,RHumphries,https://creativecommons.org/licenses/by/4.0/,1.24113,48000.0,2,wav,"[""break"", ""environmental-sounds-research"", ""glass"", ""household"", ""small"", ""smash""]","Stereo recording, small glass being dropped and breaking. Recorded with a Zaxcom Deva II and a Sennheiser MKH 30 and MKH 40 as mid-side, decoded to AB stereo.",,,,,,false,false,true,true,"duration,music_proxy"
979,https://freesound.org/people/RHumphries/sounds/979/,RBH Glass_Break 03.wav,RHumphries,https://creativecommons.org/licenses/by/4.0/,2.35683,48000.0,2,wav,"[""break"", ""environmental-sounds-research"", ""glass"", ""household"", ""small"", ""smash""]","Stereo recording, small glass being dropped and breaking. Recorded with a Zaxcom Deva II and a Sennheiser MKH 30 and MKH 40 as mid-side, decoded to AB stereo.",,,,,,false,false,true,true,"duration,music_proxy"
980,https://freesound.org/people/RHumphries/sounds/980/,RBH Glass_Break 04.wav,RHumphries,https://creativecommons.org/licenses/by/4.0/,1.04698,48000.0,2,wav,"[""break"", ""environmental-sounds-research"", ""glass"", ""household"", ""small"", ""smash""]","Stereo recording, small glass being dropped and breaking",,,,,,false,false,true,true,"duration,music_proxy"
981,https://freesound.org/people/RHumphries/sounds/981/,RBH Glass_Break 05.wav,RHumphries,https://creativecommons.org/licenses/by/4.0/,1.76956,48000.0,2,wav,"[""break"", ""environmental-sounds-research"", ""glass"", ""household"", ""small"", ""smash""]","Stereo recording, small glass being dropped and breaking. Recorded with a Zaxcom Deva II and a Sennheiser MKH 30 and MKH 40 as mid-side, decoded to AB stereo.",,,,,,false,false,true,true,"duration,music_proxy"
982,https://freesound.org/people/RHumphries/sounds/982/,rbh Ouaga traffic scooters.wav,RHumphries,https://creativecommons.org/licenses/by/4.0/,180.08,48000.0,2,wav,"[""africa"", ""ambiance"", ""burkina-faso"", ""ouagadougou"", ""outdoor"", ""traffic""]","Stereo recording in Oagadougou, Burkina Faso, West Africa. Outdoor ambiance, scooter traffic some speech.Recorded with a Zaxcom Deva II and a pair of spaced Sennheiser MKH 20s.",,,,,,false,true,true,true,music_proxy
983,https://freesound.org/people/RHumphries/sounds/983/,rbh bird nightengale 1.wav,RHumphries,https://creativecommons.org/licenses/by/4.0/,3.6374,48000.0,2,wav,"[""animal"", ""bird"", ""field-recording"", ""nature"", ""outdoor""]","Stereo recording. Washington, DC. Bird Nightengale. Recorded with a Zaxcom Deva II and a Sennheiser MKH 30 and MKH 40 as mid-side, decoded to AB stereo.",,,,,,false,false,true,true,"duration,music_proxy"
984,https://freesound.org/people/RHumphries/sounds/984/,RBH_Household_Bathroom fan.wav,RHumphries,https://creativecommons.org/licenses/by/4.0/,25.3661,48000.0,2,wav,"[""fan"", ""household"", ""indoor"", ""motor""]","Bathroom fan. Stereo Recording, Recorded with a Zaxcom Deva II, and Sennheiser MKH 30 and MKH 40 as mid-side, decoded to AB stereo.",,,,,,false,false,true,true,"duration,music_proxy"
985,https://freesound.org/people/RHumphries/sounds/985/,RBH_Household_Knife 04.wav,RHumphries,https://creativecommons.org/licenses/by/4.0/,33.0503,48000.0,2,wav,"[""household"", ""indoor"", ""knife"", ""metal"", ""scrape""]","Knife Scrape Metal inserted into knife block. Stereo Recording, Recorded with a Zaxcom Deva II, and Sennheiser MKH 30 and MKH 40 as mid-side, decoded to AB stereo.",,,,,,false,true,true,true,music_proxy
986,https://freesound.org/people/RHumphries/sounds/986/,RBH_Household_Lighter.wav,RHumphries,https://creativecommons.org/licenses/by/4.0/,15.9147,48000.0,2,wav,"[""fire"", ""household"", ""indoor"", ""lighter""]","lighter being lit. Stereo Recording, Recorded with a Zaxcom Deva II, and Sennheiser MKH 30 and MKH 40 as mid-side, decoded to AB stereo.",,,,,,false,false,true,true,"duration,music_proxy"
987,https://freesound.org/people/RHumphries/sounds/987/,RBH_Household_Lock.wav,RHumphries,https://creativecommons.org/licenses/by/4.0/,11.8933,48000.0,2,wav,"[""door"", ""household"", ""indoor"", ""lock""]","door lock and unlock. Stereo Recording, Recorded with a Zaxcom Deva II, and Sennheiser MKH 30 and MKH 40 as mid-side, decoded to AB stereo.",,,,,,false,false,true,true,"duration,music_proxy"
988,https://freesound.org/people/RHumphries/sounds/988/,RBH_Household_bathroom door.wav,RHumphries,https://creativecommons.org/licenses/by/4.0/,15.4041,48000.0,2,wav,"[""door"", ""household"", ""indoor""]","light wooden door open &amp; close. Stereo Recording, Recorded with a Zaxcom Deva II, and Sennheiser MKH 30 and MKH 40 as mid-side, decoded to AB stereo.",,,,,,false,false,true,true,"duration,music_proxy"
989,https://freesound.org/people/RHumphries/sounds/989/,RBH_Household_bedroom door.wav,RHumphries,https://creativecommons.org/licenses/by/4.0/,15.9359,48000.0,2,wav,"[""door"", ""household"", ""indoor""]","light wooden door open &amp; close. Stereo Recording, Recorded with a Zaxcom Deva II, and Sennheiser MKH 30 and MKH 40 as mid-side, decoded to AB stereo.",,,,,,false,false,true,true,"duration,music_proxy"
990,https://freesound.org/people/RHumphries/sounds/990/,RBH_Household_blinds 01.wav,RHumphries,https://creativecommons.org/licenses/by/4.0/,15.9167,48000.0,2,wav,"[""blinds"", ""household"", ""indoor"", ""shades""]","window blinds open and close. Stereo Recording, Recorded with a Zaxcom Deva II, and Sennheiser MKH 30 and MKH 40 as mid-side, decoded to AB stereo.",,,,,,false,false,true,true,"duration,music_proxy"
991,https://freesound.org/people/RHumphries/sounds/991/,RBH_Household_blinds 02.wav,RHumphries,https://creativecommons.org/licenses/by/4.0/,20.0372,48000.0,2,wav,"[""blinds"", ""household"", ""indoor"", ""shades""]","window blinds open and close. Stereo Recording, Recorded with a Zaxcom Deva II, and Sennheiser MKH 30 and MKH 40 as mid-side, decoded to AB stereo.",,,,,,false,false,true,true,"duration,music_proxy"
992,https://freesound.org/people/RHumphries/sounds/992/,RBH_Household_bottle screw.wav,RHumphries,https://creativecommons.org/licenses/by/4.0/,12.1653,48000.0,2,wav,"[""bottle"", ""glass"", ""household"", ""screw-top""]","glass bottle screw top, unscrew. Stereo Recording, Recorded with a Zaxcom Deva II, and Sennheiser MKH 30 and MKH 40 as mid-side, decoded to AB stereo.",,,,,,false,false,true,true,"duration,music_proxy"
993,https://freesound.org/people/RHumphries/sounds/993/,RBH_Household_cabinet 01.wav,RHumphries,https://creativecommons.org/licenses/by/4.0/,4.83192,48000.0,2,wav,"[""cabinet"", ""door"", ""household"", ""indoor""]","cabinet door open and close Stereo Recording, Recorded with a Zaxcom Deva II, and Senheisser MKH 30 and MKH 40 as mid-side, decoeded to AB stereo.",,,,,,false,false,true,true,"duration,music_proxy"
994,https://freesound.org/people/RHumphries/sounds/994/,RBH_Household_cabinet 02.wav,RHumphries,https://creativecommons.org/licenses/by/4.0/,13.7359,48000.0,2,wav,"[""cabinet"", ""door"", ""household"", ""indoor""]","cabinet door open and close. Stereo Recording, Recorded with a Zaxcom Deva II, and Sennheiser MKH 30 and MKH 40 as mid-side, decoded to AB stereo.",,,,,,false,false,true,true,"duration,music_proxy"
995,https://freesound.org/people/RHumphries/sounds/995/,RBH_Household_closet 01.wav,RHumphries,https://creativecommons.org/licenses/by/4.0/,34.2942,48000.0,2,wav,"[""closet"", ""door"", ""household"", ""indoor"", ""slide""]","wooden sliding closet door open close. Stereo Recording, Recorded with a Zaxcom Deva II, and Sennheiser MKH 30 and MKH 40 as mid-side, decoded to AB stereo.",,,,,,false,true,true,true,music_proxy
996,https://freesound.org/people/RHumphries/sounds/996/,RBH_Household_closet 02.wav,RHumphries,https://creativecommons.org/licenses/by/4.0/,13.2682,48000.0,2,wav,"[""closet"", ""door"", ""household"", ""indoor"", ""slide""]","wooden sliding closet door open close. Stereo Recording, Recorded with a Zaxcom Deva II, and Sennheiser MKH 30 and MKH 40 as mid-side, decoded to AB stereo.",,,,,,false,false,true,true,"duration,music_proxy"
997,https://freesound.org/people/RHumphries/sounds/997/,RBH_Household_closet 03.wav,RHumphries,https://creativecommons.org/licenses/by/4.0/,16.7252,48000.0,2,wav,"[""closet"", ""door"", ""household"", ""indoor"", ""slide""]","wooden sliding closet door open close. Stereo Recording, Recorded with a Zaxcom Deva II, and Sennheiser MKH 30 and MKH 40 as mid-side, decoded to AB stereo.",,,,,,false,false,true,true,"duration,music_proxy"
998,https://freesound.org/people/RHumphries/sounds/998/,RBH_Household_curtain.wav,RHumphries,https://creativecommons.org/licenses/by/4.0/,28.5546,48000.0,2,wav,"[""curtain"", ""household"", ""indoor"", ""shower""]","shower curtain. Stereo Recording, Recorded with a Zaxcom Deva II, and Sennheiser MKH 30 and MKH 40 as mid-side, decoded to AB stereo.",,,,,,false,false,true,true,"duration,music_proxy"
999,https://freesound.org/people/RHumphries/sounds/999/,RBH_Household_disposal 01.wav,RHumphries,https://creativecommons.org/licenses/by/4.0/,8.98306,48000.0,2,wav,"[""disposal"", ""household"", ""indoor"", ""sink""]","sink disposal on and off no water. Stereo Recording, Recorded with a Zaxcom Deva II, and Sennheiser MKH 30 and MKH 40 as mid-side, decoded to AB stereo.

I have more sounds available here:
<a href=""http://sfx.TakomaMedia.com"" rel=""nofollow"">http://sfx.TakomaMedia.com</a>",,,,,,false,false,true,true,"duration,music_proxy"
1000,https://freesound.org/people/RHumphries/sounds/1000/,RBH_Household_disposal 02.wav,RHumphries,https://creativecommons.org/licenses/by/4.0/,20.0319,48000.0,2,wav,"[""disposal"", ""household"", ""indoor"", ""sink""]","sink disposal with water. Stereo Recording, Recorded with a Zaxcom Deva II, and Sennheiser MKH 30 and MKH 40 as mid-side, decoded to AB stereo.",,,,,,false,false,true,true,"duration,music_proxy"
1001,https://freesound.org/people/RHumphries/sounds/1001/,RBH_Household_disposal 03.wav,RHumphries,https://creativecommons.org/licenses/by/4.0/,22.3382,48000.0,2,wav,"[""disposal"", ""household"", ""indoor"", ""sink""]","sink disposal with water Stereo Recording, Recorded with a Zaxcom Deva II, and Sennheiser MKH 30 and MKH 40 as mid-side, decoded to AB stereo.",,,,,,false,false,true,true,"duration,music_proxy"
1002,https://freesound.org/people/RHumphries/sounds/1002/,RBH_Household_disposal 04.wav,RHumphries,https://creativecommons.org/licenses/by/4.0/,10.7933,48000.0,2,wav,"[""disposal"", ""household"", ""indoor"", ""sink""]","sink disposal no water. Stereo Recording, Recorded with a Zaxcom Deva II, and Sennheiser MKH 30 and MKH 40 as mid-side, decoded to AB stereo.",,,,,,false,false,true,true,"duration,music_proxy"
1003,https://freesound.org/people/RHumphries/sounds/1003/,RBH_Household_door 01.wav,RHumphries,https://creativecommons.org/licenses/by/4.0/,18.1893,48000.0,2,wav,"[""close"", ""door"", ""household"", ""indoor"", ""open""]","wooden door open &amp; close. Stereo Recording, Recorded with a Zaxcom Deva II, and Sennheiser MKH 30 and MKH 40 as mid-side, decoded to AB stereo.",,,,,,false,false,true,true,"duration,music_proxy"
1004,https://freesound.org/people/RHumphries/sounds/1004/,RBH_Household_door spring.wav,RHumphries,https://creativecommons.org/licenses/by/4.0/,4.73592,48000.0,2,wav,"[""doorstop"", ""household"", ""indoor"", ""spring""]","spring doorstop. Stereo Recording, Recorded with a Zaxcom Deva II, and Sennheiser MKH 30 and MKH 40 as mid-side, decoded to AB stereo.",,,,,,false,false,true,true,"duration,music_proxy"
1005,https://freesound.org/people/RHumphries/sounds/1005/,RBH_Household_door squeak.wav,RHumphries,https://creativecommons.org/licenses/by/4.0/,15.2639,48000.0,2,wav,"[""door"", ""household"", ""indoor"", ""squeak""]","Wooden door squeak. Stereo Recording, Recorded with a Zaxcom Deva II, and Sennheiser MKH 30 and MKH 40 as mid-side, decoded to AB stereo.",,,,,,false,false,true,true,"duration,music_proxy"
1006,https://freesound.org/people/RHumphries/sounds/1006/,RBH_Household_drain plug.wav,RHumphries,https://creativecommons.org/licenses/by/4.0/,6.77325,48000.0,2,wav,"[""bathroom"", ""drain"", ""household"", ""indoor"", ""plug"", ""sink""]","Bathroom sink drain plug open and close. Stereo Recording, Recorded with a Zaxcom Deva II, and Sennheiser MKH 30 and MKH 40 as mid-side, decoded to AB stereo.",,,,,,false,false,true,true,"duration,music_proxy"
1007,https://freesound.org/people/RHumphries/sounds/1007/,RBH_Household_drain.wav,RHumphries,https://creativecommons.org/licenses/by/4.0/,11.6692,48000.0,2,wav,"[""bathroom"", ""drain"", ""household"", ""indoor"", ""sink""]","gurgly bathroom sink drain. Stereo Recording, Recorded with a Zaxcom Deva II, and Sennheiser MKH 30 and MKH 40 as mid-side, decoded to AB stereo.",,,,,,false,false,true,true,"duration,music_proxy"
1008,https://freesound.org/people/RHumphries/sounds/1008/,RBH_Household_drawer 01.wav,RHumphries,https://creativecommons.org/licenses/by/4.0/,9.86658,48000.0,2,wav,"[""bump"", ""drawer"", ""household"", ""indoor"", ""wooden""]","Wooden Drawer open and close. Stereo Recording, Recorded with a Zaxcom Deva II, and Sennheiser MKH 30 and MKH 40 as mid-side, decoded to AB stereo.",,,,,,false,false,true,true,"duration,music_proxy"
1009,https://freesound.org/people/RHumphries/sounds/1009/,RBH_Household_drawer 02.wav,RHumphries,https://creativecommons.org/licenses/by/4.0/,22.6512,48000.0,2,wav,"[""bump"", ""drawer"", ""household"", ""indoor"", ""wooden""]","Wooden Drawer open and close. Stereo Recording, Recorded with a Zaxcom Deva II, and Sennheiser MKH 30 and MKH 40 as mid-side, decoded to AB stereo.",,,,,,false,false,true,true,"duration,music_proxy"
1010,https://freesound.org/people/RHumphries/sounds/1010/,RBH_Household_drawer 03.wav,RHumphries,https://creativecommons.org/licenses/by/4.0/,10.7093,48000.0,2,wav,"[""drawer"", ""household"", ""indoor"", ""wooden""]","Wooden Drawer open and close. Stereo Recording, Recorded with a Zaxcom Deva II, and Sennheiser MKH 30 and MKH 40 as mid-side, decoded to AB stereo.",,,,,,false,false,true,true,"duration,music_proxy"
1011,https://freesound.org/people/RHumphries/sounds/1011/,RBH_Household_drawer 04.wav,RHumphries,https://creativecommons.org/licenses/by/4.0/,21.0688,48000.0,2,wav,"[""drawer"", ""household"", ""indoor"", ""wooden""]","Wooden Drawer open and close. Stereo Recording, Recorded with a Zaxcom Deva II, and Sennheiser MKH 30 and MKH 40 as mid-side, decoded to AB stereo.",,,,,,false,false,true,true,"duration,music_proxy"
1012,https://freesound.org/people/RHumphries/sounds/1012/,RBH_Household_drawer 05.wav,RHumphries,https://creativecommons.org/licenses/by/4.0/,35.3073,48000.0,2,wav,"[""anechoic"", ""drawer"", ""household"", ""indoor"", ""scrape"", ""wooden""]","Wooden Drawer open and close. Stereo Recording, Recorded with a Zaxcom Deva II, and Sennheiser MKH 30 and MKH 40 as mid-side, decoded to AB stereo.",,,,,,false,true,true,true,music_proxy
1013,https://freesound.org/people/RHumphries/sounds/1013/,RBH_Household_drip 01.wav,RHumphries,https://creativecommons.org/licenses/by/4.0/,8.05325,48000.0,2,wav,"[""drip"", ""household"", ""water""]","water drip in sink. Stereo Recording, Recorded with a Zaxcom Deva II, and Sennheiser MKH 30 and MKH 40 as mid-side, decoded to AB stereo.",,,,,,false,false,true,true,"duration,music_proxy"
1014,https://freesound.org/people/RHumphries/sounds/1014/,RBH_Household_drip 02.wav,RHumphries,https://creativecommons.org/licenses/by/4.0/,9.47183,48000.0,2,wav,"[""drip"", ""household"", ""water""]","water drip in sink. Stereo Recording, Recorded with a Zaxcom Deva II, and Sennheiser MKH 30 and MKH 40 as mid-side, decoded to AB stereo.",,,,,,false,false,true,true,"duration,music_proxy"
1015,https://freesound.org/people/RHumphries/sounds/1015/,RBH_Household_faucet 01.wav,RHumphries,https://creativecommons.org/licenses/by/4.0/,34.6775,48000.0,2,wav,"[""faucet"", ""household"", ""water""]","kitchen water faucet run stop. Stereo Recording, Recorded with a Zaxcom Deva II, and Sennheiser MKH 30 and MKH 40 as mid-side, decoded to AB stereo.",,,,,,false,true,true,true,music_proxy
1016,https://freesound.org/people/RHumphries/sounds/1016/,RBH_Household_faucet 02.wav,RHumphries,https://creativecommons.org/licenses/by/4.0/,44.2073,48000.0,2,wav,"[""faucet"", ""household"", ""water""]","kitchen water faucet run stop. Stereo Recording, Recorded with a Zaxcom Deva II, and Sennheiser MKH 30 and MKH 40 as mid-side, decoded to AB stereo.",,,,,,false,true,true,true,music_proxy
1017,https://freesound.org/people/RHumphries/sounds/1017/,RBH_Household_faucet 03.wav,RHumphries,https://creativecommons.org/licenses/by/4.0/,13.3547,48000.0,2,wav,"[""faucet"", ""household"", ""water""]","kitchen water faucet run stopStereo Recording, Recorded with a Zaxcom Deva II, and Sennheiser MKH 30 and MKH 40 as mid-side, decoded to AB stereo.",,,,,,false,false,true,true,"duration,music_proxy"
1018,https://freesound.org/people/RHumphries/sounds/1018/,RBH_Household_freezer.wav,RHumphries,https://creativecommons.org/licenses/by/4.0/,2.74071,48000.0,2,wav,"[""door"", ""freezer"", ""household"", ""kitchen""]","freezer door open and close. Stereo Recording, Recorded with a Zaxcom Deva II, and Sennheiser MKH 30 and MKH 40 as mid-side, decoded to AB stereo.",,,,,,false,false,true,true,"duration,music_proxy"
1019,https://freesound.org/people/RHumphries/sounds/1019/,RBH_Household_front door.wav,RHumphries,https://creativecommons.org/licenses/by/4.0/,4.13687,48000.0,2,wav,"[""door"", ""household"", ""indoor"", ""latch"", ""wooden""]","Wooden door open &amp; close with good metal latch. Stereo Recording, Recorded with a Zaxcom Deva II, and Sennheiser MKH 30 and MKH 40 as mid-side, decoded to AB stereo.",,,,,,false,false,true,true,"duration,music_proxy"
1020,https://freesound.org/people/RHumphries/sounds/1020/,RBH_Household_fusebox.wav,RHumphries,https://creativecommons.org/licenses/by/4.0/,9.95192,48000.0,2,wav,"[""door"", ""household"", ""indoor"", ""metal""]","small metal fusebox door open and close. Stereo Recording, Recorded with a Zaxcom Deva II, and Sennheiser MKH 30 and MKH 40 as mid-side, decoded to AB stereo.",,,,,,false,false,true,true,"duration,music_proxy"
1021,https://freesound.org/people/RHumphries/sounds/1021/,RBH_Household_glass clink.wav,RHumphries,https://creativecommons.org/licenses/by/4.0/,23.9413,48000.0,2,wav,"[""glass"", ""household"", ""indoor"", ""toast""]","two wine glasses toasting, clink together. Stereo Recording, Recorded with a Zaxcom Deva II, and Sennheiser MKH 30 and MKH 40 as mid-side, decoded to AB stereo.",,,,,,false,false,true,true,"duration,music_proxy"
1022,https://freesound.org/people/RHumphries/sounds/1022/,RBH_Household_glass ring.wav,RHumphries,https://creativecommons.org/licenses/by/4.0/,15.1466,48000.0,2,wav,"[""glass"", ""household"", ""indoor""]","glass ringing. Stereo Recording, Recorded with a Zaxcom Deva II, and Sennheiser MKH 30 and MKH 40 as mid-side, decoded to AB stereo.",,,,,,false,false,true,true,"duration,music_proxy"
1023,https://freesound.org/people/RHumphries/sounds/1023/,RBH_Household_knife 01.wav,RHumphries,https://creativecommons.org/licenses/by/4.0/,36.8212,48000.0,2,wav,"[""household"", ""indoor"", ""knife"", ""metal"", ""scrape""]","metal knife scrape against sharpener. Stereo Recording, Recorded with a Zaxcom Deva II, and Sennheiser MKH 30 and MKH 40 as mid-side, decoded to AB stereo.",,,,,,false,true,true,true,music_proxy
1024,https://freesound.org/people/RHumphries/sounds/1024/,RBH_Household_knife 03.wav,RHumphries,https://creativecommons.org/licenses/by/4.0/,30.4106,48000.0,2,wav,"[""household"", ""indoor"", ""knife"", ""metal"", ""scrape""]","metal knife scrape against sharpener. Stereo Recording, Recorded with a Zaxcom Deva II, and Sennheiser MKH 30 and MKH 40 as mid-side, decoded to AB stereo.",,,,,,false,true,true,true,music_proxy
1025,https://freesound.org/people/RHumphries/sounds/1025/,RBH_Household_match 01.wav,RHumphries,https://creativecommons.org/licenses/by/4.0/,19.744,48000.0,2,wav,"[""anechoic"", ""household"", ""indoor"", ""light"", ""match""]","match pulled from book and lit x3. Stereo Recording, Recorded with a Zaxcom Deva II, and Sennheiser MKH 30 and MKH 40 as mid-side, decoded to AB stereo.",,,,,,false,false,true,true,"duration,music_proxy"
1026,https://freesound.org/people/RHumphries/sounds/1026/,RBH_Household_match 02.wav,RHumphries,https://creativecommons.org/licenses/by/4.0/,3.23725,48000.0,2,wav,"[""household"", ""indoor"", ""light"", ""match""]","match ignite, not struck against book.Stereo Recording, Recorded with a Zaxcom Deva II, and Sennheiser MKH 30 and MKH 40 as mid-side, decoded to AB stereo.",,,,,,false,false,true,true,"duration,music_proxy"
1027,https://freesound.org/people/RHumphries/sounds/1027/,RBH_Household_match 03.wav,RHumphries,https://creativecommons.org/licenses/by/4.0/,0.514583,48000.0,2,wav,"[""extinguish"", ""household"", ""indoor"", ""match"", ""minimal"", ""quiet""]","match extinguished in water. Stereo Recording, Recorded with a Zaxcom Deva II, and Sennheiser MKH 30 and MKH 40 as mid-side, decoded to AB stereo.",,,,,,false,false,true,true,"duration,music_proxy"
1028,https://freesound.org/people/RHumphries/sounds/1028/,RBH_Household_microwave.wav,RHumphries,https://creativecommons.org/licenses/by/4.0/,12.9691,48000.0,2,wav,"[""door"", ""household"", ""indoor"", ""microwave""]","microwave door opened and closed x3Stereo Recording, Recorded with a Zaxcom Deva II, and Sennheiser MKH 30 and MKH 40 as mid-side, decoded to AB stereo.",,,,,,false,false,true,true,"duration,music_proxy"
1029,https://freesound.org/people/RHumphries/sounds/1029/,RBH_Household_oven door.wav,RHumphries,https://creativecommons.org/licenses/by/4.0/,13.8024,48000.0,2,wav,"[""door"", ""household"", ""indoor"", ""oven""]","oven door opened and closed x2Stereo Recording, Recorded with a Zaxcom Deva II, and Sennheiser MKH 30 and MKH 40 as mid-side, decoded to AB stereo.",,,,,,false,false,true,true,"duration,music_proxy"
1030,https://freesound.org/people/RHumphries/sounds/1030/,RBH_Household_peppermill 01.wav,RHumphries,https://creativecommons.org/licenses/by/4.0/,17.018,48000.0,2,wav,"[""grind"", ""household"", ""indoor"", ""peppermill""]","peppermill grinding pepper. Stereo Recording, Recorded with a Zaxcom Deva II, and Sennheiser MKH 30 and MKH 40 as mid-side, decoded to AB stereo.",,,,,,false,false,true,true,"duration,music_proxy"
1031,https://freesound.org/people/RHumphries/sounds/1031/,RBH_Household_peppermill 02.wav,RHumphries,https://creativecommons.org/licenses/by/4.0/,11.8399,48000.0,2,wav,"[""grind"", ""household"", ""indoor"", ""peppermill""]","peppermill grinding pepperStereo Recording, Recorded with a Zaxcom Deva II, and Sennheiser MKH 30 and MKH 40 as mid-side, decoded to AB stereo.",,,,,,false,false,true,true,"duration,music_proxy"
1032,https://freesound.org/people/RHumphries/sounds/1032/,RBH_Household_phone ring.wav,RHumphries,https://creativecommons.org/licenses/by/4.0/,2.29044,48000.0,2,wav,"[""bell"", ""household"", ""ring"", ""telephone""]","telephone ring with a real bellStereo Recording, Recorded with a Zaxcom Deva II, and Sennheiser MKH 30 and MKH 40 as mid-side, decoded to AB stereo.",,,,,,false,false,true,true,"duration,music_proxy"
1033,https://freesound.org/people/RHumphries/sounds/1033/,RBH_Household_refrigerator.wav,RHumphries,https://creativecommons.org/licenses/by/4.0/,17.6027,48000.0,2,wav,"[""door"", ""household"", ""indoor"", ""refrigerator""]","refrigerator door opened and closed x4, bottles rattling inside Stereo Recording, Recorded with a Zaxcom Deva II, and Sennheiser MKH 30 and MKH 40 as mid-side, decoded to AB stereo.",,,,,,false,false,true,true,"duration,music_proxy"
1034,https://freesound.org/people/RHumphries/sounds/1034/,RBH_Household_refrigerator2.wav,RHumphries,https://creativecommons.org/licenses/by/4.0/,9.31071,48000.0,2,wav,"[""household"", ""indoor"", ""motor"", ""refrigerator""]","refrigerator motor switch on.Stereo Recording, Recorded with a Zaxcom Deva II, and Sennheiser MKH 30 and MKH 40 as mid-side, decoded to AB stereo.",,,,,,false,false,true,true,"duration,music_proxy"
1035,https://freesound.org/people/RHumphries/sounds/1035/,RBH_Household_salt shaker.wav,RHumphries,https://creativecommons.org/licenses/by/4.0/,9.14071,48000.0,2,wav,"[""household"", ""indoor"", ""salt-shaker""]","salt shaker shaking salt.Stereo Recording, Recorded with a Zaxcom Deva II, and Sennheiser MKH 30 and MKH 40 as mid-side, decoded to AB stereo.",,,,,,false,false,true,true,"duration,music_proxy"
1036,https://freesound.org/people/RHumphries/sounds/1036/,RBH_Household_shower 01.wav,RHumphries,https://creativecommons.org/licenses/by/4.0/,84.3518,48000.0,2,wav,"[""household"", ""indoor"", ""shower"", ""water""]","shower turn on and run with simulated showering movement. reverberant.Stereo Recording, Recorded with a Zaxcom Deva II using a Sennheiser MKH 30 and MKH 40 as mid-side, decoded to AB stereo.",,,,,,false,true,true,true,music_proxy
1037,https://freesound.org/people/RHumphries/sounds/1037/,RBH_Household_shower 02.wav,RHumphries,https://creativecommons.org/licenses/by/4.0/,5.27992,48000.0,2,wav,"[""household"", ""indoor"", ""shower"", ""water""]","water fall from showerheadStereo Recording, Recorded with a Zaxcom Deva II, and Sennheiser MKH 30 and MKH 40 as mid-side, decoded to AB stereo.",,,,,,false,false,true,true,"duration,music_proxy"
1038,https://freesound.org/people/RHumphries/sounds/1038/,RBH_Household_shower 03.wav,RHumphries,https://creativecommons.org/licenses/by/4.0/,55.9787,48000.0,2,wav,"[""household"", ""indoor"", ""shower"", ""water""]","shower turn on and run with simulated showering movement. reverberant.Stereo Recording, Recorded with a Zaxcom Deva II, and Sennheiser MKH 30 and MKH 40 as mid-side, decoded to AB stereo.",,,,,,false,true,true,true,music_proxy
1039,https://freesound.org/people/RHumphries/sounds/1039/,RBH_Household_silverware.wav,RHumphries,https://creativecommons.org/licenses/by/4.0/,29.4818,48000.0,2,wav,"[""cutlery"", ""household"", ""indoor"", ""metal"", ""rattle"", ""silverware""]","silverware movement in drawer, various types.Stereo Recording, Recorded with a Zaxcom Deva II, and Senheisser MKH 30 and MKH 40 as mid-side, deoceded to AB stereo.",,,,,,false,false,true,true,"duration,music_proxy"
1040,https://freesound.org/people/RHumphries/sounds/1040/,RBH_Household_sink 02.wav,RHumphries,https://creativecommons.org/licenses/by/4.0/,45.7814,48000.0,2,wav,"[""bathroom"", ""household"", ""indoor"", ""sink"", ""water""]","bathroom sink filling with water. mildly reverberant.Stereo Recording, Recorded with a Zaxcom Deva II, and Senheisser MKH 30 and MKH 40 as mid-side, deoceded to AB stereo.",,,,,,false,true,true,true,music_proxy
1041,https://freesound.org/people/RHumphries/sounds/1041/,RBH_Household_sink.wav,RHumphries,https://creativecommons.org/licenses/by/4.0/,44.4106,48000.0,2,wav,"[""bathroom"", ""environmental-sounds-research"", ""household"", ""indoor"", ""sink"", ""water""]","bathroom sink running and drainingStereo Recording, Recorded with a Zaxcom Deva II, and Senheisser MKH 30 and MKH 40 as mid-side, deoceded to AB stereo.",,,,,,false,true,true,true,music_proxy
1042,https://freesound.org/people/RHumphries/sounds/1042/,rbh Harley by 01.wav,RHumphries,https://creativecommons.org/licenses/by/4.0/,22.3577,48000.0,2,wav,"[""field-recording"", ""harley"", ""motorcycle"", ""outdoor"", ""pass-by""]","Harley Davidson Motorcycle pass by left to right.Stereo Recording, Recorded with a Zaxcom DevaII using a Senheisser MKH-30 and MKH-40, recorded MS, decoded to AB stereo.",,,,,,false,false,true,true,"duration,music_proxy"
1043,https://freesound.org/people/RHumphries/sounds/1043/,rbh Harley by 02.wav,RHumphries,https://creativecommons.org/licenses/by/4.0/,16.2871,48000.0,2,wav,"[""field-recording"", ""harley"", ""motorcycle"", ""outdoor"", ""pass-by""]","Harley Davidson Motorcycle pass by left to right.Stereo Recording, Recorded with a Zaxcom DevaII using a Senheisser MKH-30 and MKH-40, recorded MS, decoded to AB stereo.",,,,,,false,false,true,true,"duration,music_proxy"
1044,https://freesound.org/people/RHumphries/sounds/1044/,rbh Harley by 03.wav,RHumphries,https://creativecommons.org/licenses/by/4.0/,18.111,48000.0,2,wav,"[""field-recording"", ""harley"", ""motorcycle"", ""outdoor"", ""pass-by""]","Harley Davidson Motorcycle pass by left to right.Stereo Recording, Recorded with a Zaxcom DevaII using a Senheisser MKH-30 and MKH-40, recorded MS, decoded to AB <a href=""http://stereo.edia.com"" rel=""nofollow"">stereo.edia.com</a>",,,,,,false,false,true,true,"duration,music_proxy"
1045,https://freesound.org/people/RHumphries/sounds/1045/,rbh Harley by 04.wav,RHumphries,https://creativecommons.org/licenses/by/4.0/,27.88,48000.0,2,wav,"[""field-recording"", ""harley"", ""motorcycle"", ""outdoor"", ""pass-by""]","Harley Davidson Motorcycle pass by left to right.Stereo Recording, Recorded with a Zaxcom DevaII using a Senheisser MKH-30 and MKH-40, recorded MS, decoded to AB stereo.",,,,,,false,false,true,true,"duration,music_proxy"
1046,https://freesound.org/people/RHumphries/sounds/1046/,rbh Harley by 05.wav,RHumphries,https://creativecommons.org/licenses/by/4.0/,19.5214,48000.0,2,wav,"[""field-recording"", ""harley"", ""motorcycle"", ""outdoor"", ""pass-by""]","Harley Davidson Motorcycle pass by left to right.Stereo Recording, Recorded with a Zaxcom DevaII using a Senheisser MKH-30 and MKH-40, recorded MS, decoded to AB stereo.",,,,,,false,false,true,true,"duration,music_proxy"
1050,https://freesound.org/people/RHumphries/sounds/1050/,rbh Mpls Bog birds.wav,RHumphries,https://creativecommons.org/licenses/by/4.0/,180.047,48000.0,2,wav,"[""animal"", ""birds"", ""field-recording"", ""nature"", ""outdoor""]","Suburban Minneapolis bog ambiance. Many birds.recorded with a Zaxcom Deva II using Sennheiser MKH-30 and MKH-40, recorded as MS, decoded to AB stereo.",,,,,,false,true,true,true,music_proxy
1051,https://freesound.org/people/RHumphries/sounds/1051/,rbh Mpls bird.wav,RHumphries,https://creativecommons.org/licenses/by/4.0/,28.2201,48000.0,2,wav,"[""animal"", ""birds"", ""field-recording"", ""nature"", ""outdoor""]","Suburban Minneapolis ambiance. Many birds.recorded with a Zaxcom Deva II using Sennheiser MKH-30 and MKH-40, recorded as MS, decoded to AB stereo.",,,,,,false,false,true,true,"duration,music_proxy"
1052,https://freesound.org/people/RHumphries/sounds/1052/,rbh crickets birds quietday.wav,RHumphries,https://creativecommons.org/licenses/by/4.0/,39.7067,48000.0,2,wav,"[""animal"", ""birds"", ""crickets"", ""field-recording"", ""nature"", ""outdoor""]","Suburban ambiance. birds and crickets. daytime.recorded with a Zaxcom Deva II using Sennheiser MKH-30 and MKH-40, recorded as MS, decoded to AB stereo.",,,,,,false,true,true,true,music_proxy
1053,https://freesound.org/people/RHumphries/sounds/1053/,rbh crickets suburb night1.wav,RHumphries,https://creativecommons.org/licenses/by/4.0/,67.4335,48000.0,2,wav,"[""animal"", ""crickets"", ""field-recording"", ""nature"", ""outdoor""]",Suburban evening cricket ambiance.recorded with a minidisk recorder and an AT stereo mic.,,,,,,false,true,true,true,music_proxy
1054,https://freesound.org/people/RHumphries/sounds/1054/,rbh meadow dc crix birds.wav,RHumphries,https://creativecommons.org/licenses/by/4.0/,83.9522,48000.0,2,wav,"[""animal"", ""birds"", ""crickets"", ""field-recording"", ""nature"", ""outdoor""]","Suburban Washington DC daytime ambiance. field with crickets and birds. recorded with a Zaxcom Deva II using Sennheiser MKH-30 and MKH-40, recorded as MS, decoded to LR stereo.",,,,,,false,true,true,true,music_proxy
1055,https://freesound.org/people/RHumphries/sounds/1055/,rbh mocking bird.wav,RHumphries,https://creativecommons.org/licenses/by/4.0/,48.5595,48000.0,2,wav,"[""animal"", ""bird"", ""field-recording"", ""mocking-bird"", ""nature"", ""outdoor""]","Mockingbird bird. traffic in BG. Recorded with a Zaxcom Deva II using Sennheiser MKH-30 and MKH-40, recorded as MS, decoded to AB stereo.",,,,,,false,true,true,true,music_proxy
1056,https://freesound.org/people/RHumphries/sounds/1056/,rbh city night crickets.wav,RHumphries,https://creativecommons.org/licenses/by/4.0/,180.067,48000.0,2,wav,"[""ambience"", ""crickets"", ""field-recording"", ""nature"", ""outdoor""]","Urban nightime crickets.recorded using a Zaxcom Deva II, Sennheiser MKH-30 and MKH-40 as MS, decoded to AB stereo.",,,,,,false,true,true,true,music_proxy
1057,https://freesound.org/people/Freed/sounds/1057/,210903F.mp3,Freed,https://creativecommons.org/licenses/by/4.0/,32.872,44100.0,2,mp3,"[""layer"", ""voice""]",Voice elements in high density,,,,,,false,true,true,true,music_proxy
1058,https://freesound.org/people/Freed/sounds/1058/,090903E.mp3,Freed,https://creativecommons.org/licenses/by/4.0/,17.0073,44100.0,2,mp3,"[""spreads"", ""voice""]",Spread voice fragments slowly shifting,,,,,,false,false,true,true,"duration,music_proxy"
1059,https://freesound.org/people/Freed/sounds/1059/,210803D.mp3,Freed,https://creativecommons.org/licenses/by/4.0/,19.0859,44100.0,2,mp3,"[""spreads"", ""voice""]",Spread noisy voice fragments,,,,,,false,false,true,true,"duration,music_proxy"
1060,https://freesound.org/people/Freed/sounds/1060/,200403D.mp3,Freed,https://creativecommons.org/licenses/by/4.0/,9.12249,44100.0,2,mp3,"[""instruments"", ""voice""]","Flute and strings, talking",,,,,,false,false,true,true,"duration,music_proxy"
1061,https://freesound.org/people/Freed/sounds/1061/,200403E.mp3,Freed,https://creativecommons.org/licenses/by/4.0/,6.88762,44100.0,2,mp3,"[""instruments"", ""voice""]","Flute and strings, talking",,,,,,false,false,true,true,"duration,music_proxy"
1062,https://freesound.org/people/Freed/sounds/1062/,200403F.mp3,Freed,https://creativecommons.org/licenses/by/4.0/,13.2154,44100.0,2,mp3,"[""instruments"", ""voice""]","Flute and strings, talking",,,,,,false,false,true,true,"duration,music_proxy"
1063,https://freesound.org/people/Freed/sounds/1063/,200403G.mp3,Freed,https://creativecommons.org/licenses/by/4.0/,11.4875,44100.0,2,mp3,"[""instruments"", ""voice""]","Flute and strings, talking",,,,,,false,false,true,true,"duration,music_proxy"
1064,https://freesound.org/people/Freed/sounds/1064/,200403H.mp3,Freed,https://creativecommons.org/licenses/by/4.0/,10.3956,44100.0,2,mp3,"[""instruments"", ""voice""]","Flute and strings, talking",,,,,,false,false,true,true,"duration,music_proxy"
1065,https://freesound.org/people/Freed/sounds/1065/,200403I.mp3,Freed,https://creativecommons.org/licenses/by/4.0/,10.8515,44100.0,2,mp3,"[""instruments"", ""voice""]",Talking flute,,,,,,false,false,true,true,"duration,music_proxy"
1066,https://freesound.org/people/Freed/sounds/1066/,200403J.mp3,Freed,https://creativecommons.org/licenses/by/4.0/,11.8415,44100.0,2,mp3,"[""instruments"", ""voice""]","Bass flute and violin, talking",,,,,,false,false,true,true,"duration,music_proxy"
1067,https://freesound.org/people/Freed/sounds/1067/,200403K.mp3,Freed,https://creativecommons.org/licenses/by/4.0/,12.4624,44100.0,2,mp3,"[""instruments"", ""voice""]",Talking bass flute,,,,,,false,false,true,true,"duration,music_proxy"
1068,https://freesound.org/people/Freed/sounds/1068/,200403L.mp3,Freed,https://creativecommons.org/licenses/by/4.0/,11.2687,44100.0,2,mp3,"[""instruments"", ""voice""]",Talking bass flute,,,,,,false,false,true,true,"duration,music_proxy"
1069,https://freesound.org/people/Freed/sounds/1069/,200403M.mp3,Freed,https://creativecommons.org/licenses/by/4.0/,13.2165,44100.0,2,mp3,"[""instruments"", ""voice""]","Bass flute and violin, talking",,,,,,false,false,true,true,"duration,music_proxy"
1070,https://freesound.org/people/Freed/sounds/1070/,200403N.mp3,Freed,https://creativecommons.org/licenses/by/4.0/,11.8596,44100.0,2,mp3,"[""instruments"", ""voice""]",Talking bass flute,,,,,,false,false,true,true,"duration,music_proxy"
1071,https://freesound.org/people/Freed/sounds/1071/,200403O.mp3,Freed,https://creativecommons.org/licenses/by/4.0/,10.9356,44100.0,2,mp3,"[""instruments"", ""voice""]",Talking bass flute,,,,,,false,false,true,true,"duration,music_proxy"
1072,https://freesound.org/people/Freed/sounds/1072/,240403A.mp3,Freed,https://creativecommons.org/licenses/by/4.0/,13.761,44100.0,2,mp3,"[""instruments"", ""voice""]","Violin, talking while dancing",,,,,,false,false,true,true,"duration,music_proxy"
1073,https://freesound.org/people/Freed/sounds/1073/,240403B.mp3,Freed,https://creativecommons.org/licenses/by/4.0/,12.041,44100.0,2,mp3,"[""instruments"", ""voice""]",Talking violin,,,,,,false,false,true,true,"duration,music_proxy"
1074,https://freesound.org/people/Freed/sounds/1074/,240403C.mp3,Freed,https://creativecommons.org/licenses/by/4.0/,11.183,44100.0,2,mp3,"[""instruments"", ""voice""]",Cello talking with violin,,,,,,false,false,true,true,"duration,music_proxy"
1075,https://freesound.org/people/Freed/sounds/1075/,240403D.mp3,Freed,https://creativecommons.org/licenses/by/4.0/,7.98,44100.0,2,mp3,"[""speech"", ""voice""]","Hectic dialogue, mixed voices",,,,,,false,false,true,true,"duration,music_proxy"
1076,https://freesound.org/people/Freed/sounds/1076/,240403E.mp3,Freed,https://creativecommons.org/licenses/by/4.0/,8.758,44100.0,2,mp3,"[""speech"", ""voice""]","Hectic dialogue, higher voices",,,,,,false,false,true,true,"duration,music_proxy"
1077,https://freesound.org/people/Freed/sounds/1077/,240403F.mp3,Freed,https://creativecommons.org/licenses/by/4.0/,17.482,44100.0,2,mp3,"[""speech"", ""voice""]","Voice of an Alt, telling a story",,,,,,false,false,true,true,"duration,music_proxy"
1078,https://freesound.org/people/Freed/sounds/1078/,240403G.mp3,Freed,https://creativecommons.org/licenses/by/4.0/,12.687,44100.0,2,mp3,"[""speech"", ""voice""]","Male voice, telling a story",,,,,,false,false,true,true,"duration,music_proxy"
1079,https://freesound.org/people/Freed/sounds/1079/,261100A.mp3,Freed,https://creativecommons.org/licenses/by/4.0/,27.1939,44100.0,2,mp3,"[""voice""]",Raising field of voice sounds,,,,,,false,false,true,true,"duration,music_proxy"
1080,https://freesound.org/people/Freed/sounds/1080/,280103AA.mp3,Freed,https://creativecommons.org/licenses/by/4.0/,17.7658,44100.0,2,mp3,"[""animal"", ""birds"", ""electronic"", ""fm""]","Electronic birds, high density",,,,,,false,false,true,true,"duration,music_proxy"
1081,https://freesound.org/people/Freed/sounds/1081/,280103AB.mp3,Freed,https://creativecommons.org/licenses/by/4.0/,18.5044,44100.0,2,mp3,"[""animal"", ""birds"", ""electronic"", ""fm""]","Electronic birds, high density, some tones included",,,,,,false,false,true,true,"duration,music_proxy"
1082,https://freesound.org/people/Freed/sounds/1082/,280103M.mp3,Freed,https://creativecommons.org/licenses/by/4.0/,18.9921,44100.0,2,mp3,"[""animal"", ""birds"", ""electronic"", ""fm""]","Electronic birds, huge voice range, large reverb",,,,,,false,false,true,true,"duration,music_proxy"
1083,https://freesound.org/people/Freed/sounds/1083/,280103N.mp3,Freed,https://creativecommons.org/licenses/by/4.0/,18.912,44100.0,2,mp3,"[""animal"", ""birds"", ""electronic"", ""fm""]","Electronic birds, huge voice range, large reverb, slightly less density than its neighbored sound 280103M",,,,,,false,false,true,true,"duration,music_proxy"
1084,https://freesound.org/people/Freed/sounds/1084/,280103Q.mp3,Freed,https://creativecommons.org/licenses/by/4.0/,18.5537,44100.0,2,mp3,"[""animal"", ""birds"", ""electronic"", ""fm""]","Hectic twaddle, high voices",,,,,,false,false,true,true,"duration,music_proxy"
1085,https://freesound.org/people/Freed/sounds/1085/,280103R.mp3,Freed,https://creativecommons.org/licenses/by/4.0/,18.0335,44100.0,2,mp3,"[""animal"", ""birds"", ""electronic"", ""fm""]","Hectic twaddle, very high voices",,,,,,false,false,true,true,"duration,music_proxy"
1086,https://freesound.org/people/Freed/sounds/1086/,280103S.mp3,Freed,https://creativecommons.org/licenses/by/4.0/,18.4129,44100.0,2,mp3,"[""animal"", ""birds"", ""electronic"", ""fm""]",Clapping voice,,,,,,false,false,true,true,"duration,music_proxy"
1087,https://freesound.org/people/Freed/sounds/1087/,280103W.mp3,Freed,https://creativecommons.org/licenses/by/4.0/,19.4106,44100.0,2,mp3,"[""animal"", ""birds"", ""electronic"", ""fm""]","Hectic twaddle, single voice",,,,,,false,false,true,true,"duration,music_proxy"
1088,https://freesound.org/people/Freed/sounds/1088/,280103X.mp3,Freed,https://creativecommons.org/licenses/by/4.0/,18.2977,44100.0,2,mp3,"[""animal"", ""birds"", ""electronic"", ""fm""]","Hectic twaddle, multiple colors",,,,,,false,false,true,true,"duration,music_proxy"
1089,https://freesound.org/people/Freed/sounds/1089/,280103Y.mp3,Freed,https://creativecommons.org/licenses/by/4.0/,17.6908,44100.0,2,mp3,"[""animal"", ""birds"", ""electronic"", ""fm""]","Hectic twaddle, bubbling",,,,,,false,false,true,true,"duration,music_proxy"
1090,https://freesound.org/people/Freed/sounds/1090/,280103Z.mp3,Freed,https://creativecommons.org/licenses/by/4.0/,18.8826,44100.0,2,mp3,"[""animal"", ""birds"", ""electronic"", ""fm""]","Hectic twaddle, cawing",,,,,,false,false,true,true,"duration,music_proxy"
1091,https://freesound.org/people/Freed/sounds/1091/,081102D.mp3,Freed,https://creativecommons.org/licenses/by/4.0/,16.5839,44100.0,2,mp3,"[""animal"", ""birds"", ""electronic""]",Singing birds,,,,,,false,false,true,true,"duration,music_proxy"
1092,https://freesound.org/people/Freed/sounds/1092/,161102Q.mp3,Freed,https://creativecommons.org/licenses/by/4.0/,24.2336,44100.0,2,mp3,"[""animal"", ""birds"", ""electronic""]",Talking bird voices (deep),,,,,,false,false,true,true,"duration,music_proxy"
1093,https://freesound.org/people/Freed/sounds/1093/,181102A.mp3,Freed,https://creativecommons.org/licenses/by/4.0/,23.8141,44100.0,2,mp3,"[""animal"", ""birds"", ""electronic""]",Talking bird (high),,,,,,false,false,true,true,"duration,music_proxy"
1094,https://freesound.org/people/Freed/sounds/1094/,241102C.mp3,Freed,https://creativecommons.org/licenses/by/4.0/,20.6054,44100.0,2,mp3,"[""animal"", ""birds"", ""electronic""]",Talking bird in a cage,,,,,,false,false,true,true,"duration,music_proxy"
1095,https://freesound.org/people/Freed/sounds/1095/,130902C.mp3,Freed,https://creativecommons.org/licenses/by/4.0/,24.763,44100.0,2,mp3,"[""birds"", ""electronic""]",Flying bird,,,,,,false,false,true,true,"duration,music_proxy"
1096,https://freesound.org/people/Freed/sounds/1096/,140902A.mp3,Freed,https://creativecommons.org/licenses/by/4.0/,10.6757,44100.0,2,mp3,"[""birds"", ""electronic""]",Flying bird,,,,,,false,false,true,true,"duration,music_proxy"
1097,https://freesound.org/people/Freed/sounds/1097/,140902C.mp3,Freed,https://creativecommons.org/licenses/by/4.0/,11.2789,44100.0,2,mp3,"[""birds"", ""electronic""]",Playing bird,,,,,,false,false,true,true,"duration,music_proxy"
1098,https://freesound.org/people/Freed/sounds/1098/,140902D.mp3,Freed,https://creativecommons.org/licenses/by/4.0/,11.7982,44100.0,2,mp3,"[""birds"", ""electronic""]",Flying bird,,,,,,false,false,true,true,"duration,music_proxy"
1099,https://freesound.org/people/Freed/sounds/1099/,140902G.mp3,Freed,https://creativecommons.org/licenses/by/4.0/,13.9048,44100.0,2,mp3,"[""birds"", ""electronic""]",Flying bird,,,,,,false,false,true,true,"duration,music_proxy"
1100,https://freesound.org/people/Freed/sounds/1100/,140902H.mp3,Freed,https://creativecommons.org/licenses/by/4.0/,9.42971,44100.0,2,mp3,"[""birds"", ""electronic""]",Playing bird,,,,,,false,false,true,true,"duration,music_proxy"
1101,https://freesound.org/people/Freed/sounds/1101/,161102C.mp3,Freed,https://creativecommons.org/licenses/by/4.0/,16.1839,44100.0,2,mp3,"[""animal"", ""birds"", ""electronic"", ""fm""]",Four voices with clicks,,,,,,false,false,true,true,"duration,music_proxy"
1102,https://freesound.org/people/Freed/sounds/1102/,161102D.mp3,Freed,https://creativecommons.org/licenses/by/4.0/,17.6207,44100.0,2,mp3,"[""animal"", ""birds"", ""electronic"", ""fm""]","Low voice, dancing",,,,,,false,false,true,true,"duration,music_proxy"
1103,https://freesound.org/people/Freed/sounds/1103/,161102F.mp3,Freed,https://creativecommons.org/licenses/by/4.0/,16.2362,44100.0,2,mp3,"[""animal"", ""birds"", ""electronic"", ""fm""]","High voice, talking",,,,,,false,false,true,true,"duration,music_proxy"
1104,https://freesound.org/people/Freed/sounds/1104/,241102F.mp3,Freed,https://creativecommons.org/licenses/by/4.0/,18.7962,44100.0,2,mp3,"[""animal"", ""birds"", ""electronic"", ""fm""]",Multi-level voice,,,,,,false,false,true,true,"duration,music_proxy"
1105,https://freesound.org/people/Freed/sounds/1105/,241102H.mp3,Freed,https://creativecommons.org/licenses/by/4.0/,18.2998,44100.0,2,mp3,"[""animal"", ""birds"", ""electronic"", ""fm""]",Mystic voice,,,,,,false,false,true,true,"duration,music_proxy"
1106,https://freesound.org/people/Freed/sounds/1106/,251102B.mp3,Freed,https://creativecommons.org/licenses/by/4.0/,21.2256,44100.0,2,mp3,"[""animal"", ""birds"", ""electronic"", ""fm""]",Melodic voice,,,,,,false,false,true,true,"duration,music_proxy"
1107,https://freesound.org/people/Freed/sounds/1107/,140902A.mp3,Freed,https://creativecommons.org/licenses/by/4.0/,10.6982,44100.0,2,mp3,"[""birds"", ""electronic""]",Scattered voice,,,,,,false,false,true,true,"duration,music_proxy"
1108,https://freesound.org/people/Freed/sounds/1108/,140902B.mp3,Freed,https://creativecommons.org/licenses/by/4.0/,11.1162,44100.0,2,mp3,"[""birds"", ""electronic""]",Scattered voice,,,,,,false,false,true,true,"duration,music_proxy"
1109,https://freesound.org/people/Freed/sounds/1109/,140902E.mp3,Freed,https://creativecommons.org/licenses/by/4.0/,12.6051,44100.0,2,mp3,"[""birds"", ""electronic""]",Gliding voice,,,,,,false,false,true,true,"duration,music_proxy"
1110,https://freesound.org/people/Freed/sounds/1110/,140902F.mp3,Freed,https://creativecommons.org/licenses/by/4.0/,12.6051,44100.0,2,mp3,"[""birds"", ""electronic""]",Gliding voice,,,,,,false,false,true,true,"duration,music_proxy"
1111,https://freesound.org/people/Freed/sounds/1111/,140902H.mp3,Freed,https://creativecommons.org/licenses/by/4.0/,9.44433,44100.0,2,mp3,"[""birds"", ""electronic""]",Scattered voice,,,,,,false,false,true,true,"duration,music_proxy"
1112,https://freesound.org/people/Coblat/sounds/1112/,yiourgh.wav,Coblat,http://creativecommons.org/licenses/sampling+/1.0/,0.749977,44100.0,2,wav,"[""echo"", ""processed"", ""voice""]","reverse echoes, nothing special.",,,,,,false,false,true,true,"duration,music_proxy"
1113,https://freesound.org/people/tombola/sounds/1113/,cracklebox - crunch ring dropped onto it.wav,tombola,http://creativecommons.org/licenses/sampling+/1.0/,2.091,44100.0,1,wav,"[""acoustic"", ""analog"", ""noisy"", ""synthesized""]","Recording of a Steim
 Cracklebox (http
://musicthing.blogspot
.com/2005/03/cracklebox.html
)with an SE1 microphone and no processing at all. The machine produces  very random, hard-to-control noises when the 6 circuit-board contactsare touched. I recorded 10 minutes of fiddling, then snipped outinteresting sounding noises. In this sample, you can hear a ring being dropped onto the contacts, randomly triggering sounds. ",,,,,,false,false,true,true,"duration,music_proxy"
1114,https://freesound.org/people/tombola/sounds/1114/,cracklebox- bass with tweaks.wav,tombola,http://creativecommons.org/licenses/sampling+/1.0/,8.09875,44100.0,1,wav,"[""analog"", ""bleep"", ""drone"", ""synthesized""]","Recording of a a Steim Cracklebox (<a href=""http://musicthing.blogspot.com/2005/03/cracklebox.html"" rel=""nofollow"">http://musicthing.blogspot.com/2005/03/cracklebox.html</a>)
with an SE1 microphone and no processing at all. The machine produces
very random, hard-to-control noises when the 6 circuit-board contacts
are touched. I recorded 10 minutes of fiddling, then snipped out
interesting sounding noises. This sample is a bass drone, with rapid frequency sweeps triggered by touching other pads. ",,,,,,false,false,true,true,"duration,music_proxy"
1115,https://freesound.org/people/tombola/sounds/1115/,cracklebox- clicking.wav,tombola,http://creativecommons.org/licenses/sampling+/1.0/,3.48585,44100.0,1,wav,"[""acoustic"", ""analog"", ""bleep"", ""buzz"", ""click"", ""noisy"", ""percussion"", ""synthesized""]","Recording of a a Steim Cracklebox (<a href=""http://musicthing.blogspot.com/2005/03/cracklebox.html"" rel=""nofollow"">http://musicthing.blogspot.com/2005/03/cracklebox.html</a>)
with an SE1 microphone and no processing at all. The machine produces
very random, hard-to-control noises when the 6 circuit-board contacts
are touched. I recorded 10 minutes of fiddling, then snipped out
interesting sounding noises. This sample is a low frequency clicking, possibly triggered by a ring resting on the contacts, with a nice bleep at the end. ",,,,,,false,false,true,true,"duration,music_proxy"
1116,https://freesound.org/people/tombola/sounds/1116/,cracklebox- crunch then ping down.wav,tombola,http://creativecommons.org/licenses/sampling+/1.0/,0.797506,44100.0,1,wav,"[""acoustic"", ""analog"", ""bleep"", ""click"", ""noisy"", ""percussion"", ""synthesized""]","Recording of a a Steim Cracklebox (<a href=""http://musicthing.blogspot.com/2005/03/cracklebox.html"" rel=""nofollow"">http://musicthing.blogspot.com/2005/03/cracklebox.html</a>)
with an SE1 microphone and no processing at all. The machine produces
very random, hard-to-control noises when the 6 circuit-board contacts
are touched. I recorded 10 minutes of fiddling, then snipped out
interesting sounding noises. This sample is a few crunchy clicks, followed by a nice bleep. ",,,,,,false,false,true,true,"duration,music_proxy"
1117,https://freesound.org/people/tombola/sounds/1117/,cracklebox- evaporating bleep.wav,tombola,http://creativecommons.org/licenses/sampling+/1.0/,0.658413,44100.0,1,wav,"[""acoustic"", ""analog"", ""bleep"", ""percussion"", ""synthesized""]","Recording of a a Steim Cracklebox (<a href=""http://musicthing.blogspot.com/2005/03/cracklebox.html"" rel=""nofollow"">http://musicthing.blogspot.com/2005/03/cracklebox.html</a>)
with an SE1 microphone and no processing at all. The machine produces
very random, hard-to-control noises when the 6 circuit-board contacts
are touched. I recorded 10 minutes of fiddling, then snipped out
interesting sounding noises. This sample is a slightly strange, bloopy bleep. ",,,,,,false,false,true,true,"duration,music_proxy"
1118,https://freesound.org/people/tombola/sounds/1118/,cracklebox- gritty bleeps.wav,tombola,http://creativecommons.org/licenses/sampling+/1.0/,0.468435,44100.0,1,wav,"[""acoustic"", ""analog"", ""bleep"", ""noisy"", ""percussion"", ""synthesized""]","Recording of a a Steim Cracklebox (<a href=""http://musicthing.blogspot.com/2005/03/cracklebox.html"" rel=""nofollow"">http://musicthing.blogspot.com/2005/03/cracklebox.html</a>)
with an SE1 microphone and no processing at all. The machine produces
very random, hard-to-control noises when the 6 circuit-board contacts
are touched. I recorded 10 minutes of fiddling, then snipped out
interesting sounding noises. This sample is a couple of short, medium-frequency bleeps. ",,,,,,false,false,true,true,"duration,music_proxy"
1119,https://freesound.org/people/tombola/sounds/1119/,cracklebox- high bloop.wav,tombola,http://creativecommons.org/licenses/sampling+/1.0/,0.827755,44100.0,1,wav,"[""acoustic"", ""analog"", ""bleep"", ""noisy"", ""percussion"", ""synthesized""]","Recording of a a Steim Cracklebox (<a href=""http://musicthing.blogspot.com/2005/03/cracklebox.html"" rel=""nofollow"">http://musicthing.blogspot.com/2005/03/cracklebox.html</a>)
with an SE1 microphone and no processing at all. The machine produces
very random, hard-to-control noises when the 6 circuit-board contacts
are touched. I recorded 10 minutes of fiddling, then snipped out
interesting sounding noises. This sample is one bleep, then another very high frequency bleep/sweep. ",,,,,,false,false,true,true,"duration,music_proxy"
1120,https://freesound.org/people/tombola/sounds/1120/,cracklebox- nasty noise.wav,tombola,http://creativecommons.org/licenses/sampling+/1.0/,3.23451,44100.0,1,wav,"[""acoustic"", ""analog"", ""bleep"", ""click"", ""noisy"", ""synthesized""]","Recording of a a Steim Cracklebox (<a href=""http://musicthing.blogspot.com/2005/03/cracklebox.html"" rel=""nofollow"">http://musicthing.blogspot.com/2005/03/cracklebox.html</a>)
with an SE1 microphone and no processing at all. The machine produces
very random, hard-to-control noises when the 6 circuit-board contacts
are touched. I recorded 10 minutes of fiddling, then snipped out
interesting sounding noises. When a metal object (in this case my
wedding ring) is dropped onto the cracklebox, the rough surface causes
it to trigger loads of different connections, very fast. It sounds a
bit like a modem connecting, with a nice bleep/sweep at the end.",,,,,,false,false,true,true,"duration,music_proxy"
1121,https://freesound.org/people/tombola/sounds/1121/,cracklebox- odd doppler.wav,tombola,http://creativecommons.org/licenses/sampling+/1.0/,0.870272,44100.0,1,wav,"[""acoustic"", ""analog"", ""bleep"", ""electro"", ""percussion"", ""synthesized""]","Recording of a Steim Cracklebox (<a href=""http://musicthing.blogspot.com/2005/03/cracklebox.html"" rel=""nofollow"">http://musicthing.blogspot.com/2005/03/cracklebox.html</a>) with
an SE1 microphone and no processing at all. The machine produces very
random, hard-to-control noises when the 6 circuit-board contacts are
touched. I recorded 10 minutes of fiddling, then snipped out
interesting sounding noises. This sample is a strange, high-frequency
bleep, which sounds like a doppler shift, but is just another random Cracklebox noise. ",,,,,,false,false,true,true,"duration,music_proxy"
1122,https://freesound.org/people/tombola/sounds/1122/,cracklebox- pweowp.wav,tombola,http://creativecommons.org/licenses/sampling+/1.0/,0.2,44100.0,1,wav,"[""acoustic"", ""analog"", ""bleep"", ""electro"", ""noisy"", ""percussion"", ""synthesized""]","Recording of a a Steim Cracklebox (<a href=""http://musicthing.blogspot.com/2005/03/cracklebox.html"" rel=""nofollow"">http://musicthing.blogspot.com/2005/03/cracklebox.html</a>)
with an SE1 microphone and no processing at all. The machine produces
very random, hard-to-control noises when the 6 circuit-board contacts
are touched. I recorded 10 minutes of fiddling, then snipped out
interesting sounding noises. This sample is a nice, electro-ish high frequency bleep. ",,,,,,false,false,true,true,"duration,music_proxy"
1123,https://freesound.org/people/tombola/sounds/1123/,cracklebox- rhythmic squawks.wav,tombola,http://creativecommons.org/licenses/sampling+/1.0/,4.16007,44100.0,1,wav,"[""acoustic"", ""analog"", ""bleep"", ""drone"", ""noisy"", ""synthesized""]","Recording of a a Steim Cracklebox (<a href=""http://musicthing.blogspot.com/2005/03/cracklebox.html"" rel=""nofollow"">http://musicthing.blogspot.com/2005/03/cracklebox.html</a>)
with an SE1 microphone and no processing at all. The machine produces
very random, hard-to-control noises when the 6 circuit-board contacts
are touched. I recorded 10 minutes of fiddling, then snipped out
interesting sounding noises. This sample is a drone, with vaguely rhythmic bleeps and swoops caused by touching extra pads. ",,,,,,false,false,true,true,"duration,music_proxy"
1124,https://freesound.org/people/tombola/sounds/1124/,cracklebox- scream then sweep down.wav,tombola,http://creativecommons.org/licenses/sampling+/1.0/,4.60188,44100.0,1,wav,"[""acoustic"", ""analog"", ""bleep"", ""noisy"", ""squeak"", ""synthesized""]","Recording of a a Steim Cracklebox (<a href=""http://musicthing.blogspot.com/2005/03/cracklebox.html"" rel=""nofollow"">http://musicthing.blogspot.com/2005/03/cracklebox.html</a>)
with an SE1 microphone and no processing at all. The machine produces
very random, hard-to-control noises when the 6 circuit-board contacts
are touched. I recorded 10 minutes of fiddling, then snipped out
interesting sounding noises. This sample is a very high pitched squeak, followed by a long downward pitch sweep. ",,,,,,false,false,true,true,"duration,music_proxy"
1125,https://freesound.org/people/tombola/sounds/1125/,cracklebox- squeak sqwawk.wav,tombola,http://creativecommons.org/licenses/sampling+/1.0/,1.12692,44100.0,1,wav,"[""acoustic"", ""analog"", ""bleep"", ""noisy"", ""squeak"", ""synthesized""]","Recording of a Steim Cracklebox (<a href=""http://musicthing.blogspot.com/2005/03/cracklebox.html"" rel=""nofollow"">http://musicthing.blogspot.com/2005/03/cracklebox.html</a>"") with an SE1 microphone and no processing at all. The machine produces veryrandom, hard-to-control noises when the 6 circuit-board contacts aretouched. I recorded 10 minutes of fiddling, then snipped outinteresting sounding noises. This sample is a very random gear-changingsqueak.",,,,,,false,false,true,true,"duration,music_proxy"
1126,https://freesound.org/people/tombola/sounds/1126/,cracklebox- sweep down.wav,tombola,http://creativecommons.org/licenses/sampling+/1.0/,2.92222,44100.0,1,wav,"[""acoustic"", ""analog"", ""bleep"", ""noisy"", ""synthesized""]","Recording of a Steim Cracklebox(<a href=""http://musicthing.blogspot.com/2005/03/cracklebox.html"" rel=""nofollow"">http://musicthing.blogspot.com/2005/03/cracklebox.html</a>)withan
SE1 microphone and no processing at all. The machine produces very
random, hard-to-control noises when the 6 circuit-board contacts aretouched.
I recorded 10 minutes of fiddling, then snipped out interesting
sounding noises. Sometimes, touching the pads produces a surprisingly
smooth, controlled tone, like this long pitch sweep.",,,,,,false,false,true,true,"duration,music_proxy"
1127,https://freesound.org/people/nathanialfreitas/sounds/1127/,BusyLhasaStreet.mp3,nathanialfreitas,https://creativecommons.org/licenses/by/4.0/,75.926,44100.0,2,mp3,"[""field"", ""field-recording"", ""recording"", ""street"", ""tibet""]","Recorded in April 2004 in Lhasa, Tibet, on Mentseekhang Lam (Hospital Road), Near the Jokhang Square. Minidisc with Sony Stereo Mic.",,,,,,false,true,true,true,music_proxy
1128,https://freesound.org/people/walkerbelm/sounds/1128/,the most influencial drums 01.wav,walkerbelm,https://creativecommons.org/licenses/by/4.0/,1.72662,44100.0,2,wav,"[""beat"", ""drums"", ""electronic"", ""loop"", ""minimal""]",drum loops with short to medium decay,,,,,,false,false,true,true,"duration,music_proxy"
1129,https://freesound.org/people/walkerbelm/sounds/1129/,the most influencial drums 02.wav,walkerbelm,https://creativecommons.org/licenses/by/4.0/,1.72662,44100.0,2,wav,"[""beat"", ""drums"", ""electronic"", ""loop"", ""minimal""]",drum loops with short to medium decay,,,,,,false,false,true,true,"duration,music_proxy"
1130,https://freesound.org/people/walkerbelm/sounds/1130/,the most influencial drums 03.wav,walkerbelm,https://creativecommons.org/licenses/by/4.0/,1.72662,44100.0,2,wav,"[""beat"", ""drums"", ""electronic"", ""loop"", ""minimal""]",drum loops with short to medium decay,,,,,,false,false,true,true,"duration,music_proxy"
1131,https://freesound.org/people/walkerbelm/sounds/1131/,the most influencial drums 04.wav,walkerbelm,https://creativecommons.org/licenses/by/4.0/,1.72662,44100.0,2,wav,"[""beat"", ""drums"", ""electronic"", ""loop"", ""minimal""]",drum loop with short to medium decay. glitchy,,,,,,false,false,true,true,"duration,music_proxy"
1132,https://freesound.org/people/walkerbelm/sounds/1132/,the most influencial drums 05.wav,walkerbelm,https://creativecommons.org/licenses/by/4.0/,1.72662,44100.0,2,wav,"[""beat"", ""drums"", ""electronic"", ""loop"", ""minimal""]",drum loops with short to medium decay. Sample name is deceptive,,,,,,false,false,true,true,"duration,music_proxy"
1133,https://freesound.org/people/walkerbelm/sounds/1133/,the most influencial drums 06.wav,walkerbelm,https://creativecommons.org/licenses/by/4.0/,1.72662,44100.0,2,wav,"[""beat"", ""drums"", ""electronic"", ""loop"", ""minimal""]",drum loops with short to medium decay,,,,,,false,false,true,true,"duration,music_proxy"
1134,https://freesound.org/people/walkerbelm/sounds/1134/,the most influencial drums 07.wav,walkerbelm,https://creativecommons.org/licenses/by/4.0/,1.72662,44100.0,2,wav,"[""beat"", ""drums"", ""electronic"", ""loop"", ""minimal""]",drum loops with short to medium decay,,,,,,false,false,true,true,"duration,music_proxy"
1135,https://freesound.org/people/walkerbelm/sounds/1135/,the most influencial drums 08.wav,walkerbelm,https://creativecommons.org/licenses/by/4.0/,1.72662,44100.0,2,wav,"[""beat"", ""drums"", ""electronic"", ""loop"", ""minimal""]",drum loop. heavily distorted analogue bassdrum and tom sounds,,,,,,false,false,true,true,"duration,music_proxy"
1136,https://freesound.org/people/walkerbelm/sounds/1136/,the most influencial drums 09.wav,walkerbelm,https://creativecommons.org/licenses/by/4.0/,1.72662,44100.0,2,wav,"[""beat"", ""drums"", ""electronic"", ""loop"", ""minimal""]",drum loops with short to medium decay,,,,,,false,false,true,true,"duration,music_proxy"
1137,https://freesound.org/people/walkerbelm/sounds/1137/,the most influencial drums 10.wav,walkerbelm,https://creativecommons.org/licenses/by/4.0/,1.72662,44100.0,2,wav,"[""4"", ""beat"", ""drums"", ""electronic"", ""loop"", ""minimal""]",distorted 4/4 techno beat with hi-hats,,,,,,false,false,true,true,"duration,music_proxy"
1138,https://freesound.org/people/walkerbelm/sounds/1138/,shirt.wav,walkerbelm,https://creativecommons.org/licenses/by/4.0/,3.42857,44100.0,2,wav,"[""beat"", ""drums"", ""electronic"", ""flange"", ""loop"", ""noise"", ""percussion""]",flanging noisy drum loop,,,,,,false,false,true,true,"duration,music_proxy"
1139,https://freesound.org/people/walkerbelm/sounds/1139/,shirtmonkey.wav,walkerbelm,https://creativecommons.org/licenses/by/4.0/,3.42857,44100.0,2,wav,"[""alarm"", ""drone"", ""electronic"", ""rise"", ""siren""]",a rising electronic alarm type sound or more likely charging of the laser cannons,,,,,,false,false,true,true,"duration,music_proxy"
1140,https://freesound.org/people/walkerbelm/sounds/1140/,shirtsy distort.wav,walkerbelm,https://creativecommons.org/licenses/by/4.0/,3.4293,44100.0,2,wav,"[""distorted"", ""distortion"", ""hard"", ""loop"", ""noise"", ""percussion""]","distorted percussion loop, quite hard. distorted version of shirtsy lopped.wav",,,,,,false,false,true,true,"duration,music_proxy"
1141,https://freesound.org/people/walkerbelm/sounds/1141/,shirtsy lopped.wav,walkerbelm,https://creativecommons.org/licenses/by/4.0/,3.4293,44100.0,2,wav,"[""electronic"", ""loop"", ""percussion""]",a kind of horrible retching percussion loop. Clean version of shirtsy distort.wav,,,,,,false,false,true,true,"duration,music_proxy"
1142,https://freesound.org/people/walkerbelm/sounds/1142/,shirtsy pluck 1.wav,walkerbelm,https://creativecommons.org/licenses/by/4.0/,3.4293,44100.0,2,wav,"[""glitch"", ""loop"", ""plucked"", ""string""]",glitchy version of shirtsy plucked.wav,,,,,,false,false,true,true,"duration,music_proxy"
1143,https://freesound.org/people/walkerbelm/sounds/1143/,shirtsy pluck 2.wav,walkerbelm,https://creativecommons.org/licenses/by/4.0/,3.4293,44100.0,2,wav,"[""glitch"", ""loop"", ""plucked"", ""string""]",glitchy version of shirtsy plucked.wav,,,,,,false,false,true,true,"duration,music_proxy"
1144,https://freesound.org/people/walkerbelm/sounds/1144/,shirtsy pluck.wav,walkerbelm,https://creativecommons.org/licenses/by/4.0/,3.4293,44100.0,2,wav,"[""loop"", ""plucked"", ""string""]",Plucked string instrument type sound with reverb,,,,,,false,false,true,true,"duration,music_proxy"
1145,https://freesound.org/people/walkerbelm/sounds/1145/,shirtsy wierd.wav,walkerbelm,https://creativecommons.org/licenses/by/4.0/,3.4293,44100.0,2,wav,"[""loop"", ""random""]",half barking random loop. Sounds like a broken duck,,,,,,false,false,true,true,"duration,music_proxy"
1146,https://freesound.org/people/walkerbelm/sounds/1146/,shirtsydelay.wav,walkerbelm,https://creativecommons.org/licenses/by/4.0/,3.4293,44100.0,2,wav,"[""electronic"", ""loop""]",electronic loop with delay,,,,,,false,false,true,true,"duration,music_proxy"
1147,https://freesound.org/people/walkerbelm/sounds/1147/,shirtsydelay1.wav,walkerbelm,https://creativecommons.org/licenses/by/4.0/,3.4293,44100.0,2,wav,"[""electronic"", ""random""]",sounds like a vomiting robot. randomized version of shirtsy lopped,,,,,,false,false,true,true,"duration,music_proxy"
1148,https://freesound.org/people/walkerbelm/sounds/1148/,shirty.wav,walkerbelm,https://creativecommons.org/licenses/by/4.0/,6.8571,44100.0,2,wav,"[""bass"", ""electronic"", ""glitch"", ""loop"", ""percussion"", ""roll""]",synth bass and drum roll type thing,,,,,,false,false,true,true,"duration,music_proxy"
1149,https://freesound.org/people/walkerbelm/sounds/1149/,sleeve voc.wav,walkerbelm,https://creativecommons.org/licenses/by/4.0/,8.00073,44100.0,2,wav,"[""electronic"", ""loop"", ""noise"", ""vocal"", ""vocoded""]",cut up rap through vocoder with noise carrier,,,,,,false,false,true,true,"duration,music_proxy"
1151,https://freesound.org/people/walkerbelm/sounds/1151/,nasty loop.wav,walkerbelm,https://creativecommons.org/licenses/by/4.0/,3.42857,44100.0,2,wav,"[""beat"", ""distorted"", ""loop"", ""percussion""]",a distorted analog beatbox loop through a high pass filter ,,,,,,false,false,true,true,"duration,music_proxy"
1152,https://freesound.org/people/walkerbelm/sounds/1152/,backwards.wav,walkerbelm,https://creativecommons.org/licenses/by/4.0/,3.70163,44100.0,2,wav,"[""drums"", ""electronic"", ""loop"", ""noise""]",drum loop through a bit reduction plugin and reversed,,,,,,false,false,true,true,"duration,music_proxy"
1153,https://freesound.org/people/walkerbelm/sounds/1153/,bit.wav,walkerbelm,https://creativecommons.org/licenses/by/4.0/,1.84744,44100.0,2,wav,"[""alarm"", ""electronic""]",chord stab made with maelstrom synth in reason,,,,,,false,false,true,true,"duration,music_proxy"
1154,https://freesound.org/people/walkerbelm/sounds/1154/,bt intro.wav,walkerbelm,https://creativecommons.org/licenses/by/4.0/,3.43367,44100.0,2,wav,"[""electronic"", ""loop"", ""percussion""]",fm percussion loop made with Yamaha DX100,,,,,,false,false,true,true,"duration,music_proxy"
1155,https://freesound.org/people/walkerbelm/sounds/1155/,cvar.wav,walkerbelm,https://creativecommons.org/licenses/by/4.0/,7.11111,44100.0,2,wav,"[""distorted"", ""electronic"", ""loop"", ""noise"", ""percussion""]",disjointed noisy percussion loop. variation of cvarloop1.wav,,,,,,false,false,true,true,"duration,music_proxy"
1156,https://freesound.org/people/walkerbelm/sounds/1156/,cvarloop1.wav,walkerbelm,https://creativecommons.org/licenses/by/4.0/,7.11111,44100.0,2,wav,"[""distorted"", ""electronic"", ""loop"", ""noise"", ""percussion""]",disjointed noisy percussion loop.variation of cvar.wav,,,,,,false,false,true,true,"duration,music_proxy"
1157,https://freesound.org/people/walkerbelm/sounds/1157/,essentials perc.wav,walkerbelm,https://creativecommons.org/licenses/by/4.0/,4.00109,44100.0,2,wav,"[""electronic"", ""fm"", ""loop"", ""percussion"", ""synth""]",electronic percussion loop with a swing feel,,,,,,false,false,true,true,"duration,music_proxy"
1158,https://freesound.org/people/walkerbelm/sounds/1158/,gambnass.wav,walkerbelm,https://creativecommons.org/licenses/by/4.0/,1.88848,22050.0,2,wav,"[""electronic"", ""fm"", ""loop"", ""synth""]",made with nanoloop,,,,,,false,false,true,true,"duration,music_proxy"
1159,https://freesound.org/people/walkerbelm/sounds/1159/,gamegirl.wav,walkerbelm,https://creativecommons.org/licenses/by/4.0/,1.88086,22050.0,2,wav,"[""electronic"", ""fm"", ""loop"", ""percussion"", ""random"", ""synth""]",made with nanoloop,,,,,,false,false,true,true,"duration,music_proxy"
1160,https://freesound.org/people/walkerbelm/sounds/1160/,gloom spring.wav,walkerbelm,https://creativecommons.org/licenses/by/4.0/,3.38141,44100.0,2,wav,"[""boing"", ""electronic"", ""loop"", ""percussion"", ""synth""]",boingy rising synth loop,,,,,,false,false,true,true,"duration,music_proxy"
1161,https://freesound.org/people/walkerbelm/sounds/1161/,rael women perc.wav,walkerbelm,https://creativecommons.org/licenses/by/4.0/,7.27365,44100.0,2,wav,"[""electronic"", ""fm"", ""loop"", ""percussion"", ""random"", ""synth""]",electronic percussion loop,,,,,,false,false,true,true,"duration,music_proxy"
1162,https://freesound.org/people/walkerbelm/sounds/1162/,so fmperc.wav,walkerbelm,https://creativecommons.org/licenses/by/4.0/,3.4293,44100.0,2,wav,"[""electronic"", ""fm"", ""loop"", ""percussion"", ""random"", ""synth""]",electronic percussion loop,,,,,,false,false,true,true,"duration,music_proxy"
1163,https://freesound.org/people/walkerbelm/sounds/1163/,why should I reverbed.wav,walkerbelm,https://creativecommons.org/licenses/by/4.0/,7.16481,44100.0,2,wav,"[""distorted"", ""electronic"", ""loop""]",distorted percussion loop with reverb,,,,,,false,false,true,true,"duration,music_proxy"
1164,https://freesound.org/people/walkerbelm/sounds/1164/,chill pipes.wav,walkerbelm,https://creativecommons.org/licenses/by/4.0/,1.24447,44100.0,2,wav,"[""dischord"", ""glitch"", ""shrill""]",horrible shrill glitchy thing.,,,,,,false,false,true,true,"duration,music_proxy"
1165,https://freesound.org/people/walkerbelm/sounds/1165/,film loop.wav,walkerbelm,https://creativecommons.org/licenses/by/4.0/,2.82415,44100.0,2,wav,"[""distorted"", ""drum"", ""loop""]",slow distorted metallic drum loop with delay. made with audimulch,,,,,,false,false,true,true,"duration,music_proxy"
1166,https://freesound.org/people/walkerbelm/sounds/1166/,funk funk 2.wav,walkerbelm,https://creativecommons.org/licenses/by/4.0/,1.84528,44100.0,2,wav,"[""electronic"", ""funk"", ""guitar"", ""loop"", ""percussion""]",effected guitar with percussion,,,,,,false,false,true,true,"duration,music_proxy"
1167,https://freesound.org/people/walkerbelm/sounds/1167/,sidstyle ripped.WAV,walkerbelm,https://creativecommons.org/licenses/by/4.0/,3.459,44100.0,2,wav,"[""blurred"", ""drum"", ""electronic"", ""loop"", ""percussion""]",blurred electronic drum loop,,,,,,false,false,true,true,"duration,music_proxy"
1168,https://freesound.org/people/walkerbelm/sounds/1168/,so synth.wav,walkerbelm,https://creativecommons.org/licenses/by/4.0/,3.4293,44100.0,2,wav,"[""electro"", ""electronic"", ""lead"", ""melody"", ""synth""]",lead synth line,,,,,,false,false,true,true,"duration,music_proxy"
1169,https://freesound.org/people/walkerbelm/sounds/1169/,swoosh.wav,walkerbelm,https://creativecommons.org/licenses/by/4.0/,7.3288,44100.0,2,wav,"[""chord"", ""jazz"", ""loop"", ""sustained"", ""synth""]",sustained jazzy synth chords made with KORG DS8,,,,,,false,false,true,true,"duration,music_proxy"
1170,https://freesound.org/people/walkerbelm/sounds/1170/,tony the bell.wav,walkerbelm,https://creativecommons.org/licenses/by/4.0/,3.721,44100.0,2,wav,"[""electronic"", ""loop"", ""percussion"", ""pitched""]",triangle like electronic percussion loop melody thing. I need help with these descriptions,,,,,,false,false,true,true,"duration,music_proxy"
1171,https://freesound.org/people/walkerbelm/sounds/1171/,tony the hats.wav,walkerbelm,https://creativecommons.org/licenses/by/4.0/,3.721,44100.0,2,wav,"[""drums"", ""hats"", ""loop"", ""percussion""]",hi hat loop with some delay,,,,,,false,false,true,true,"duration,music_proxy"
1172,https://freesound.org/people/walkerbelm/sounds/1172/,wicked masn.wav,walkerbelm,https://creativecommons.org/licenses/by/4.0/,3.42857,44100.0,2,wav,"[""electro"", ""electronic"", ""lead"", ""loop"", ""melody"", ""synth""]",dischordant lead synth,,,,,,false,false,true,true,"duration,music_proxy"
1173,https://freesound.org/people/walkerbelm/sounds/1173/,woody drums.wav,walkerbelm,https://creativecommons.org/licenses/by/4.0/,8.4956,44100.0,2,wav,"[""beat"", ""drums"", ""loop"", ""midi""]",a drum loop made in audiomulch ,,,,,,false,false,true,true,"duration,music_proxy"
1174,https://freesound.org/people/nicStage/sounds/1174/,azraelHappy2.wav,nicStage,https://creativecommons.org/licenses/by/4.0/,0.65415,44100.0,1,wav,"[""baby"", ""child"", ""human"", ""voice""]",unprocessed sound of 6 month old baby boy (my son).  recorded with a large diaphragm condenser . . .,,,,,,false,false,true,true,"duration,music_proxy"
1175,https://freesound.org/people/nicStage/sounds/1175/,azraelHappy3.wav,nicStage,https://creativecommons.org/licenses/by/4.0/,0.627256,44100.0,1,wav,"[""baby"", ""child"", ""human"", ""voice""]",unprocessed sound of 6 month old baby boy (my son).  recorded with a large diaphragm condenser . . .,,,,,,false,false,true,true,"duration,music_proxy"
1176,https://freesound.org/people/nicStage/sounds/1176/,azraelHappy4.wav,nicStage,https://creativecommons.org/licenses/by/4.0/,0.674603,44100.0,1,wav,"[""baby"", ""child"", ""human"", ""voice""]",unprocessed sound of 6 month old baby boy (my son).  recorded with a large diaphram condensor . . .,,,,,,false,false,true,true,"duration,music_proxy"
1177,https://freesound.org/people/nicStage/sounds/1177/,azraelWorkinItLoop.wav,nicStage,https://creativecommons.org/licenses/by/4.0/,1.61417,44100.0,1,wav,"[""baby"", ""child"", ""human"", ""voice""]",my son.  7 months old.  large diaphragm condenser.  unprocessed.,,,,,,false,false,true,true,"duration,music_proxy"
1178,https://freesound.org/people/nicStage/sounds/1178/,guitar string ominous.wav,nicStage,https://creativecommons.org/licenses/by/4.0/,23.4982,44100.0,1,wav,"[""ambient"", ""dark"", ""loop"", ""scary""]",plucked acoustic guitar string.  heavily processed and loop formatted.,,,,,,false,false,true,true,"duration,music_proxy"
1179,https://freesound.org/people/nicStage/sounds/1179/,smeared bell.wav,nicStage,https://creativecommons.org/licenses/by/4.0/,51.9943,44100.0,2,wav,"[""ambient"", ""textural""]",non-percussive bell.  processed heavily (reverb).,,,,,,false,true,true,true,music_proxy
1180,https://freesound.org/people/pixelator/sounds/1180/,page_turn.wav,pixelator,http://creativecommons.org/publicdomain/zero/1.0/,0.789478,44100.0,1,wav,"[""page"", ""paper""]",The sound of a page in a book flipping.,,,,,,false,false,true,true,"duration,music_proxy"
1181,https://freesound.org/people/malonso/sounds/1181/,dvd-noise.wav,malonso,http://creativecommons.org/publicdomain/zero/1.0/,16.0126,44100.0,2,wav,"[""digital"", ""dvd"", ""noise""]",digital noise obtained by playing a dvd as an audio cd,,,,,,false,false,true,true,"duration,music_proxy"
1182,https://freesound.org/people/malonso/sounds/1182/,cd-noise.wav,malonso,http://creativecommons.org/publicdomain/zero/1.0/,8.95844,44100.0,2,wav,"[""cd"", ""digital"", ""noise""]",digital noise obtained from a badly burned audio cd,,,,,,false,false,true,true,"duration,music_proxy"
1183,https://freesound.org/people/malonso/sounds/1183/,mpeg-noise.wav,malonso,http://creativecommons.org/publicdomain/zero/1.0/,7.00082,44100.0,2,wav,"[""digital"", ""glitch"", ""mpeg"", ""noise""]",digital noise obtained playing an mpeg video file with an old winamp version (non video capable),,,,,,false,false,true,true,"duration,music_proxy"
1184,https://freesound.org/people/Freed/sounds/1184/,011101A.mp3,Freed,https://creativecommons.org/licenses/by/4.0/,30.2639,44100.0,2,mp3,"[""noise"", ""repetitions""]",Pumping noise,,,,,,false,true,true,true,music_proxy
1185,https://freesound.org/people/Freed/sounds/1185/,011101B.mp3,Freed,https://creativecommons.org/licenses/by/4.0/,16.5235,44100.0,2,mp3,"[""noise"", ""repetitions""]",Rotating noises,,,,,,false,false,true,true,"duration,music_proxy"
1186,https://freesound.org/people/Freed/sounds/1186/,011101C.mp3,Freed,https://creativecommons.org/licenses/by/4.0/,22.5056,44100.0,2,mp3,"[""noise"", ""repetitions""]",Pumping and rotating noises,,,,,,false,false,true,true,"duration,music_proxy"
1187,https://freesound.org/people/Freed/sounds/1187/,030604E.mp3,Freed,https://creativecommons.org/licenses/by/4.0/,14.7472,44100.0,2,mp3,"[""noise"", ""repetitions""]",Filtered noise chain,,,,,,false,false,true,true,"duration,music_proxy"
1188,https://freesound.org/people/Freed/sounds/1188/,060701A.mp3,Freed,https://creativecommons.org/licenses/by/4.0/,15.139,44100.0,2,mp3,"[""noise"", ""repetitions""]",Fluttery noises,,,,,,false,false,true,true,"duration,music_proxy"
1189,https://freesound.org/people/Freed/sounds/1189/,071001A.mp3,Freed,https://creativecommons.org/licenses/by/4.0/,26.0843,44100.0,2,mp3,"[""noise"", ""repetitions""]",Noise track,,,,,,false,false,true,true,"duration,music_proxy"
1190,https://freesound.org/people/Freed/sounds/1190/,011003D.mp3,Freed,https://creativecommons.org/licenses/by/4.0/,31.2593,44100.0,2,mp3,"[""noise"", ""repetitions""]",Noise duet,,,,,,false,true,true,true,music_proxy
1191,https://freesound.org/people/Freed/sounds/1191/,030701B-.mp3,Freed,https://creativecommons.org/licenses/by/4.0/,14.4342,44100.0,2,mp3,"[""noise"", ""repetitions""]",Dancing noise,,,,,,false,false,true,true,"duration,music_proxy"
1192,https://freesound.org/people/Freed/sounds/1192/,050701A-.mp3,Freed,https://creativecommons.org/licenses/by/4.0/,20.8913,44100.0,2,mp3,"[""noise"", ""repetitions""]",Wiping noise,,,,,,false,false,true,true,"duration,music_proxy"
1193,https://freesound.org/people/Freed/sounds/1193/,290901Q.mp3,Freed,https://creativecommons.org/licenses/by/4.0/,14.9966,44100.0,2,mp3,"[""noise"", ""repetitions""]",Mystic trip,,,,,,false,false,true,true,"duration,music_proxy"
1194,https://freesound.org/people/Freed/sounds/1194/,M10-.mp3,Freed,https://creativecommons.org/licenses/by/4.0/,7.01215,44100.0,2,mp3,"[""noise"", ""repetitions""]",Ticking cloud,,,,,,false,false,true,true,"duration,music_proxy"
1195,https://freesound.org/people/Freed/sounds/1195/,M41-.mp3,Freed,https://creativecommons.org/licenses/by/4.0/,5.85946,44100.0,2,mp3,"[""noise"", ""repetitions""]",Rotating noise,,,,,,false,false,true,true,"duration,music_proxy"
1196,https://freesound.org/people/Freed/sounds/1196/,170404C.mp3,Freed,https://creativecommons.org/licenses/by/4.0/,10.8419,44100.0,2,mp3,"[""noise"", ""repetitions""]",Staccato noise,,,,,,false,false,true,true,"duration,music_proxy"
1197,https://freesound.org/people/Freed/sounds/1197/,050701E.mp3,Freed,https://creativecommons.org/licenses/by/4.0/,19.2141,44100.0,2,mp3,"[""noise""]",Noise transitions,,,,,,false,false,true,true,"duration,music_proxy"
1198,https://freesound.org/people/Freed/sounds/1198/,050701F.mp3,Freed,https://creativecommons.org/licenses/by/4.0/,13.9374,44100.0,2,mp3,"[""noise""]",Noise transitions,,,,,,false,false,true,true,"duration,music_proxy"
1199,https://freesound.org/people/Freed/sounds/1199/,050701L.mp3,Freed,https://creativecommons.org/licenses/by/4.0/,16.0011,44100.0,2,mp3,"[""noise""]",Wiping noise,,,,,,false,false,true,true,"duration,music_proxy"
1200,https://freesound.org/people/Freed/sounds/1200/,050701M.mp3,Freed,https://creativecommons.org/licenses/by/4.0/,17.8296,44100.0,2,mp3,"[""noise""]",Traveling noise,,,,,,false,false,true,true,"duration,music_proxy"
1201,https://freesound.org/people/Freed/sounds/1201/,051001L.mp3,Freed,https://creativecommons.org/licenses/by/4.0/,10.8811,44100.0,2,mp3,"[""noise""]",Rotating noise,,,,,,false,false,true,true,"duration,music_proxy"
1202,https://freesound.org/people/Freed/sounds/1202/,051001N.mp3,Freed,https://creativecommons.org/licenses/by/4.0/,27.5472,44100.0,2,mp3,"[""noise""]",Noise story,,,,,,false,false,true,true,"duration,music_proxy"
1203,https://freesound.org/people/Freed/sounds/1203/,011003A.mp3,Freed,https://creativecommons.org/licenses/by/4.0/,21.2949,44100.0,2,mp3,"[""instruments"", ""repetitions""]",Flute mix track,,,,,,false,false,true,true,"duration,music_proxy"
1204,https://freesound.org/people/Freed/sounds/1204/,011003B.mp3,Freed,https://creativecommons.org/licenses/by/4.0/,21.2949,44100.0,2,mp3,"[""instruments"", ""repetitions""]",String mix track,,,,,,false,false,true,true,"duration,music_proxy"
1206,https://freesound.org/people/Freed/sounds/1206/,131100L.mp3,Freed,https://creativecommons.org/licenses/by/4.0/,25.1451,44100.0,2,mp3,"[""repetitions""]",Mystic train,,,,,,false,false,true,true,"duration,music_proxy"
1207,https://freesound.org/people/Freed/sounds/1207/,131100M.mp3,Freed,https://creativecommons.org/licenses/by/4.0/,21.2143,44100.0,2,mp3,"[""repetitions""]",Mystic trip,,,,,,false,false,true,true,"duration,music_proxy"
1208,https://freesound.org/people/Freed/sounds/1208/,REP-F-.mp3,Freed,https://creativecommons.org/licenses/by/4.0/,17.725,44100.0,2,mp3,"[""spreads""]",Raining jungle sounds,,,,,,false,false,true,true,"duration,music_proxy"
1209,https://freesound.org/people/Freed/sounds/1209/,REP-G-.mp3,Freed,https://creativecommons.org/licenses/by/4.0/,17.4971,44100.0,2,mp3,"[""spreads""]",Raining jungle sounds,,,,,,false,false,true,true,"duration,music_proxy"
1210,https://freesound.org/people/Freed/sounds/1210/,REP-H-.mp3,Freed,https://creativecommons.org/licenses/by/4.0/,17.499,44100.0,2,mp3,"[""spreads""]",Raining jungle sounds,,,,,,false,false,true,true,"duration,music_proxy"
1211,https://freesound.org/people/Freed/sounds/1211/,REP-I-.mp3,Freed,https://creativecommons.org/licenses/by/4.0/,17.1235,44100.0,2,mp3,"[""spreads""]",Raining jungle sounds,,,,,,false,false,true,true,"duration,music_proxy"
1212,https://freesound.org/people/Freed/sounds/1212/,REP-J-.mp3,Freed,https://creativecommons.org/licenses/by/4.0/,17.5047,44100.0,2,mp3,"[""spreads""]",Raining jungle sounds,,,,,,false,false,true,true,"duration,music_proxy"
1213,https://freesound.org/people/Freed/sounds/1213/,REP-K-.mp3,Freed,https://creativecommons.org/licenses/by/4.0/,16.5801,44100.0,2,mp3,"[""repetitions""]",Jungle mix,,,,,,false,false,true,true,"duration,music_proxy"
1214,https://freesound.org/people/Freed/sounds/1214/,REP-L-.mp3,Freed,https://creativecommons.org/licenses/by/4.0/,17.2764,44100.0,2,mp3,"[""repetitions""]",Jungle mix,,,,,,false,false,true,true,"duration,music_proxy"
1215,https://freesound.org/people/Freed/sounds/1215/,REP-M-.mp3,Freed,https://creativecommons.org/licenses/by/4.0/,17.2084,44100.0,2,mp3,"[""repetitions""]",Jungle mix,,,,,,false,false,true,true,"duration,music_proxy"
1216,https://freesound.org/people/Freed/sounds/1216/,REP-N.mp3,Freed,https://creativecommons.org/licenses/by/4.0/,17.6088,44100.0,2,mp3,"[""spreads""]",Raining jungle mix,,,,,,false,false,true,true,"duration,music_proxy"
1217,https://freesound.org/people/Freed/sounds/1217/,011101D.mp3,Freed,https://creativecommons.org/licenses/by/4.0/,18.2506,44100.0,2,mp3,"[""noise"", ""repetitions""]",Talking noise,,,,,,false,false,true,true,"duration,music_proxy"
1218,https://freesound.org/people/Freed/sounds/1218/,011101E.mp3,Freed,https://creativecommons.org/licenses/by/4.0/,16.8299,44100.0,2,mp3,"[""noise"", ""repetitions""]",Talking noise,,,,,,false,false,true,true,"duration,music_proxy"
1219,https://freesound.org/people/Freed/sounds/1219/,021001P.mp3,Freed,https://creativecommons.org/licenses/by/4.0/,13.2066,44100.0,2,mp3,"[""noise"", ""repetitions""]",Noise trip,,,,,,false,false,true,true,"duration,music_proxy"
1220,https://freesound.org/people/Freed/sounds/1220/,051001J.mp3,Freed,https://creativecommons.org/licenses/by/4.0/,13.6349,44100.0,2,mp3,"[""noise"", ""repetitions""]",Noisy rotations,,,,,,false,false,true,true,"duration,music_proxy"
1221,https://freesound.org/people/Freed/sounds/1221/,051001K.mp3,Freed,https://creativecommons.org/licenses/by/4.0/,12.5261,44100.0,2,mp3,"[""noise"", ""repetitions""]",Noisy rotations,,,,,,false,false,true,true,"duration,music_proxy"
1222,https://freesound.org/people/Freed/sounds/1222/,061001A.mp3,Freed,https://creativecommons.org/licenses/by/4.0/,17.5884,44100.0,2,mp3,"[""noise"", ""repetitions""]",Noisy rotations,,,,,,false,false,true,true,"duration,music_proxy"
1223,https://freesound.org/people/Freed/sounds/1223/,111100E.mp3,Freed,https://creativecommons.org/licenses/by/4.0/,28.8277,44100.0,2,mp3,"[""noise"", ""repetitions""]",Soft transition,,,,,,false,false,true,true,"duration,music_proxy"
1224,https://freesound.org/people/Freed/sounds/1224/,311001A.mp3,Freed,https://creativecommons.org/licenses/by/4.0/,18.5805,44100.0,2,mp3,"[""noise"", ""repetitions""]",Mystic trip,,,,,,false,false,true,true,"duration,music_proxy"
1225,https://freesound.org/people/Freed/sounds/1225/,311001B.mp3,Freed,https://creativecommons.org/licenses/by/4.0/,10.6293,44100.0,2,mp3,"[""noise"", ""repetitions""]",Mystic trip,,,,,,false,false,true,true,"duration,music_proxy"
1226,https://freesound.org/people/Freed/sounds/1226/,311001C.mp3,Freed,https://creativecommons.org/licenses/by/4.0/,10.6395,44100.0,2,mp3,"[""noise"", ""repetitions""]",Mystic trip,,,,,,false,false,true,true,"duration,music_proxy"
1227,https://freesound.org/people/Freed/sounds/1227/,311001F.mp3,Freed,https://creativecommons.org/licenses/by/4.0/,11.6859,44100.0,2,mp3,"[""noise"", ""repetitions""]",Speaking noise,,,,,,false,false,true,true,"duration,music_proxy"
1228,https://freesound.org/people/Freed/sounds/1228/,311001G.mp3,Freed,https://creativecommons.org/licenses/by/4.0/,14.602,44100.0,2,mp3,"[""noise"", ""repetitions""]",Speaking noise,,,,,,false,false,true,true,"duration,music_proxy"
1229,https://freesound.org/people/Freed/sounds/1229/,311001I.mp3,Freed,https://creativecommons.org/licenses/by/4.0/,12.6032,44100.0,2,mp3,"[""noise"", ""repetitions""]",Noise transformations,,,,,,false,false,true,true,"duration,music_proxy"
1230,https://freesound.org/people/Freed/sounds/1230/,L1-10.mp3,Freed,https://creativecommons.org/licenses/by/4.0/,10.8508,44100.0,2,mp3,"[""noise"", ""repetitions""]",Clock-maker's dream,,,,,,false,false,true,true,"duration,music_proxy"
1231,https://freesound.org/people/Freed/sounds/1231/,L1-9.mp3,Freed,https://creativecommons.org/licenses/by/4.0/,10.851,44100.0,2,mp3,"[""noise"", ""repetitions""]",Clock-maker's dream,,,,,,false,false,true,true,"duration,music_proxy"
1232,https://freesound.org/people/Freed/sounds/1232/,S10.mp3,Freed,https://creativecommons.org/licenses/by/4.0/,6.99946,44100.0,2,mp3,"[""noise"", ""repetitions""]",Camel trip,,,,,,false,false,true,true,"duration,music_proxy"
1233,https://freesound.org/people/Freed/sounds/1233/,180404A.mp3,Freed,https://creativecommons.org/licenses/by/4.0/,22.132,44100.0,2,mp3,"[""noise"", ""repetitions""]",Traveling drum sound,,,,,,false,false,true,true,"duration,music_proxy"
1234,https://freesound.org/people/Freed/sounds/1234/,180404D.mp3,Freed,https://creativecommons.org/licenses/by/4.0/,21.2577,44100.0,2,mp3,"[""noise"", ""repetitions""]",Traveling drum sound,,,,,,false,false,true,true,"duration,music_proxy"
1235,https://freesound.org/people/Freed/sounds/1235/,190404F.mp3,Freed,https://creativecommons.org/licenses/by/4.0/,24.506,44100.0,2,mp3,"[""noise"", ""repetitions""]",Traveling drum sound,,,,,,false,false,true,true,"duration,music_proxy"
1255,https://freesound.org/people/Anton/sounds/1255/,kleiner.wav,Anton,https://creativecommons.org/licenses/by/4.0/,0.341917,48000.0,2,wav,"[""earcon"", ""noise"", ""swoosh""]",swoosh noise that could symbolize making something smaller.,,,,,,false,false,true,true,"duration,music_proxy"
1256,https://freesound.org/people/Anton/sounds/1256/,kleiner_reverse.wav,Anton,https://creativecommons.org/licenses/by/4.0/,0.341917,48000.0,2,wav,"[""earcon"", ""noise"", ""swoosh""]",swoosh noise,,,,,,false,false,true,true,"duration,music_proxy"
1257,https://freesound.org/people/Anton/sounds/1257/,hit_on_wood.wav,Anton,https://creativecommons.org/licenses/by/4.0/,0.578354,48000.0,1,wav,"[""field-recording"", ""smash"", ""wood""]",Field recording of a person hitting a piece of wood. Recorded with a MH-66 into a DA-P1 dat recorder.,,,,,,false,false,true,true,"duration,music_proxy"
1258,https://freesound.org/people/Anton/sounds/1258/,hit_on_wood2.wav,Anton,https://creativecommons.org/licenses/by/4.0/,1.50838,48000.0,1,wav,"[""field-recording"", ""smash"", ""wood""]",Field recording of a person hitting a piece of wood. Recorded with a MH-66 into a DA-P1 dat recorder.,,,,,,false,false,true,true,"duration,music_proxy"
1259,https://freesound.org/people/Anton/sounds/1259/,phonering_oldstyle_2deverdieping.wav,Anton,https://creativecommons.org/licenses/by/4.0/,17.4587,48000.0,1,wav,"[""old"", ""phone"", ""ring""]",Analog phone ring recorded with MH-66 into a DA-P1 in a small but not very reverbant space.,,,,,,false,false,true,true,"duration,music_proxy"
1275,https://freesound.org/people/plagasul/sounds/1275/,acordeado.wav,plagasul,https://creativecommons.org/licenses/by/4.0/,19.0457,44100.0,2,wav,"[""chord"", ""guitar"", ""loop"", ""mellow"", ""slow""]","four long decay guitar chords, mellow and looped.Recorded with motu 828mk2 on Soundforge.",,,,,,false,false,true,true,"duration,music_proxy"
1277,https://freesound.org/people/plagasul/sounds/1277/,arpeggio.wav,plagasul,https://creativecommons.org/licenses/by/4.0/,4.52762,44100.0,2,wav,"[""arpeggio"", ""dreamy"", ""guitar"", ""loop"", ""mellow""]","looped guitar arpeggio, mellow and dreamy, short.Recorded with motu 828mk2 on Soundforge.",,,,,,false,false,true,true,"duration,music_proxy"
1279,https://freesound.org/people/plagasul/sounds/1279/,arpeggio4lop.wav,plagasul,https://creativecommons.org/licenses/by/4.0/,20.736,44100.0,2,wav,"[""arpeggio"", ""dreamy"", ""guitar"", ""loop"", ""melancholic"", ""mellow""]","Arpeggio of electric guitar, mellow, dreamy, melancholic looped sound. Each arpeggio being played twice.Recorded with motu 828mk2 on Soundforge.",,,,,,false,false,true,true,"duration,music_proxy"
1280,https://freesound.org/people/plagasul/sounds/1280/,arpeggio5lop.wav,plagasul,https://creativecommons.org/licenses/by/4.0/,18.1877,44100.0,2,wav,"[""arpeggio"", ""dreamy"", ""guitar"", ""loop"", ""melancholic"", ""mellow""]","Electric guitar arpeggio looped, with three chords, dreamy, melancholic and mellow. The sequence is repeated 2 times.Recorded with motu 828mk2 on Soundforge.",,,,,,false,false,true,true,"duration,music_proxy"
1282,https://freesound.org/people/plagasul/sounds/1282/,arpeggio8.wav,plagasul,https://creativecommons.org/licenses/by/4.0/,18.1214,44100.0,2,wav,"[""arpeggio"", ""dreamy"", ""guitar"", ""loop"", ""melancholic"", ""mellow"", ""rising""]","Melancholic mellow and dreamy guitar arpeggio looped, with a certain rising mood at the end of each repetition. The sequence is three chords repeated twice.Recorded with motu 828mk2 on Soundforge.",,,,,,false,false,true,true,"duration,music_proxy"
1283,https://freesound.org/people/plagasul/sounds/1283/,arpegio2.wav,plagasul,https://creativecommons.org/licenses/by/4.0/,9.01293,44100.0,2,wav,"[""arpeggio"", ""dreamy"", ""guitar"", ""mellow"", ""repetition"", ""repetitive""]","repetitive arpeggio on electric guitar, mellow and dreamy .Recorded with motu 828mk2 on Soundforge.",,,,,,false,false,true,true,"duration,music_proxy"
1284,https://freesound.org/people/Freed/sounds/1284/,100903A.mp3,Freed,https://creativecommons.org/licenses/by/4.0/,22.1361,44100.0,2,mp3,"[""bass"", ""layer""]",Slow filtered bass melody,,,,,,false,false,true,true,"duration,music_proxy"
1285,https://freesound.org/people/Freed/sounds/1285/,130903B.mp3,Freed,https://creativecommons.org/licenses/by/4.0/,7.55478,44100.0,2,mp3,"[""layer"", ""orchestra""]",Dark orchestra sound,,,,,,false,false,true,true,"duration,music_proxy"
1286,https://freesound.org/people/Freed/sounds/1286/,140903C.mp3,Freed,https://creativecommons.org/licenses/by/4.0/,25.5322,44100.0,2,mp3,"[""layer"", ""orchestra""]",Harmonic orchestra sound,,,,,,false,false,true,true,"duration,music_proxy"
1287,https://freesound.org/people/Freed/sounds/1287/,140903D.mp3,Freed,https://creativecommons.org/licenses/by/4.0/,24.9427,44100.0,2,mp3,"[""layer"", ""orchestra""]",Harmonic orchestra sound shifting downwards,,,,,,false,false,true,true,"duration,music_proxy"
1288,https://freesound.org/people/Freed/sounds/1288/,140903E.mp3,Freed,https://creativecommons.org/licenses/by/4.0/,23.1176,44100.0,2,mp3,"[""layer"", ""orchestra""]",Harmonic orchestra sound shifting upwards,,,,,,false,false,true,true,"duration,music_proxy"
1289,https://freesound.org/people/Freed/sounds/1289/,140903F.mp3,Freed,https://creativecommons.org/licenses/by/4.0/,21.6305,44100.0,2,mp3,"[""layer"", ""orchestra""]",Orchestra sound shifting downwards,,,,,,false,false,true,true,"duration,music_proxy"
1290,https://freesound.org/people/Freed/sounds/1290/,140903G.mp3,Freed,https://creativecommons.org/licenses/by/4.0/,19.8029,44100.0,2,mp3,"[""layer"", ""orchestra""]",Orchestra sound shifting upwards,,,,,,false,false,true,true,"duration,music_proxy"
1291,https://freesound.org/people/Freed/sounds/1291/,140903H.mp3,Freed,https://creativecommons.org/licenses/by/4.0/,19.4688,44100.0,2,mp3,"[""layer"", ""orchestra""]",Aggressive orchestra sound,,,,,,false,false,true,true,"duration,music_proxy"
1292,https://freesound.org/people/Freed/sounds/1292/,150903A.mp3,Freed,https://creativecommons.org/licenses/by/4.0/,24.849,44100.0,2,mp3,"[""layer"", ""orchestra""]",Orchestra sound with filter curves,,,,,,false,false,true,true,"duration,music_proxy"
1293,https://freesound.org/people/Freed/sounds/1293/,150903B.mp3,Freed,https://creativecommons.org/licenses/by/4.0/,26.5382,44100.0,2,mp3,"[""layer"", ""orchestra""]",Dark orchestra with bell sound,,,,,,false,false,true,true,"duration,music_proxy"
1294,https://freesound.org/people/Freed/sounds/1294/,150903C.mp3,Freed,https://creativecommons.org/licenses/by/4.0/,24.2424,44100.0,2,mp3,"[""layer"", ""processed"", ""spreads"", ""wood""]",Raining wood sounds,,,,,,false,false,true,true,"duration,music_proxy"
1295,https://freesound.org/people/Freed/sounds/1295/,160903B.mp3,Freed,https://creativecommons.org/licenses/by/4.0/,26.0639,44100.0,2,mp3,"[""layer"", ""processed"", ""spreads"", ""wood""]",Raining wood sounds,,,,,,false,false,true,true,"duration,music_proxy"
1296,https://freesound.org/people/Freed/sounds/1296/,160903C.mp3,Freed,https://creativecommons.org/licenses/by/4.0/,26.0639,44100.0,2,mp3,"[""layer"", ""processed"", ""spreads"", ""wood""]",Raining wood sounds,,,,,,false,false,true,true,"duration,music_proxy"
1297,https://freesound.org/people/Freed/sounds/1297/,160903D.mp3,Freed,https://creativecommons.org/licenses/by/4.0/,26.0639,44100.0,2,mp3,"[""layer"", ""processed"", ""spreads"", ""wood""]",Wood sounds with raising lines,,,,,,false,false,true,true,"duration,music_proxy"
1301,https://freesound.org/people/Freed/sounds/1301/,170903B.mp3,Freed,https://creativecommons.org/licenses/by/4.0/,29.8397,44100.0,2,mp3,"[""instruments"", ""layer"", ""spreads""]",Mess of instrumental sounds,,,,,,false,false,true,true,"duration,music_proxy"
1302,https://freesound.org/people/Freed/sounds/1302/,170903C.mp3,Freed,https://creativecommons.org/licenses/by/4.0/,29.8397,44100.0,2,mp3,"[""instruments"", ""layer"", ""orchestra"", ""spreads""]",Orchestral mess,,,,,,false,false,true,true,"duration,music_proxy"
1309,https://freesound.org/people/Freed/sounds/1309/,180903B.mp3,Freed,https://creativecommons.org/licenses/by/4.0/,29.5541,44100.0,2,mp3,"[""bass"", ""layer""]",Massive bass sound,,,,,,false,false,true,true,"duration,music_proxy"
1310,https://freesound.org/people/Freed/sounds/1310/,180903C.mp3,Freed,https://creativecommons.org/licenses/by/4.0/,29.5541,44100.0,2,mp3,"[""bass"", ""layer"", ""spreads""]",Mess of bass sounds,,,,,,false,false,true,true,"duration,music_proxy"
1312,https://freesound.org/people/Freed/sounds/1312/,190903A.mp3,Freed,https://creativecommons.org/licenses/by/4.0/,13.0034,44100.0,2,mp3,"[""layer"", ""orchestra""]",Mystic orchestra sound,,,,,,false,false,true,true,"duration,music_proxy"
1313,https://freesound.org/people/Freed/sounds/1313/,200903A.mp3,Freed,https://creativecommons.org/licenses/by/4.0/,18.187,44100.0,2,mp3,"[""bass"", ""layer"", ""orchestra""]",Mystic story,,,,,,false,false,true,true,"duration,music_proxy"
1318,https://freesound.org/people/Freed/sounds/1318/,140903A.mp3,Freed,https://creativecommons.org/licenses/by/4.0/,24.4125,44100.0,2,mp3,"[""layer"", ""orchestra""]",Deep falling orchestra sound,,,,,,false,false,true,true,"duration,music_proxy"
1321,https://freesound.org/people/Freed/sounds/1321/,251100V.mp3,Freed,https://creativecommons.org/licenses/by/4.0/,17.046,44100.0,2,mp3,"[""layer"", ""voice""]",Raising voices of mystic choir,,,,,,false,false,true,true,"duration,music_proxy"
1322,https://freesound.org/people/Freed/sounds/1322/,261100F.mp3,Freed,https://creativecommons.org/licenses/by/4.0/,19.7366,44100.0,2,mp3,"[""layer""]",Mystic wind,,,,,,false,false,true,true,"duration,music_proxy"
1323,https://freesound.org/people/Freed/sounds/1323/,L63.mp3,Freed,https://creativecommons.org/licenses/by/4.0/,15.0084,44100.0,2,mp3,"[""layer"", ""orchestra"", ""spreads""]",Harmonic tremolo sound,,,,,,false,false,true,true,"duration,music_proxy"
1324,https://freesound.org/people/Freed/sounds/1324/,020503H.mp3,Freed,https://creativecommons.org/licenses/by/4.0/,12.3698,44100.0,2,mp3,"[""bass"", ""layer""]",Intense falling bass sound,,,,,,false,false,true,true,"duration,music_proxy"
1325,https://freesound.org/people/Freed/sounds/1325/,020503J.mp3,Freed,https://creativecommons.org/licenses/by/4.0/,12.4308,44100.0,2,mp3,"[""bass"", ""layer""]",Extreme low raising bass sound,,,,,,false,false,true,true,"duration,music_proxy"
1326,https://freesound.org/people/Freed/sounds/1326/,140403C.mp3,Freed,https://creativecommons.org/licenses/by/4.0/,12.2629,44100.0,2,mp3,"[""bass"", ""layer""]",Intense raising bass sound,,,,,,false,false,true,true,"duration,music_proxy"
1327,https://freesound.org/people/Freed/sounds/1327/,250903A.mp3,Freed,https://creativecommons.org/licenses/by/4.0/,10.8264,44100.0,2,mp3,"[""instruments"", ""layer"", ""spreads""]",Instrumental mix,,,,,,false,false,true,true,"duration,music_proxy"
1328,https://freesound.org/people/Freed/sounds/1328/,290903A.mp3,Freed,https://creativecommons.org/licenses/by/4.0/,10.8264,44100.0,2,mp3,"[""instruments"", ""layer"", ""spreads""]",Instrumental mix with noise effects,,,,,,false,false,true,true,"duration,music_proxy"
1329,https://freesound.org/people/Freed/sounds/1329/,290903B.mp3,Freed,https://creativecommons.org/licenses/by/4.0/,20.8537,44100.0,2,mp3,"[""instruments"", ""layer"", ""spreads""]",Noisy instrumental mix,,,,,,false,false,true,true,"duration,music_proxy"
1330,https://freesound.org/people/Freed/sounds/1330/,300903C.mp3,Freed,https://creativecommons.org/licenses/by/4.0/,20.9815,44100.0,2,mp3,"[""instruments"", ""layer"", ""spreads""]",Tremulous melody,,,,,,false,false,true,true,"duration,music_proxy"
1331,https://freesound.org/people/Freed/sounds/1331/,VARIA88.mp3,Freed,https://creativecommons.org/licenses/by/4.0/,33.8,44100.0,2,mp3,"[""layer"", ""spread""]",Raising sound mess,,,,,,false,true,true,true,music_proxy
1332,https://freesound.org/people/Freed/sounds/1332/,VARIA89.mp3,Freed,https://creativecommons.org/licenses/by/4.0/,30.8,44100.0,2,mp3,"[""layer""]",Raising sound cluster,,,,,,false,true,true,true,music_proxy
1333,https://freesound.org/people/Freed/sounds/1333/,VARIA90.mp3,Freed,https://creativecommons.org/licenses/by/4.0/,30.8,44100.0,2,mp3,"[""layer""]",Cross lines,,,,,,false,true,true,true,music_proxy
1334,https://freesound.org/people/Freed/sounds/1334/,introa-.mp3,Freed,https://creativecommons.org/licenses/by/4.0/,29.2967,44100.0,2,mp3,"[""layer"", ""orchestra""]",Psychedelic sound trip,,,,,,false,false,true,true,"duration,music_proxy"
1335,https://freesound.org/people/Freed/sounds/1335/,121100A-.mp3,Freed,https://creativecommons.org/licenses/by/4.0/,22.66,44100.0,2,mp3,"[""layer"", ""voice""]",Whistling sound in the jungle,,,,,,false,false,true,true,"duration,music_proxy"
1336,https://freesound.org/people/Freed/sounds/1336/,131100A-.mp3,Freed,https://creativecommons.org/licenses/by/4.0/,14.6507,44100.0,2,mp3,"[""layer"", ""voice""]",Whistling sound in the jungle,,,,,,false,false,true,true,"duration,music_proxy"
1337,https://freesound.org/people/Freed/sounds/1337/,050701B.mp3,Freed,https://creativecommons.org/licenses/by/4.0/,20.1023,44100.0,2,mp3,"[""layer"", ""noise""]",Fluttering noise,,,,,,false,false,true,true,"duration,music_proxy"
1338,https://freesound.org/people/Freed/sounds/1338/,111100D-.mp3,Freed,https://creativecommons.org/licenses/by/4.0/,28.7806,44100.0,2,mp3,"[""layer"", ""noise""]",Long lasting flush sound,,,,,,false,false,true,true,"duration,music_proxy"
1339,https://freesound.org/people/Freed/sounds/1339/,131100C.mp3,Freed,https://creativecommons.org/licenses/by/4.0/,14.6655,44100.0,2,mp3,"[""layer"", ""noise""]",Nightly sounds,,,,,,false,false,true,true,"duration,music_proxy"
1340,https://freesound.org/people/Freed/sounds/1340/,131100D.mp3,Freed,https://creativecommons.org/licenses/by/4.0/,14.4376,44100.0,2,mp3,"[""layer"", ""noise""]","Nightly sounds, light",,,,,,false,false,true,true,"duration,music_proxy"
1341,https://freesound.org/people/Freed/sounds/1341/,131100E.mp3,Freed,https://creativecommons.org/licenses/by/4.0/,14.6394,44100.0,2,mp3,"[""layer"", ""noise""]","Nightly sounds, light",,,,,,false,false,true,true,"duration,music_proxy"
1342,https://freesound.org/people/Freed/sounds/1342/,160903F.mp3,Freed,https://creativecommons.org/licenses/by/4.0/,26.0639,44100.0,2,mp3,"[""layer"", ""noise""]",Busy sound mass,,,,,,false,false,true,true,"duration,music_proxy"
1343,https://freesound.org/people/Freed/sounds/1343/,160903G.mp3,Freed,https://creativecommons.org/licenses/by/4.0/,26.0639,44100.0,2,mp3,"[""layer"", ""noise""]",Busy sound mass,,,,,,false,false,true,true,"duration,music_proxy"
1344,https://freesound.org/people/Freed/sounds/1344/,211100A.mp3,Freed,https://creativecommons.org/licenses/by/4.0/,9.90474,44100.0,2,mp3,"[""layer"", ""noise""]",Small waterfall,,,,,,false,false,true,true,"duration,music_proxy"
1345,https://freesound.org/people/Freed/sounds/1345/,251100A-.mp3,Freed,https://creativecommons.org/licenses/by/4.0/,10.292,44100.0,2,mp3,"[""layer"", ""noise"", ""spreads""]",Noisy snippets,,,,,,false,false,true,true,"duration,music_proxy"
1346,https://freesound.org/people/Freed/sounds/1346/,251100B-.mp3,Freed,https://creativecommons.org/licenses/by/4.0/,12.5503,44100.0,2,mp3,"[""layer"", ""noise""]",Noisy cloud,,,,,,false,false,true,true,"duration,music_proxy"
1347,https://freesound.org/people/Freed/sounds/1347/,251100C-.mp3,Freed,https://creativecommons.org/licenses/by/4.0/,12.5929,44100.0,2,mp3,"[""layer"", ""noise""]",Noise curve,,,,,,false,false,true,true,"duration,music_proxy"
1348,https://freesound.org/people/Freed/sounds/1348/,251100D-.mp3,Freed,https://creativecommons.org/licenses/by/4.0/,12.5503,44100.0,2,mp3,"[""layer"", ""noise""]",Falling noise curve,,,,,,false,false,true,true,"duration,music_proxy"
1349,https://freesound.org/people/Freed/sounds/1349/,251100E-.mp3,Freed,https://creativecommons.org/licenses/by/4.0/,16.4508,44100.0,2,mp3,"[""layer"", ""noise""]",Raising noise curve,,,,,,false,false,true,true,"duration,music_proxy"
1350,https://freesound.org/people/Freed/sounds/1350/,251100F-.mp3,Freed,https://creativecommons.org/licenses/by/4.0/,23.8887,44100.0,2,mp3,"[""layer"", ""noise""]",Deep noise curve,,,,,,false,false,true,true,"duration,music_proxy"
1351,https://freesound.org/people/Freed/sounds/1351/,251100N.mp3,Freed,https://creativecommons.org/licenses/by/4.0/,12.5204,44100.0,2,mp3,"[""layer"", ""noise""]",Extreme noise curve,,,,,,false,false,true,true,"duration,music_proxy"
1352,https://freesound.org/people/Freed/sounds/1352/,281100C.mp3,Freed,https://creativecommons.org/licenses/by/4.0/,25.4739,44100.0,2,mp3,"[""layer"", ""noise""]",Slow noise wave,,,,,,false,false,true,true,"duration,music_proxy"
1353,https://freesound.org/people/Freed/sounds/1353/,281100D.mp3,Freed,https://creativecommons.org/licenses/by/4.0/,23.9229,44100.0,2,mp3,"[""layer"", ""noise""]",Slow noise waves,,,,,,false,false,true,true,"duration,music_proxy"
1354,https://freesound.org/people/Freed/sounds/1354/,281100E.mp3,Freed,https://creativecommons.org/licenses/by/4.0/,22.3991,44100.0,2,mp3,"[""layer"", ""noise""]",Long noise wave,,,,,,false,false,true,true,"duration,music_proxy"
1355,https://freesound.org/people/Freed/sounds/1355/,281100F.mp3,Freed,https://creativecommons.org/licenses/by/4.0/,23.1417,44100.0,2,mp3,"[""layer"", ""noise""]",Strong noise waves,,,,,,false,false,true,true,"duration,music_proxy"
1356,https://freesound.org/people/Freed/sounds/1356/,L13.mp3,Freed,https://creativecommons.org/licenses/by/4.0/,6.4966,44100.0,2,mp3,"[""layer"", ""noise""]",Rainmaker sound,,,,,,false,false,true,true,"duration,music_proxy"
1357,https://freesound.org/people/Freed/sounds/1357/,L15.mp3,Freed,https://creativecommons.org/licenses/by/4.0/,7.00113,44100.0,2,mp3,"[""layer"", ""noise""]",Rainmaker sound,,,,,,false,false,true,true,"duration,music_proxy"
1358,https://freesound.org/people/Freed/sounds/1358/,L16.mp3,Freed,https://creativecommons.org/licenses/by/4.0/,7.4898,44100.0,2,mp3,"[""layer"", ""noise""]",High rainmaker sound,,,,,,false,false,true,true,"duration,music_proxy"
1359,https://freesound.org/people/Freed/sounds/1359/,L19.mp3,Freed,https://creativecommons.org/licenses/by/4.0/,5.72342,44100.0,2,mp3,"[""layer"", ""noise""]",Fire sound,,,,,,false,false,true,true,"duration,music_proxy"
1360,https://freesound.org/people/Freed/sounds/1360/,L23.mp3,Freed,https://creativecommons.org/licenses/by/4.0/,6.08009,44100.0,2,mp3,"[""layer"", ""noise""]",Scattered noise,,,,,,false,false,true,true,"duration,music_proxy"
1361,https://freesound.org/people/Freed/sounds/1361/,L46-.mp3,Freed,https://creativecommons.org/licenses/by/4.0/,13.2323,44100.0,2,mp3,"[""layer"", ""noise""]","Scattered noise, light",,,,,,false,false,true,true,"duration,music_proxy"
1362,https://freesound.org/people/Freed/sounds/1362/,MAR-A-.mp3,Freed,https://creativecommons.org/licenses/by/4.0/,30.2454,44100.0,2,mp3,"[""layer"", ""noise""]",Wiping noises,,,,,,false,true,true,true,music_proxy
1363,https://freesound.org/people/Freed/sounds/1363/,MAR-B-.mp3,Freed,https://creativecommons.org/licenses/by/4.0/,32.2299,44100.0,2,mp3,"[""layer"", ""noise""]","Wiping noises, light",,,,,,false,true,true,true,music_proxy
1364,https://freesound.org/people/Freed/sounds/1364/,MAR-C-.mp3,Freed,https://creativecommons.org/licenses/by/4.0/,28.724,44100.0,2,mp3,"[""layer"", ""noise""]","Walking noise mass, light",,,,,,false,false,true,true,"duration,music_proxy"
1365,https://freesound.org/people/Freed/sounds/1365/,020701A.mp3,Freed,https://creativecommons.org/licenses/by/4.0/,15.5873,44100.0,2,mp3,"[""noise"", ""repetitions""]",Scattered noise curves,,,,,,false,false,true,true,"duration,music_proxy"
1366,https://freesound.org/people/Freed/sounds/1366/,020701B.mp3,Freed,https://creativecommons.org/licenses/by/4.0/,15.2086,44100.0,2,mp3,"[""noise"", ""repetitions""]",Scattered noise curves,,,,,,false,false,true,true,"duration,music_proxy"
1367,https://freesound.org/people/Freed/sounds/1367/,050701D.mp3,Freed,https://creativecommons.org/licenses/by/4.0/,23.4376,44100.0,2,mp3,"[""noise"", ""repetitions""]","Scattered noise curves, traveling around",,,,,,false,false,true,true,"duration,music_proxy"
1368,https://freesound.org/people/Freed/sounds/1368/,050701G.mp3,Freed,https://creativecommons.org/licenses/by/4.0/,14.1224,44100.0,2,mp3,"[""noise"", ""repetitions""]","Scattered curves of noisy tones, traveling around",,,,,,false,false,true,true,"duration,music_proxy"
1369,https://freesound.org/people/Freed/sounds/1369/,050701H.mp3,Freed,https://creativecommons.org/licenses/by/4.0/,14.1054,44100.0,2,mp3,"[""crazy"", ""noise"", ""repetitions""]","Scattered curves of noisy tones, traveling around",,,,,,false,false,true,true,"duration,music_proxy"
1370,https://freesound.org/people/Freed/sounds/1370/,050701I.mp3,Freed,https://creativecommons.org/licenses/by/4.0/,14.8243,44100.0,2,mp3,"[""noise"", ""repetitions""]","Scattered curves of noisy tones, traveling around",,,,,,false,false,true,true,"duration,music_proxy"
1371,https://freesound.org/people/Freed/sounds/1371/,050701J.mp3,Freed,https://creativecommons.org/licenses/by/4.0/,13.2494,44100.0,2,mp3,"[""noise"", ""repetitions""]","Scattered curves of noisy tones, traveling around",,,,,,false,false,true,true,"duration,music_proxy"
1372,https://freesound.org/people/Freed/sounds/1372/,VARIA94.mp3,Freed,https://creativecommons.org/licenses/by/4.0/,30.0,44100.0,2,mp3,"[""noise"", ""repetitions""]",Ticking cloud,,,,,,false,true,true,true,music_proxy
1373,https://freesound.org/people/sleep/sounds/1373/,80_bpm_distorted.wav,sleep,http://creativecommons.org/licenses/sampling+/1.0/,6.0,44100.0,2,wav,"[""distortion"", ""guitar"", ""metal""]","distorted, ringing guitar chords recorded directly into Logic through an Audiophile 2486 and the ReValver plugin.",,,,,,false,false,true,true,"duration,music_proxy"
1374,https://freesound.org/people/sleep/sounds/1374/,90_bpm_nylon.wav,sleep,http://creativecommons.org/licenses/sampling+/1.0/,5.33333,44100.0,2,wav,"[""fingerpick"", ""guitar"", ""loop"", ""nylon""]","noisy, 90 bpm arpeggiated nylon string guitar recored into logic via a CAD condenser mic through an Audiophile 2496.  Audible clicktrack.",,,,,,false,false,true,true,"duration,music_proxy"
1375,https://freesound.org/people/sleep/sounds/1375/,90_bpm_nylon2.wav,sleep,http://creativecommons.org/licenses/sampling+/1.0/,10.6667,44100.0,2,wav,"[""fingerpick"", ""guitar"", ""loop"", ""nylon""]","noisy, 90 bpm arpeggiated nylon string guitar recored into logic via a CAD condenser mic through an Audiophile 2496.  Audible clicktrack.",,,,,,false,false,true,true,"duration,music_proxy"
1376,https://freesound.org/people/sleep/sounds/1376/,90_bpm_parker.wav,sleep,http://creativecommons.org/licenses/sampling+/1.0/,10.2165,44100.0,2,wav,"[""distortion"", ""guitar"", ""loop""]",90 bpm noisy distorted guitar loop recorded with a Parker Fly though a Line 6 pod into Logic.,,,,,,false,false,true,true,"duration,music_proxy"
1377,https://freesound.org/people/sleep/sounds/1377/,raked_guitar.wav,sleep,http://creativecommons.org/licenses/sampling+/1.0/,5.33333,44100.0,2,wav,"[""guitar"", ""nylon"", ""rasgueado""]",90 bpm nylon string guitar loop w/rasgueado recorded with a CAD condenser mic through an Audiophile 2496 into Logic.,,,,,,false,false,true,true,"duration,music_proxy"
1378,https://freesound.org/people/walkerbelm/sounds/1378/,4trac1.wav,walkerbelm,https://creativecommons.org/licenses/by/4.0/,6.01399,44100.0,1,wav,"[""beat"", ""distorted"", ""drums"", ""loop"", ""noise""]","heavily distorted hi-hat loop with some band-pass movement. loop made with a casiotone home keyboard through a guitar multi-effects unit, badly recorded with a very old tascam 4-track",,,,,,false,false,true,true,"duration,music_proxy"
1379,https://freesound.org/people/walkerbelm/sounds/1379/,4trac2.wav,walkerbelm,https://creativecommons.org/licenses/by/4.0/,3.83132,44100.0,2,wav,"[""beat"", ""distorted"", ""drums"", ""noise""]","noisy swing beat. loop made with a casiotone home keyboard through a guitar multi-effects unit, badly recorded with a very old tascam 4-track. doesnt loop perfectly",,,,,,false,false,true,true,"duration,music_proxy"
1380,https://freesound.org/people/walkerbelm/sounds/1380/,IMUSTR~1.wav,walkerbelm,https://creativecommons.org/licenses/by/4.0/,4.80005,44100.0,2,wav,"[""distorted"", ""electronic"", ""loop"", ""noise"", ""synth""]","synthesized over-vibes through a mediocre delay. loop made with a casiotone home keyboard through a guitar multi-effects unit, badly recorded with a very old tascam 4-track",,,,,,false,false,true,true,"duration,music_proxy"
1381,https://freesound.org/people/walkerbelm/sounds/1381/,Track 2  1.wav,walkerbelm,https://creativecommons.org/licenses/by/4.0/,7.38462,48000.0,2,wav,"[""8bit"", ""beat"", ""distorted"", ""electro"", ""electronic"", ""loop"", ""percussion""]",noise loop through bit reducer,,,,,,false,false,true,true,"duration,music_proxy"
1382,https://freesound.org/people/walkerbelm/sounds/1382/,Track 6  14.wav,walkerbelm,https://creativecommons.org/licenses/by/4.0/,3.69233,48000.0,2,wav,"[""beat"", ""electro"", ""electronic"", ""loop"", ""percussion""]",noise loop through a lowpass filter,,,,,,false,false,true,true,"duration,music_proxy"
1383,https://freesound.org/people/walkerbelm/sounds/1383/,auction5.wav,walkerbelm,https://creativecommons.org/licenses/by/4.0/,14.7693,44100.0,2,wav,"[""loop"", ""vocal"", ""voice""]","from an old recording of an American auctioneer. heavily messed with.
Originally from the album American Livestock Auctioneer Champions
1963-2002",,,,,,false,false,true,true,"duration,music_proxy"
1384,https://freesound.org/people/walkerbelm/sounds/1384/,first sundaymess.wav,walkerbelm,https://creativecommons.org/licenses/by/4.0/,15.0001,44100.0,2,wav,"[""distorted"", ""electronic"", ""loop"", ""synth"", ""synthesizer"", ""vocal"", ""voice""]",heavily distorted vocal synth loop,,,,,,false,false,true,true,"duration,music_proxy"
1385,https://freesound.org/people/walkerbelm/sounds/1385/,krullspagg.wav,walkerbelm,https://creativecommons.org/licenses/by/4.0/,7.11692,44100.0,2,wav,"[""8bit"", ""beat"", ""electro"", ""electronic"", ""glitch"", ""loop"", ""percussion"", ""random""]",totally bocking loop made with refx quadrasid and smart electronix buffer overdrive,,,,,,false,false,true,true,"duration,music_proxy"
1386,https://freesound.org/people/walkerbelm/sounds/1386/,reversespacecymbal.wav,walkerbelm,https://creativecommons.org/licenses/by/4.0/,6.89352,48000.0,2,wav,"[""cymbal"", ""drum"", ""percussion"", ""reverse""]",reversed cymbal,,,,,,false,false,true,true,"duration,music_proxy"
1387,https://freesound.org/people/walkerbelm/sounds/1387/,updown bit.wav,walkerbelm,https://creativecommons.org/licenses/by/4.0/,14.7693,44100.0,2,wav,"[""beat"", ""loop"", ""noise"", ""percussion"", ""reverb""]",excessively pitch-bendy noise loop with reverb,,,,,,false,false,true,true,"duration,music_proxy"
1388,https://freesound.org/people/walkerbelm/sounds/1388/,vicky.wav,walkerbelm,https://creativecommons.org/licenses/by/4.0/,7.3854,44100.0,2,wav,"[""beat"", ""distorted"", ""drums"", ""loop"", ""percussion""]",distorted drum loop. variation of vicky1q.wav,,,,,,false,false,true,true,"duration,music_proxy"
1389,https://freesound.org/people/walkerbelm/sounds/1389/,vicky1q.wav,walkerbelm,https://creativecommons.org/licenses/by/4.0/,7.3854,44100.0,2,wav,"[""beat"", ""distorted"", ""drums"", ""loop"", ""percussion""]",distorted drum loop. variation of vicky.wav,,,,,,false,false,true,true,"duration,music_proxy"
1390,https://freesound.org/people/walkerbelm/sounds/1390/,webboxbit.wav,walkerbelm,https://creativecommons.org/licenses/by/4.0/,8.70751,44100.0,2,wav,"[""beat"", ""distorted"", ""electro"", ""electronic"", ""loop"", ""noise"", ""percussion"", ""random"", ""synth""]",psuedo-random loop created with roland jd800 and roland 101,,,,,,false,false,true,true,"duration,music_proxy"
1391,https://freesound.org/people/sleep/sounds/1391/,135_bmp_loop2.wav,sleep,http://creativecommons.org/licenses/sampling+/1.0/,3.71274,44100.0,2,wav,"[""drum"", ""found-sound"", ""household"", ""loop"", ""percussion""]","135 BPM drum loop made using TicTacShutup's ""Household Percussion"" sample pack.",,,,,,false,false,true,true,"duration,music_proxy"
1392,https://freesound.org/people/sleep/sounds/1392/,135_bpm_loop1.wav,sleep,http://creativecommons.org/licenses/sampling+/1.0/,3.87737,44100.0,2,wav,"[""drum"", ""found-sound"", ""household"", ""loop"", ""percussion""]","135 BPM drum loop made using TicTacShutup's ""Household Percussion"" sample pack.",,,,,,false,false,true,true,"duration,music_proxy"
1394,https://freesound.org/people/sleep/sounds/1394/,135_bpm_loop3.wav,sleep,http://creativecommons.org/licenses/sampling+/1.0/,4.80683,44100.0,2,wav,"[""drum"", ""found-sound"", ""household"", ""loop"", ""percussion""]","135 BPM drum loop made using TicTacShutup's ""Household Perussion"" sample pack.",,,,,,false,false,true,true,"duration,music_proxy"
1395,https://freesound.org/people/sleep/sounds/1395/,135_bpm_loop4.wav,sleep,http://creativecommons.org/licenses/sampling+/1.0/,4.28018,44100.0,2,wav,"[""drum"", ""found-sound"", ""household"", ""loop"", ""percussion""]","135 BPM drum loop made using TicTacShutup's ""Household Percussion"" sample pack.",,,,,,false,false,true,true,"duration,music_proxy"
1396,https://freesound.org/people/sleep/sounds/1396/,135_bpm_loop5.wav,sleep,http://creativecommons.org/licenses/sampling+/1.0/,2.14977,44100.0,2,wav,"[""drum"", ""found-sound"", ""household"", ""loop"", ""percussion""]","135 BPM drum loop made using TicTacShutup's ""Household Percussion"" sample pack.",,,,,,false,false,true,true,"duration,music_proxy"
1397,https://freesound.org/people/sleep/sounds/1397/,135_bpm_loop6.wav,sleep,http://creativecommons.org/licenses/sampling+/1.0/,3.7268,44100.0,2,wav,"[""drum"", ""found-sound"", ""household"", ""loop"", ""percussion""]","135 BPM drum loop made using TicTacShutup's ""Household Percussion"" sample pack.",,,,,,false,false,true,true,"duration,music_proxy"
1398,https://freesound.org/people/sleep/sounds/1398/,135_bpm_loop7.wav,sleep,http://creativecommons.org/licenses/sampling+/1.0/,3.39882,44100.0,2,wav,"[""drum"", ""found-sound"", ""household"", ""loop"", ""percussion""]","135 BPM drum loop made using TicTacShutup's ""Household Perussion"" sample pack.",,,,,,false,false,true,true,"duration,music_proxy"
1399,https://freesound.org/people/sleep/sounds/1399/,dist_guitar_triplet.wav,sleep,http://creativecommons.org/licenses/sampling+/1.0/,2.46236,44100.0,2,wav,"[""distortion"", ""guitar"", ""triplet""]","Heavily distorted ""heavy metal"" style guitar triplet recorded with a parker fly through a line-6 pod.",,,,,,false,false,true,true,"duration,music_proxy"
1400,https://freesound.org/people/sleep/sounds/1400/,muted_d_5th.wav,sleep,http://creativecommons.org/licenses/sampling+/1.0/,1.60558,44100.0,2,wav,"[""distorted"", ""guitar"", ""power-chord-chord-fifth""]","Muted, distorted, drop-tuned ""d"" power chord recorded with a parker fly through a line-6 pod.",,,,,,false,false,true,true,"duration,music_proxy"
1401,https://freesound.org/people/sleep/sounds/1401/,muted_f_5th.wav,sleep,http://creativecommons.org/licenses/sampling+/1.0/,1.07683,44100.0,2,wav,"[""distorted"", ""guitar"", ""power-chord-chord-fifth""]","Muted, distorted, drop-tuned ""F"" power chord recorded with a parker fly through a line-6 pod.",,,,,,false,false,true,true,"duration,music_proxy"
1402,https://freesound.org/people/sleep/sounds/1402/,muted_g_5th.wav,sleep,http://creativecommons.org/licenses/sampling+/1.0/,2.01202,44100.0,2,wav,"[""distorted"", ""guitar"", ""power-chord-chord-fifth""]","Muted, distorted, drop-tuned ""G"" power chord recorded with a parker fly through a line-6 pod.",,,,,,false,false,true,true,"duration,music_proxy"
1403,https://freesound.org/people/sleep/sounds/1403/,pick_chkk.wav,sleep,http://creativecommons.org/licenses/sampling+/1.0/,1.01574,44100.0,2,wav,"[""distorted"", ""guitar"", ""noise"", ""string""]",Distorted string rake recorded with a parker fly through a line-6 pod.,,,,,,false,false,true,true,"duration,music_proxy"
1404,https://freesound.org/people/sleep/sounds/1404/,picked_slide.wav,sleep,http://creativecommons.org/licenses/sampling+/1.0/,2.43624,44100.0,2,wav,"[""distorted"", ""guitar"", ""pick"", ""slide""]","double-picked slide down the low ""d"" string recorded with a parker fly through a line-6 pod.",,,,,,false,false,true,true,"duration,music_proxy"
1405,https://freesound.org/people/sleep/sounds/1405/,pickslide1.wav,sleep,http://creativecommons.org/licenses/sampling+/1.0/,1.81986,44100.0,2,wav,"[""distortion"", ""guitar"", ""noise"", ""pick"", ""scratch"", ""slide""]",Sound of the pick being slid down the strings of a distorted guitar recorded with a parker fly through a line-6 pod.,,,,,,false,false,true,true,"duration,music_proxy"
1406,https://freesound.org/people/sleep/sounds/1406/,pickslide_up.wav,sleep,http://creativecommons.org/licenses/sampling+/1.0/,3.28605,44100.0,2,wav,"[""distortion"", ""guitar"", ""nose"", ""pick"", ""scratch"", ""slide""]",Sound of the pick being slid up the strings of a distorted guitar recorded with a parker fly through a line-6 pod.,,,,,,false,false,true,true,"duration,music_proxy"
1407,https://freesound.org/people/sleep/sounds/1407/,string noise.wav,sleep,http://creativecommons.org/licenses/sampling+/1.0/,0.702404,44100.0,2,wav,"[""distortion"", ""guitar"", ""noise"", ""string""]",Sound of hand moving along the strings; non-pitched noise guitar recorded with a parker fly through a line-6 pod.,,,,,,false,false,true,true,"duration,music_proxy"
1408,https://freesound.org/people/sleep/sounds/1408/,string_whip.wav,sleep,http://creativecommons.org/licenses/sampling+/1.0/,1.07755,44100.0,2,wav,"[""distortion"", ""guitar"", ""noise"", ""string""]","Distorted low pitch guitar string ""whip"" (rapid up/down slide) recorded with a parker fly through a line-6 pod.",,,,,,false,false,true,true,"duration,music_proxy"
1409,https://freesound.org/people/sleep/sounds/1409/,tuning.wav,sleep,http://creativecommons.org/licenses/sampling+/1.0/,15.3305,44100.0,2,wav,"[""distortion"", ""guitar"", ""tuning""]",sound of a guitar being tuned recorded with a parker fly through a line-6 pod.,,,,,,false,false,true,true,"duration,music_proxy"
1410,https://freesound.org/people/sleep/sounds/1410/,p1.wav,sleep,http://creativecommons.org/licenses/sampling+/1.0/,6.76215,44100.0,1,wav,"[""acoustic"", ""detuned"", ""lo-fi"", ""note"", ""piano""]",Sample of a poorly maintained antique square grand piano recorded via a low-quality dynamic mic directly into an Akai S5000 sampler.,,,,,,false,false,true,true,"duration,music_proxy"
1411,https://freesound.org/people/sleep/sounds/1411/,p2.wav,sleep,http://creativecommons.org/licenses/sampling+/1.0/,1.76472,44100.0,1,wav,"[""acoustic"", ""detuned"", ""lo-fi"", ""piano"", ""thump""]",Sample of a broken string of a poorly maintained antique square grand piano recorded via a low-quality dynamic mic directly into an Akai S5000 sampler.,,,,,,false,false,true,true,"duration,music_proxy"
1412,https://freesound.org/people/sleep/sounds/1412/,p4.wav,sleep,http://creativecommons.org/licenses/sampling+/1.0/,3.13469,44100.0,1,wav,"[""acoustic"", ""detuned"", ""lo-fi"", ""note"", ""piano""]",Sample of a poorly maintained antique square grand piano recorded via a low-quality dynamic mic directly into an Akai S5000 sample.,,,,,,false,false,true,true,"duration,music_proxy"
1413,https://freesound.org/people/sleep/sounds/1413/,p5.wav,sleep,http://creativecommons.org/licenses/sampling+/1.0/,8.54494,44100.0,1,wav,"[""acoustic"", ""detuned"", ""lo-fi"", ""note"", ""piano""]",Sample of a poorly maintained antique square grand piano recorded via a low-quality dynamic mic directly into an Akai S5000 sampler.,,,,,,false,false,true,true,"duration,music_proxy"
1414,https://freesound.org/people/sleep/sounds/1414/,p6.wav,sleep,http://creativecommons.org/licenses/sampling+/1.0/,14.4731,44100.0,1,wav,"[""acoustic"", ""detuned"", ""lo-fi"", ""note"", ""piano""]",Sample of a poorly maintained antique square grand piano recorded via a low-quality dynamic mic directly into an Akai S5000 sampler.,,,,,,false,false,true,true,"duration,music_proxy"
1415,https://freesound.org/people/sleep/sounds/1415/,p7.wav,sleep,http://creativecommons.org/licenses/sampling+/1.0/,7.51261,44100.0,1,wav,"[""acoustic"", ""detuned"", ""lo-fi"", ""note"", ""piano""]",Sample of a poorly maintained antique square grand piano recorded via a low-quality dynamic mic directly into an Akai S5000 sampler.,,,,,,false,false,true,true,"duration,music_proxy"
1416,https://freesound.org/people/lostchocolatelab/sounds/1416/,01ARMOR01.aif,lostchocolatelab,http://creativecommons.org/publicdomain/zero/1.0/,0.422041,44100.0,1,aiff,"[""impact"", ""sword""]","These are the sounds of Real Swords against various materials. Minimal editing has been done: separated samples, some EQ, some fades...mostly raw in open-air noisy market environment.Sourced at a recent renaissance festival courtesy of the fine fellows at BadgerBlades.comYou can ready about the sourcing here:<a href=""http://www.waste.org/lostchocolatelab//archive/2004_12_01_LostBloggerArchive.html#110253220904356307"" rel=""nofollow"">http://www.waste.org/lostchocolatelab//archive/2004_12_01_LostBloggerArchive.html#110253220904356307</a>",,,,,,false,false,true,true,"duration,music_proxy"
1417,https://freesound.org/people/lostchocolatelab/sounds/1417/,01ARMOR02.aif,lostchocolatelab,http://creativecommons.org/publicdomain/zero/1.0/,0.348912,44100.0,1,aiff,"[""impact"", ""sword""]","These are the sounds of Real Swords against various materials. Minimal editing has been done: separated samples, some EQ, some fades...mostly raw in open-air noisy market environment.Sourced at a recent renaissance festival courtesy of the fine fellows at BadgerBlades.comYou can ready about the sourcing here:<a href=""http://www.waste.org/lostchocolatelab//archive/2004_12_01_LostBloggerArchive.html#110253220904356307"" rel=""nofollow"">http://www.waste.org/lostchocolatelab//archive/2004_12_01_LostBloggerArchive.html#110253220904356307</a>",,,,,,false,false,true,true,"duration,music_proxy"
1418,https://freesound.org/people/lostchocolatelab/sounds/1418/,01ARMOR03.aif,lostchocolatelab,http://creativecommons.org/publicdomain/zero/1.0/,0.234649,44100.0,1,aiff,"[""impact"", ""sword""]","These are the sounds of Real Swords against various materials. Minimal editing has been done: separated samples, some EQ, some fades...mostly raw in open-air noisy market environment.Sourced at a recent renaissance festival courtesy of the fine fellows at BadgerBlades.comYou can ready about the sourcing here:<a href=""http://www.waste.org/lostchocolatelab//archive/2004_12_01_LostBloggerArchive.html#110253220904356307"" rel=""nofollow"">http://www.waste.org/lostchocolatelab//archive/2004_12_01_LostBloggerArchive.html#110253220904356307</a>",,,,,,false,false,true,true,"duration,music_proxy"
1419,https://freesound.org/people/lostchocolatelab/sounds/1419/,01ARMOR04.aif,lostchocolatelab,http://creativecommons.org/publicdomain/zero/1.0/,0.243923,44100.0,1,aiff,"[""impact"", ""sword""]","These are the sounds of Real Swords against various materials. Minimal editing has been done: seperated samples, some EQ, some fades...mostly raw in open-air noisy market environment.Sourced at a recent renaissance festival courtesy of the fine fellows at BadgerBlades.comYou can ready about the sourcing here:<a href=""http://www.waste.org/lostchocolatelab//archive/2004_12_01_LostBloggerArchive.html#110253220904356307"" rel=""nofollow"">http://www.waste.org/lostchocolatelab//archive/2004_12_01_LostBloggerArchive.html#110253220904356307</a>",,,,,,false,false,true,true,"duration,music_proxy"
1420,https://freesound.org/people/lostchocolatelab/sounds/1420/,01ARMOR05.aif,lostchocolatelab,http://creativecommons.org/publicdomain/zero/1.0/,0.375646,44100.0,1,aiff,"[""impact"", ""sword""]","These are the sounds of Real Swords against various materials. Minimal editing has been done: seperated samples, some EQ, some fades...mostly raw in open-air noisy market environment.Sourced at a recent renaissance festival courtesy of the fine fellows at BadgerBlades.comYou can ready about the sourcing here:<a href=""http://www.waste.org/lostchocolatelab//archive/2004_12_01_LostBloggerArchive.html#110253220904356307"" rel=""nofollow"">http://www.waste.org/lostchocolatelab//archive/2004_12_01_LostBloggerArchive.html#110253220904356307</a>",,,,,,false,false,true,true,"duration,music_proxy"
1421,https://freesound.org/people/lostchocolatelab/sounds/1421/,01ARMOR06.aif,lostchocolatelab,http://creativecommons.org/publicdomain/zero/1.0/,0.161814,44100.0,1,aiff,"[""impact"", ""sword""]","These are the sounds of Real Swords against various materials. Minimal editing has been done: seperated samples, some EQ, some fades...mostly raw in open-air noisy market environment.Sourced at a recent renaissance festival courtesy of the fine fellows at BadgerBlades.comYou can ready about the sourcing here:<a href=""http://www.waste.org/lostchocolatelab//archive/2004_12_01_LostBloggerArchive.html#110253220904356307"" rel=""nofollow"">http://www.waste.org/lostchocolatelab//archive/2004_12_01_LostBloggerArchive.html#110253220904356307</a>",,,,,,false,false,true,true,"duration,music_proxy"
1422,https://freesound.org/people/lostchocolatelab/sounds/1422/,02ARMOR01.aif,lostchocolatelab,http://creativecommons.org/publicdomain/zero/1.0/,0.336735,44100.0,1,aiff,"[""impact"", ""sword""]","These are the sounds of Real Swords against various materials. Minimal editing has been done: seperated samples, some EQ, some fades...mostly raw in open-air noisy market environment.Sourced at a recent renaissance festival courtesy of the fine fellows at BadgerBlades.comYou can ready about the sourcing here:<a href=""http://www.waste.org/lostchocolatelab//archive/2004_12_01_LostBloggerArchive.html#110253220904356307"" rel=""nofollow"">http://www.waste.org/lostchocolatelab//archive/2004_12_01_LostBloggerArchive.html#110253220904356307</a>",,,,,,false,false,true,true,"duration,music_proxy"
1423,https://freesound.org/people/lostchocolatelab/sounds/1423/,02ARMOR02.aif,lostchocolatelab,http://creativecommons.org/publicdomain/zero/1.0/,0.309297,44100.0,1,aiff,"[""impact"", ""sword""]","These are the sounds of Real Swords against various materials. Minimal editing has been done: seperated samples, some EQ, some fades...mostly raw in open-air noisy market environment.Sourced at a recent renaissance festival courtesy of the fine fellows at BadgerBlades.comYou can ready about the sourcing here:<a href=""http://www.waste.org/lostchocolatelab//archive/2004_12_01_LostBloggerArchive.html#110253220904356307"" rel=""nofollow"">http://www.waste.org/lostchocolatelab//archive/2004_12_01_LostBloggerArchive.html#110253220904356307</a>",,,,,,false,false,true,true,"duration,music_proxy"
1424,https://freesound.org/people/lostchocolatelab/sounds/1424/,02ARMOR03.aif,lostchocolatelab,http://creativecommons.org/publicdomain/zero/1.0/,0.269977,44100.0,1,aiff,"[""impact"", ""sword""]","These are the sounds of Real Swords against various materials. Minimal editing has been done: seperated samples, some EQ, some fades...mostly raw in open-air noisy market environment.Sourced at a recent renaissance festival courtesy of the fine fellows at BadgerBlades.comYou can ready about the sourcing here:<a href=""http://www.waste.org/lostchocolatelab//archive/2004_12_01_LostBloggerArchive.html#110253220904356307"" rel=""nofollow"">http://www.waste.org/lostchocolatelab//archive/2004_12_01_LostBloggerArchive.html#110253220904356307</a>",,,,,,false,false,true,true,"duration,music_proxy"
1425,https://freesound.org/people/lostchocolatelab/sounds/1425/,02ARMOR04.aif,lostchocolatelab,http://creativecommons.org/publicdomain/zero/1.0/,0.324376,44100.0,1,aiff,"[""impact"", ""sword""]","These are the sounds of Real Swords against various materials. Minimal editing has been done: seperated samples, some EQ, some fades...mostly raw in open-air noisy market environment.Sourced at a recent renaissance festival courtesy of the fine fellows at BadgerBlades.comYou can ready about the sourcing here:<a href=""http://www.waste.org/lostchocolatelab//archive/2004_12_01_LostBloggerArchive.html#110253220904356307"" rel=""nofollow"">http://www.waste.org/lostchocolatelab//archive/2004_12_01_LostBloggerArchive.html#110253220904356307</a>",,,,,,false,false,true,true,"duration,music_proxy"
1426,https://freesound.org/people/lostchocolatelab/sounds/1426/,03ARMOR01.aif,lostchocolatelab,http://creativecommons.org/publicdomain/zero/1.0/,0.319456,44100.0,1,aiff,"[""impact"", ""sword""]","These are the sounds of Real Swords against various materials. Minimal editing has been done: seperated samples, some EQ, some fades...mostly raw in open-air noisy market environment.Sourced at a recent renaissance festival courtesy of the fine fellows at BadgerBlades.comYou can ready about the sourcing here:<a href=""http://www.waste.org/lostchocolatelab//archive/2004_12_01_LostBloggerArchive.html#110253220904356307"" rel=""nofollow"">http://www.waste.org/lostchocolatelab//archive/2004_12_01_LostBloggerArchive.html#110253220904356307</a>",,,,,,false,false,true,true,"duration,music_proxy"
1427,https://freesound.org/people/lostchocolatelab/sounds/1427/,03ARMOR02.aif,lostchocolatelab,http://creativecommons.org/publicdomain/zero/1.0/,0.280839,44100.0,1,aiff,"[""impact"", ""sword""]","These are the sounds of Real Swords against various materials. Minimal editing has been done: seperated samples, some EQ, some fades...mostly raw in open-air noisy market environment.Sourced at a recent renaissance festival courtesy of the fine fellows at BadgerBlades.comYou can ready about the sourcing here:<a href=""http://www.waste.org/lostchocolatelab//archive/2004_12_01_LostBloggerArchive.html#110253220904356307"" rel=""nofollow"">http://www.waste.org/lostchocolatelab//archive/2004_12_01_LostBloggerArchive.html#110253220904356307</a>",,,,,,false,false,true,true,"duration,music_proxy"
1428,https://freesound.org/people/lostchocolatelab/sounds/1428/,03ARMOR03.aif,lostchocolatelab,http://creativecommons.org/publicdomain/zero/1.0/,0.322653,44100.0,1,aiff,"[""impact"", ""sword""]","These are the sounds of Real Swords against various materials. Minimal editing has been done: seperated samples, some EQ, some fades...mostly raw in open-air noisy market environment.Sourced at a recent renaissance festival courtesy of the fine fellows at BadgerBlades.comYou can ready about the sourcing here:<a href=""http://www.waste.org/lostchocolatelab//archive/2004_12_01_LostBloggerArchive.html#110253220904356307"" rel=""nofollow"">http://www.waste.org/lostchocolatelab//archive/2004_12_01_LostBloggerArchive.html#110253220904356307</a>",,,,,,false,false,true,true,"duration,music_proxy"
1429,https://freesound.org/people/lostchocolatelab/sounds/1429/,01SWORD01.aif,lostchocolatelab,http://creativecommons.org/publicdomain/zero/1.0/,0.683447,44100.0,1,aiff,"[""sword""]","These are the sounds of Real Swords banging against each other.Minimal editing has been done: separated samples, some EQ, some fades...mostly raw in open-air noisy market environment.Sourced at a recent renaissance festival courtesy of the fine fellows at BadgerBlades.comYou can ready about the sourcing here:<a href=""http://www.waste.org/lostchocolatelab//archive/2004_12_01_LostBloggerArchive.html#110253220904356307"" rel=""nofollow"">http://www.waste.org/lostchocolatelab//archive/2004_12_01_LostBloggerArchive.html#110253220904356307</a>",,,,,,false,false,true,true,"duration,music_proxy"
1430,https://freesound.org/people/lostchocolatelab/sounds/1430/,01SWORD02.aif,lostchocolatelab,http://creativecommons.org/publicdomain/zero/1.0/,0.540023,44100.0,1,aiff,"[""sword""]","These are the sounds of Real Swords banging against each other.Minimal editing has been done: separated samples, some EQ, some fades...mostly raw in open-air noisy market environment.Sourced at a recent renaissance festival courtesy of the fine fellows at BadgerBlades.comYou can ready about the sourcing here:<a href=""http://www.waste.org/lostchocolatelab//archive/2004_12_01_LostBloggerArchive.html#110253220904356307"" rel=""nofollow"">http://www.waste.org/lostchocolatelab//archive/2004_12_01_LostBloggerArchive.html#110253220904356307</a>",,,,,,false,false,true,true,"duration,music_proxy"
1431,https://freesound.org/people/lostchocolatelab/sounds/1431/,01SWORD03.aif,lostchocolatelab,http://creativecommons.org/publicdomain/zero/1.0/,0.726531,44100.0,1,aiff,"[""sword""]","These are the sounds of Real Swords banging against each other.Minimal editing has been done: separated samples, some EQ, some fades...mostly raw in open-air noisy market environment.Sourced at a recent renaissance festival courtesy of the fine fellows at BadgerBlades.comYou can ready about the sourcing here:<a href=""http://www.waste.org/lostchocolatelab//archive/2004_12_01_LostBloggerArchive.html#110253220904356307"" rel=""nofollow"">http://www.waste.org/lostchocolatelab//archive/2004_12_01_LostBloggerArchive.html#110253220904356307</a>",,,,,,false,false,true,true,"duration,music_proxy"
1433,https://freesound.org/people/lostchocolatelab/sounds/1433/,01SWORD05.aif,lostchocolatelab,http://creativecommons.org/publicdomain/zero/1.0/,0.643084,44100.0,1,aiff,"[""sword""]","These are the sounds of Real Swords banging against each other.Minimal editing has been done: separated samples, some EQ, some fades...mostly raw in open-air noisy market environment.Sourced at a recent renaissance festival courtesy of the fine fellows at BadgerBlades.comYou can ready about the sourcing here:<a href=""http://www.waste.org/lostchocolatelab//archive/2004_12_01_LostBloggerArchive.html#110253220904356307"" rel=""nofollow"">http://www.waste.org/lostchocolatelab//archive/2004_12_01_LostBloggerArchive.html#110253220904356307</a>",,,,,,false,false,true,true,"duration,music_proxy"
1434,https://freesound.org/people/lostchocolatelab/sounds/1434/,01SWORD06.aif,lostchocolatelab,http://creativecommons.org/publicdomain/zero/1.0/,0.637732,44100.0,1,aiff,"[""sword""]","These are the sounds of Real Swords banging against each other.Minimal editing has been done: separated samples, some EQ, some fades...mostly raw in open-air noisy market environment.Sourced at a recent renaissance festival courtesy of the fine fellows at BadgerBlades.comYou can ready about the sourcing here:<a href=""http://www.waste.org/lostchocolatelab//archive/2004_12_01_LostBloggerArchive.html#110253220904356307"" rel=""nofollow"">http://www.waste.org/lostchocolatelab//archive/2004_12_01_LostBloggerArchive.html#110253220904356307</a>",,,,,,false,false,true,true,"duration,music_proxy"
1435,https://freesound.org/people/lostchocolatelab/sounds/1435/,02SWORD01.aif,lostchocolatelab,http://creativecommons.org/publicdomain/zero/1.0/,0.787234,44100.0,1,aiff,"[""sword""]","These are the sounds of Real Swords banging against each other.Minimal editing has been done: separated samples, some EQ, some fades...mostly raw in open-air noisy market environment.Sourced at a recent renaissance festival courtesy of the fine fellows at BadgerBlades.comYou can ready about the sourcing here:<a href=""http://www.waste.org/lostchocolatelab//archive/2004_12_01_LostBloggerArchive.html#110253220904356307"" rel=""nofollow"">http://www.waste.org/lostchocolatelab//archive/2004_12_01_LostBloggerArchive.html#110253220904356307</a>",,,,,,false,false,true,true,"duration,music_proxy"
1436,https://freesound.org/people/lostchocolatelab/sounds/1436/,02SWORD02.aif,lostchocolatelab,http://creativecommons.org/publicdomain/zero/1.0/,0.764331,44100.0,1,aiff,"[""sword""]","These are the sounds of Real Swords banging against each other.Minimal editing has been done: separated samples, some EQ, some fades...mostly raw in open-air noisy market environment.Sourced at a recent renaissance festival courtesy of the fine fellows at BadgerBlades.comYou can ready about the sourcing here:<a href=""http://www.waste.org/lostchocolatelab//archive/2004_12_01_LostBloggerArchive.html#110253220904356307"" rel=""nofollow"">http://www.waste.org/lostchocolatelab//archive/2004_12_01_LostBloggerArchive.html#110253220904356307</a>",,,,,,false,false,true,true,"duration,music_proxy"
1437,https://freesound.org/people/lostchocolatelab/sounds/1437/,02SWORD03.aif,lostchocolatelab,http://creativecommons.org/publicdomain/zero/1.0/,0.402812,44100.0,1,aiff,"[""sword""]","These are the sounds of Real Swords banging against each other.Minimal editing has been done: separated samples, some EQ, some fades...mostly raw in open-air noisy market environment.Sourced at a recent renaissance festival courtesy of the fine fellows at BadgerBlades.comYou can ready about the sourcing here:<a href=""http://www.waste.org/lostchocolatelab//archive/2004_12_01_LostBloggerArchive.html#110253220904356307"" rel=""nofollow"">http://www.waste.org/lostchocolatelab//archive/2004_12_01_LostBloggerArchive.html#110253220904356307</a>",,,,,,false,false,true,true,"duration,music_proxy"
1438,https://freesound.org/people/lostchocolatelab/sounds/1438/,02SWORD04.aif,lostchocolatelab,http://creativecommons.org/publicdomain/zero/1.0/,0.591293,44100.0,1,aiff,"[""sword""]","These are the sounds of Real Swords banging against each other.Minimal editing has been done: separated samples, some EQ, some fades...mostly raw in open-air noisy market environment.Sourced at a recent renaissance festival courtesy of the fine fellows at BadgerBlades.comYou can ready about the sourcing here:<a href=""http://www.waste.org/lostchocolatelab//archive/2004_12_01_LostBloggerArchive.html#110253220904356307"" rel=""nofollow"">http://www.waste.org/lostchocolatelab//archive/2004_12_01_LostBloggerArchive.html#110253220904356307</a>",,,,,,false,false,true,true,"duration,music_proxy"
1439,https://freesound.org/people/lostchocolatelab/sounds/1439/,02SWORD05.aif,lostchocolatelab,http://creativecommons.org/publicdomain/zero/1.0/,0.513469,44100.0,1,aiff,"[""sword""]","These are the sounds of Real Swords banging against each other.Minimal editing has been done: separated samples, some EQ, some fades...mostly raw in open-air noisy market environment.Sourced at a recent renaissance festival courtesy of the fine fellows at BadgerBlades.comYou can ready about the sourcing here:<a href=""http://www.waste.org/lostchocolatelab//archive/2004_12_01_LostBloggerArchive.html#110253220904356307"" rel=""nofollow"">http://www.waste.org/lostchocolatelab//archive/2004_12_01_LostBloggerArchive.html#110253220904356307</a>",,,,,,false,false,true,true,"duration,music_proxy"
1440,https://freesound.org/people/lostchocolatelab/sounds/1440/,02SWORD06.aif,lostchocolatelab,http://creativecommons.org/publicdomain/zero/1.0/,0.288685,44100.0,1,aiff,"[""sword""]","These are the sounds of Real Swords banging against each other.Minimal editing has been done: separated samples, some EQ, some fades...mostly raw in open-air noisy market environment.Sourced at a recent renaissance festival courtesy of the fine fellows at BadgerBlades.comYou can ready about the sourcing here:<a href=""http://www.waste.org/lostchocolatelab//archive/2004_12_01_LostBloggerArchive.html#110253220904356307"" rel=""nofollow"">http://www.waste.org/lostchocolatelab//archive/2004_12_01_LostBloggerArchive.html#110253220904356307</a>",,,,,,false,false,true,true,"duration,music_proxy"
1441,https://freesound.org/people/lostchocolatelab/sounds/1441/,02SWORD07.aif,lostchocolatelab,http://creativecommons.org/publicdomain/zero/1.0/,0.318821,44100.0,1,aiff,"[""sword""]","These are the sounds of Real Swords banging against each other.Minimal editing has been done: separated samples, some EQ, some fades...mostly raw in open-air noisy market environment.Sourced at a recent renaissance festival courtesy of the fine fellows at BadgerBlades.comYou can ready about the sourcing here:<a href=""http://www.waste.org/lostchocolatelab//archive/2004_12_01_LostBloggerArchive.html#110253220904356307"" rel=""nofollow"">http://www.waste.org/lostchocolatelab//archive/2004_12_01_LostBloggerArchive.html#110253220904356307</a>",,,,,,false,false,true,true,"duration,music_proxy"
1442,https://freesound.org/people/lostchocolatelab/sounds/1442/,02SWORD08.aif,lostchocolatelab,http://creativecommons.org/publicdomain/zero/1.0/,0.409546,44100.0,1,aiff,[],"These are the sounds of Real Swords banging against each other.Minimal editing has been done: separated samples, some EQ, some fades...mostly raw in open-air noisy market environment.Sourced at a recent renaissance festival courtesy of the fine fellows at BadgerBlades.comYou can ready about the sourcing here:<a href=""http://www.waste.org/lostchocolatelab//archive/2004_12_01_LostBloggerArchive.html#110253220904356307"" rel=""nofollow"">http://www.waste.org/lostchocolatelab//archive/2004_12_01_LostBloggerArchive.html#110253220904356307</a>",,,,,,false,false,true,true,"duration,music_proxy"
1443,https://freesound.org/people/lostchocolatelab/sounds/1443/,03SWORD01.aif,lostchocolatelab,http://creativecommons.org/publicdomain/zero/1.0/,0.887982,44100.0,1,aiff,"[""sword""]","These are the sounds of Real Swords banging against each other.Minimal editing has been done: separated samples, some EQ, some fades...mostly raw in open-air noisy market environment.Sourced at a recent renaissance festival courtesy of the fine fellows at BadgerBlades.comYou can ready about the sourcing here:<a href=""http://www.waste.org/lostchocolatelab//archive/2004_12_01_LostBloggerArchive.html#110253220904356307"" rel=""nofollow"">http://www.waste.org/lostchocolatelab//archive/2004_12_01_LostBloggerArchive.html#110253220904356307</a>",,,,,,false,false,true,true,"duration,music_proxy"
1444,https://freesound.org/people/lostchocolatelab/sounds/1444/,03SWORD02.aif,lostchocolatelab,http://creativecommons.org/publicdomain/zero/1.0/,2.35853,44100.0,1,aiff,"[""sword""]","These are the sounds of Real Swords banging against each other.Minimal editing has been done: separated samples, some EQ, some fades...mostly raw in open-air noisy market environment.Sourced at a recent renaissance festival courtesy of the fine fellows at BadgerBlades.comYou can ready about the sourcing here:<a href=""http://www.waste.org/lostchocolatelab//archive/2004_12_01_LostBloggerArchive.html#110253220904356307"" rel=""nofollow"">http://www.waste.org/lostchocolatelab//archive/2004_12_01_LostBloggerArchive.html#110253220904356307</a>",,,,,,false,false,true,true,"duration,music_proxy"
1445,https://freesound.org/people/lostchocolatelab/sounds/1445/,04SWORD01.aif,lostchocolatelab,http://creativecommons.org/publicdomain/zero/1.0/,0.357823,44100.0,1,aiff,"[""sword""]","These are the sounds of Real Swords banging against each other.Minimal editing has been done: separated samples, some EQ, some fades...mostly raw in open-air noisy market environment.Sourced at a recent renaissance festival courtesy of the fine fellows at BadgerBlades.comYou can ready about the sourcing here:<a href=""http://www.waste.org/lostchocolatelab//archive/2004_12_01_LostBloggerArchive.html#110253220904356307"" rel=""nofollow"">http://www.waste.org/lostchocolatelab//archive/2004_12_01_LostBloggerArchive.html#110253220904356307</a>",,,,,,false,false,true,true,"duration,music_proxy"
1446,https://freesound.org/people/lostchocolatelab/sounds/1446/,04SWORD02.aif,lostchocolatelab,http://creativecommons.org/publicdomain/zero/1.0/,0.27034,44100.0,1,aiff,"[""sword""]","These are the sounds of Real Swords banging against each other.Minimal editing has been done: separated samples, some EQ, some fades...mostly raw in open-air noisy market environment.Sourced at a recent renaissance festival courtesy of the fine fellows at BadgerBlades.comYou can ready about the sourcing here:<a href=""http://www.waste.org/lostchocolatelab//archive/2004_12_01_LostBloggerArchive.html#110253220904356307"" rel=""nofollow"">http://www.waste.org/lostchocolatelab//archive/2004_12_01_LostBloggerArchive.html#110253220904356307</a>",,,,,,false,false,true,true,"duration,music_proxy"
1447,https://freesound.org/people/lostchocolatelab/sounds/1447/,05SWORD01.aif,lostchocolatelab,http://creativecommons.org/publicdomain/zero/1.0/,2.54499,44100.0,1,aiff,"[""sword""]","These are the sounds of Real Swords banging against each other.Minimal editing has been done: separated samples, some EQ, some fades...mostly raw in open-air noisy market environment.Sourced at a recent renaissance festival courtesy of the fine fellows at BadgerBlades.comYou can ready about the sourcing here:<a href=""http://www.waste.org/lostchocolatelab//archive/2004_12_01_LostBloggerArchive.html#110253220904356307"" rel=""nofollow"">http://www.waste.org/lostchocolatelab//archive/2004_12_01_LostBloggerArchive.html#110253220904356307</a>",,,,,,false,false,true,true,"duration,music_proxy"
1448,https://freesound.org/people/lostchocolatelab/sounds/1448/,06SWORD01.aif,lostchocolatelab,http://creativecommons.org/publicdomain/zero/1.0/,0.696145,44100.0,1,aiff,"[""sword""]","These are the sounds of Real Swords banging against each other.Minimal editing has been done: separated samples, some EQ, some fades...mostly raw in open-air noisy market environment.Sourced at a recent renaissance festival courtesy of the fine fellows at BadgerBlades.comYou can ready about the sourcing here:<a href=""http://www.waste.org/lostchocolatelab//archive/2004_12_01_LostBloggerArchive.html#110253220904356307"" rel=""nofollow"">http://www.waste.org/lostchocolatelab//archive/2004_12_01_LostBloggerArchive.html#110253220904356307</a>",,,,,,false,false,true,true,"duration,music_proxy"
1449,https://freesound.org/people/lostchocolatelab/sounds/1449/,06SWORD02.aif,lostchocolatelab,http://creativecommons.org/publicdomain/zero/1.0/,0.620816,44100.0,1,aiff,"[""sword""]","These are the sounds of Real Swords banging against each other.Minimal editing has been done: separated samples, some EQ, some fades...mostly raw in open-air noisy market environment.Sourced at a recent renaissance festival courtesy of the fine fellows at BadgerBlades.comYou can ready about the sourcing here:<a href=""http://www.waste.org/lostchocolatelab//archive/2004_12_01_LostBloggerArchive.html#110253220904356307"" rel=""nofollow"">http://www.waste.org/lostchocolatelab//archive/2004_12_01_LostBloggerArchive.html#110253220904356307</a>",,,,,,false,false,true,true,"duration,music_proxy"
1450,https://freesound.org/people/lostchocolatelab/sounds/1450/,06SWORD03.aif,lostchocolatelab,http://creativecommons.org/publicdomain/zero/1.0/,0.610295,44100.0,1,aiff,"[""sword""]","These are the sounds of Real Swords banging against each other.Minimal editing has been done: separated samples, some EQ, some fades...mostly raw in open-air noisy market environment.Sourced at a recent renaissance festival courtesy of the fine fellows at BadgerBlades.comYou can ready about the sourcing here:<a href=""http://www.waste.org/lostchocolatelab//archive/2004_12_01_LostBloggerArchive.html#110253220904356307"" rel=""nofollow"">http://www.waste.org/lostchocolatelab//archive/2004_12_01_LostBloggerArchive.html#110253220904356307</a>",,,,,,false,false,true,true,"duration,music_proxy"
1451,https://freesound.org/people/lostchocolatelab/sounds/1451/,06SWORD04.aif,lostchocolatelab,http://creativecommons.org/publicdomain/zero/1.0/,0.710363,44100.0,1,aiff,"[""sword""]","These are the sounds of Real Swords banging against each other.Minimal editing has been done: separated samples, some EQ, some fades...mostly raw in open-air noisy market environment.Sourced at a recent renaissance festival courtesy of the fine fellows at BadgerBlades.comYou can ready about the sourcing here:<a href=""http://www.waste.org/lostchocolatelab//archive/2004_12_01_LostBloggerArchive.html#110253220904356307"" rel=""nofollow"">http://www.waste.org/lostchocolatelab//archive/2004_12_01_LostBloggerArchive.html#110253220904356307</a>",,,,,,false,false,true,true,"duration,music_proxy"
1452,https://freesound.org/people/lostchocolatelab/sounds/1452/,06SWORD05.aif,lostchocolatelab,http://creativecommons.org/publicdomain/zero/1.0/,0.602381,44100.0,1,aiff,"[""sword""]","These are the sounds of Real Swords banging against each other.Minimal editing has been done: separated samples, some EQ, some fades...mostly raw in open-air noisy market environment.Sourced at a recent renaissance festival courtesy of the fine fellows at BadgerBlades.comYou can ready about the sourcing here:<a href=""http://www.waste.org/lostchocolatelab//archive/2004_12_01_LostBloggerArchive.html#110253220904356307"" rel=""nofollow"">http://www.waste.org/lostchocolatelab//archive/2004_12_01_LostBloggerArchive.html#110253220904356307</a>",,,,,,false,false,true,true,"duration,music_proxy"
1453,https://freesound.org/people/lostchocolatelab/sounds/1453/,06SWORD06.aif,lostchocolatelab,http://creativecommons.org/publicdomain/zero/1.0/,0.939297,44100.0,1,aiff,"[""sword""]","These are the sounds of Real Swords banging against each other.Minimal editing has been done: separated samples, some EQ, some fades...mostly raw in open-air noisy market environment.Sourced at a recent renaissance festival courtesy of the fine fellows at BadgerBlades.comYou can ready about the sourcing here:<a href=""http://www.waste.org/lostchocolatelab//archive/2004_12_01_LostBloggerArchive.html#110253220904356307"" rel=""nofollow"">http://www.waste.org/lostchocolatelab//archive/2004_12_01_LostBloggerArchive.html#110253220904356307</a>",,,,,,false,false,true,true,"duration,music_proxy"
1454,https://freesound.org/people/lostchocolatelab/sounds/1454/,07SWORD01.aif,lostchocolatelab,http://creativecommons.org/publicdomain/zero/1.0/,1.1785,44100.0,1,aiff,"[""sword""]","These are the sounds of Real Swords banging against each other.Minimal editing has been done: separated samples, some EQ, some fades...mostly raw in open-air noisy market environment.Sourced at a recent renaissance festival courtesy of the fine fellows at BadgerBlades.comYou can ready about the sourcing here:<a href=""http://www.waste.org/lostchocolatelab//archive/2004_12_01_LostBloggerArchive.html#110253220904356307"" rel=""nofollow"">http://www.waste.org/lostchocolatelab//archive/2004_12_01_LostBloggerArchive.html#110253220904356307</a>",,,,,,false,false,true,true,"duration,music_proxy"
1455,https://freesound.org/people/lostchocolatelab/sounds/1455/,07SWORD02.aif,lostchocolatelab,http://creativecommons.org/publicdomain/zero/1.0/,1.1729,44100.0,1,aiff,"[""sword""]","These are the sounds of Real Swords banging against each other.Minimal editing has been done: separated samples, some EQ, some fades...mostly raw in open-air noisy market environment.Sourced at a recent renaissance festival courtesy of the fine fellows at BadgerBlades.comYou can ready about the sourcing here:<a href=""http://www.waste.org/lostchocolatelab//archive/2004_12_01_LostBloggerArchive.html#110253220904356307"" rel=""nofollow"">http://www.waste.org/lostchocolatelab//archive/2004_12_01_LostBloggerArchive.html#110253220904356307</a>",,,,,,false,false,true,true,"duration,music_proxy"
1456,https://freesound.org/people/lostchocolatelab/sounds/1456/,07SWORD03.aif,lostchocolatelab,http://creativecommons.org/publicdomain/zero/1.0/,0.653424,44100.0,1,aiff,"[""sword""]","These are the sounds of Real Swords banging against each other.Minimal editing has been done: separated samples, some EQ, some fades...mostly raw in open-air noisy market environment.Sourced at a recent renaissance festival courtesy of the fine fellows at BadgerBlades.comYou can ready about the sourcing here:<a href=""http://www.waste.org/lostchocolatelab//archive/2004_12_01_LostBloggerArchive.html#110253220904356307"" rel=""nofollow"">http://www.waste.org/lostchocolatelab//archive/2004_12_01_LostBloggerArchive.html#110253220904356307</a>",,,,,,false,false,true,true,"duration,music_proxy"
1457,https://freesound.org/people/lostchocolatelab/sounds/1457/,08SWORD01.aif,lostchocolatelab,http://creativecommons.org/publicdomain/zero/1.0/,0.467483,44100.0,1,aiff,"[""sword""]","These are the sounds of Real Swords banging against each other.Minimal editing has been done: separated samples, some EQ, some fades...mostly raw in open-air noisy market environment.Sourced at a recent renaissance festival courtesy of the fine fellows at BadgerBlades.comYou can ready about the sourcing here:<a href=""http://www.waste.org/lostchocolatelab//archive/2004_12_01_LostBloggerArchive.html#110253220904356307"" rel=""nofollow"">http://www.waste.org/lostchocolatelab//archive/2004_12_01_LostBloggerArchive.html#110253220904356307</a>",,,,,,false,false,true,true,"duration,music_proxy"
1458,https://freesound.org/people/lostchocolatelab/sounds/1458/,08SWORD02.aif,lostchocolatelab,http://creativecommons.org/publicdomain/zero/1.0/,0.518322,44100.0,1,aiff,"[""sword""]","These are the sounds of Real Swords banging against each other.Minimal editing has been done: separated samples, some EQ, some fades...mostly raw in open-air noisy market environment.Sourced at a recent renaissance festival courtesy of the fine fellows at BadgerBlades.comYou can ready about the sourcing here:<a href=""http://www.waste.org/lostchocolatelab//archive/2004_12_01_LostBloggerArchive.html#110253220904356307"" rel=""nofollow"">http://www.waste.org/lostchocolatelab//archive/2004_12_01_LostBloggerArchive.html#110253220904356307</a>",,,,,,false,false,true,true,"duration,music_proxy"
1459,https://freesound.org/people/lostchocolatelab/sounds/1459/,08SWORD03.aif,lostchocolatelab,http://creativecommons.org/publicdomain/zero/1.0/,0.213447,44100.0,1,aiff,"[""sword""]","These are the sounds of Real Swords banging against each other.Minimal editing has been done: separated samples, some EQ, some fades...mostly raw in open-air noisy market environment.Sourced at a recent renaissance festival courtesy of the fine fellows at BadgerBlades.comYou can ready about the sourcing here:<a href=""http://www.waste.org/lostchocolatelab//archive/2004_12_01_LostBloggerArchive.html#110253220904356307"" rel=""nofollow"">http://www.waste.org/lostchocolatelab//archive/2004_12_01_LostBloggerArchive.html#110253220904356307</a>",,,,,,false,false,true,true,"duration,music_proxy"
1460,https://freesound.org/people/lostchocolatelab/sounds/1460/,08SWORD04.aif,lostchocolatelab,http://creativecommons.org/publicdomain/zero/1.0/,0.313401,44100.0,1,aiff,"[""sword""]","These are the sounds of Real Swords banging against each other.Minimal editing has been done: separated samples, some EQ, some fades...mostly raw in open-air noisy market environment.Sourced at a recent renaissance festival courtesy of the fine fellows at BadgerBlades.comYou can ready about the sourcing here:<a href=""http://www.waste.org/lostchocolatelab//archive/2004_12_01_LostBloggerArchive.html#110253220904356307"" rel=""nofollow"">http://www.waste.org/lostchocolatelab//archive/2004_12_01_LostBloggerArchive.html#110253220904356307</a>",,,,,,false,false,true,true,"duration,music_proxy"
1461,https://freesound.org/people/lostchocolatelab/sounds/1461/,08SWORD05.aif,lostchocolatelab,http://creativecommons.org/publicdomain/zero/1.0/,0.324036,44100.0,1,aiff,"[""sword""]","These are the sounds of Real Swords banging against each other.Minimal editing has been done: separated samples, some EQ, some fades...mostly raw in open-air noisy market environment.Sourced at a recent renaissance festival courtesy of the fine fellows at BadgerBlades.comYou can ready about the sourcing here:<a href=""http://www.waste.org/lostchocolatelab//archive/2004_12_01_LostBloggerArchive.html#110253220904356307"" rel=""nofollow"">http://www.waste.org/lostchocolatelab//archive/2004_12_01_LostBloggerArchive.html#110253220904356307</a>",,,,,,false,false,true,true,"duration,music_proxy"
1462,https://freesound.org/people/lostchocolatelab/sounds/1462/,09SWORD01.aif,lostchocolatelab,http://creativecommons.org/publicdomain/zero/1.0/,0.606757,44100.0,1,aiff,"[""sword""]","These are the sounds of Real Swords banging against each other.Minimal editing has been done: separated samples, some EQ, some fades...mostly raw in open-air noisy market environment.Sourced at a recent renaissance festival courtesy of the fine fellows at BadgerBlades.comYou can ready about the sourcing here:<a href=""http://www.waste.org/lostchocolatelab//archive/2004_12_01_LostBloggerArchive.html#110253220904356307"" rel=""nofollow"">http://www.waste.org/lostchocolatelab//archive/2004_12_01_LostBloggerArchive.html#110253220904356307</a>",,,,,,false,false,true,true,"duration,music_proxy"
1463,https://freesound.org/people/lostchocolatelab/sounds/1463/,09SWORD02.aif,lostchocolatelab,http://creativecommons.org/publicdomain/zero/1.0/,0.58195,44100.0,1,aiff,"[""sword""]","These are the sounds of Real Swords banging against each other.Minimal editing has been done: separated samples, some EQ, some fades...mostly raw in open-air noisy market environment.Sourced at a recent renaissance festival courtesy of the fine fellows at BadgerBlades.comYou can ready about the sourcing here:<a href=""http://www.waste.org/lostchocolatelab//archive/2004_12_01_LostBloggerArchive.html#110253220904356307"" rel=""nofollow"">http://www.waste.org/lostchocolatelab//archive/2004_12_01_LostBloggerArchive.html#110253220904356307</a>",,,,,,false,false,true,true,"duration,music_proxy"
1464,https://freesound.org/people/lostchocolatelab/sounds/1464/,10SWORD01.aif,lostchocolatelab,http://creativecommons.org/publicdomain/zero/1.0/,0.543084,44100.0,1,aiff,"[""metal"", ""sword""]","These are the sounds of Real Swords banging against each other.Minimal editing has been done: separated samples, some EQ, some fades...mostly raw in open-air noisy market environment.Sourced at a recent renaissance festival courtesy of the fine fellows at BadgerBlades.comYou can ready about the sourcing here:<a href=""http://www.waste.org/lostchocolatelab//archive/2004_12_01_LostBloggerArchive.html#110253220904356307"" rel=""nofollow"">http://www.waste.org/lostchocolatelab//archive/2004_12_01_LostBloggerArchive.html#110253220904356307</a>",,,,,,false,false,true,true,"duration,music_proxy"
1465,https://freesound.org/people/lostchocolatelab/sounds/1465/,10SWORD02.aif,lostchocolatelab,http://creativecommons.org/publicdomain/zero/1.0/,0.519161,44100.0,1,aiff,"[""sword""]","These are the sounds of Real Swords banging against each other.Minimal editing has been done: separated samples, some EQ, some fades...mostly raw in open-air noisy market environment.Sourced at a recent renaissance festival courtesy of the fine fellows at BadgerBlades.comYou can ready about the sourcing here:<a href=""http://www.waste.org/lostchocolatelab//archive/2004_12_01_LostBloggerArchive.html#110253220904356307"" rel=""nofollow"">http://www.waste.org/lostchocolatelab//archive/2004_12_01_LostBloggerArchive.html#110253220904356307</a>",,,,,,false,false,true,true,"duration,music_proxy"
1466,https://freesound.org/people/lostchocolatelab/sounds/1466/,10SWORD03.aif,lostchocolatelab,http://creativecommons.org/publicdomain/zero/1.0/,0.35483,44100.0,1,aiff,"[""sword""]","These are the sounds of Real Swords banging against each other.Minimal editing has been done: separated samples, some EQ, some fades...mostly raw in open-air noisy market environment.Sourced at a recent renaissance festival courtesy of the fine fellows at BadgerBlades.comYou can ready about the sourcing here:<a href=""http://www.waste.org/lostchocolatelab//archive/2004_12_01_LostBloggerArchive.html#110253220904356307"" rel=""nofollow"">http://www.waste.org/lostchocolatelab//archive/2004_12_01_LostBloggerArchive.html#110253220904356307</a>",,,,,,false,false,true,true,"duration,music_proxy"
1467,https://freesound.org/people/lostchocolatelab/sounds/1467/,10SWORD04.aif,lostchocolatelab,http://creativecommons.org/publicdomain/zero/1.0/,0.706304,44100.0,1,aiff,"[""sword""]","These are the sounds of Real Swords banging against each other.Minimal editing has been done: separated samples, some EQ, some fades...mostly raw in open-air noisy market environment.Sourced at a recent renaissance festival courtesy of the fine fellows at BadgerBlades.comYou can ready about the sourcing here:<a href=""http://www.waste.org/lostchocolatelab//archive/2004_12_01_LostBloggerArchive.html#110253220904356307"" rel=""nofollow"">http://www.waste.org/lostchocolatelab//archive/2004_12_01_LostBloggerArchive.html#110253220904356307</a>",,,,,,false,false,true,true,"duration,music_proxy"
1468,https://freesound.org/people/lostchocolatelab/sounds/1468/,10SWORD05.aif,lostchocolatelab,http://creativecommons.org/publicdomain/zero/1.0/,0.386621,44100.0,1,aiff,"[""sword""]","These are the sounds of Real Swords banging against each other.Minimal editing has been done: separated samples, some EQ, some fades...mostly raw in open-air noisy market environment.Sourced at a recent renaissance festival courtesy of the fine fellows at BadgerBlades.comYou can ready about the sourcing here:<a href=""http://www.waste.org/lostchocolatelab//archive/2004_12_01_LostBloggerArchive.html#110253220904356307"" rel=""nofollow"">http://www.waste.org/lostchocolatelab//archive/2004_12_01_LostBloggerArchive.html#110253220904356307</a>",,,,,,false,false,true,true,"duration,music_proxy"
1469,https://freesound.org/people/lostchocolatelab/sounds/1469/,01DAGGER01.aif,lostchocolatelab,http://creativecommons.org/publicdomain/zero/1.0/,0.47263,44100.0,1,aiff,"[""dagger"", ""sword""]","These are the sounds of Real Daggers banging against each other.Minimal editing has been done: separated samples, some EQ, some fades...mostly raw in open-air noisy market environment.Sourced at a recent renaissance festival courtesy of the fine fellows at BadgerBlades.comYou can ready about the sourcing here:<a href=""http://www.waste.org/lostchocolatelab//archive/2004_12_01_LostBloggerArchive.html#110253220904356307"" rel=""nofollow"">http://www.waste.org/lostchocolatelab//archive/2004_12_01_LostBloggerArchive.html#110253220904356307</a>",,,,,,false,false,true,true,"duration,music_proxy"
1470,https://freesound.org/people/lostchocolatelab/sounds/1470/,01DAGGER02.aif,lostchocolatelab,http://creativecommons.org/publicdomain/zero/1.0/,0.958027,44100.0,1,aiff,"[""dagger"", ""sword""]","These are the sounds of Real Daggers banging against each other.Minimal editing has been done: separated samples, some EQ, some fades...mostly raw in open-air noisy market environment.Sourced at a recent renaissance festival courtesy of the fine fellows at BadgerBlades.comYou can ready about the sourcing here:<a href=""http://www.waste.org/lostchocolatelab//archive/2004_12_01_LostBloggerArchive.html#110253220904356307"" rel=""nofollow"">http://www.waste.org/lostchocolatelab//archive/2004_12_01_LostBloggerArchive.html#110253220904356307</a>",,,,,,false,false,true,true,"duration,music_proxy"
1471,https://freesound.org/people/nicStage/sounds/1471/,churchBellTapeFails.wav,nicStage,https://creativecommons.org/licenses/by/4.0/,9.09932,44100.0,1,wav,"[""bell"", ""field-recording"", ""glitch"", ""tape""]","church bell of st. peters lutheran church, reedsburg, wi.  this was recorded by me with my my marantz pmd field recorder using a large diaphragm condenser.  the tape ran out before the bell stopped ringing making a funny sound . . .",,,,,,false,false,true,true,"duration,music_proxy"
1472,https://freesound.org/people/nicStage/sounds/1472/,spazSetLoop1.wav,nicStage,https://creativecommons.org/licenses/by/4.0/,1.71435,44100.0,1,wav,"[""beat"", ""drumset"", ""loop"", ""percussion""]","drum sounds recorded in the retroactive basement in madison, wi about 2 years ago.  these loops are part of a set called spazLoops.  the drums are played by a non-drummer giving us a very retarded and angular feeling . . .",,,,,,false,false,true,true,"duration,music_proxy"
1473,https://freesound.org/people/nicStage/sounds/1473/,spazSetLoop2.wav,nicStage,https://creativecommons.org/licenses/by/4.0/,1.7722,44100.0,1,wav,"[""beat"", ""drumset"", ""loop"", ""percussion""]","drum sounds recorded in the retroactive basement in madison, wi about 2 years ago.  these loops are part of a set called spazLoops.  the drums are played by a non-drummer giving us a very retarded and angular feeling . . .",,,,,,false,false,true,true,"duration,music_proxy"
1474,https://freesound.org/people/nicStage/sounds/1474/,spazSetLoop3.wav,nicStage,https://creativecommons.org/licenses/by/4.0/,2.33989,44100.0,1,wav,"[""beat"", ""drumset"", ""loop"", ""percussion""]","drum sounds recorded in the retroactive basement in madison, wi about 2 years ago.  these loops are part of a set called spazLoops.  the drums are played by a non-drummer giving us a very retarded and angular feeling . . .",,,,,,false,false,true,true,"duration,music_proxy"
1475,https://freesound.org/people/nicStage/sounds/1475/,spazSetLoop4.wav,nicStage,https://creativecommons.org/licenses/by/4.0/,1.62612,44100.0,1,wav,"[""beat"", ""drumset"", ""loop"", ""percussion""]","drum sounds recorded in the retroactive basement in madison, wi about 2 years ago.  these loops are part of a set called spazLoops.  the drums are played by a non-drummer giving us a very retarded and angular feeling . . .",,,,,,false,false,true,true,"duration,music_proxy"
1476,https://freesound.org/people/nicStage/sounds/1476/,spazSetLoop5.wav,nicStage,https://creativecommons.org/licenses/by/4.0/,1.51098,44100.0,1,wav,"[""beat"", ""drumset"", ""loop"", ""percussion""]","drum sounds recorded in the retroactive basement in madison, wi about 2 years ago.  these loops are part of a set called spazLoops.  the drums are played by a non-drummer giving us a very retarded and angular feeling . . .",,,,,,false,false,true,true,"duration,music_proxy"
1477,https://freesound.org/people/nicStage/sounds/1477/,spazSetLoop6.wav,nicStage,https://creativecommons.org/licenses/by/4.0/,1.52238,44100.0,1,wav,"[""beat"", ""drumset"", ""loop"", ""percussion""]","drum sounds recorded in the retroactive basement in madison, wi about 2 years ago.  these loops are part of a set called spazLoops.  the drums are played by a non-drummer giving us a very retarded and angular feeling . . .",,,,,,false,false,true,true,"duration,music_proxy"
1478,https://freesound.org/people/nicStage/sounds/1478/,pastorSteveSpeaking.wav,nicStage,https://creativecommons.org/licenses/by/4.0/,14.9769,44100.0,1,wav,"[""found-sound"", ""humorous"", ""voice""]",came with answering machine from st. vincent de paul . . .  ,,,,,,false,false,true,true,"duration,music_proxy"
1479,https://freesound.org/people/nicStage/sounds/1479/,retroactiveInterferenceLoop1.wav,nicStage,https://creativecommons.org/licenses/by/4.0/,2.38975,48000.0,1,wav,"[""beat"", ""loop"", ""percussion"", ""toy""]","handheld toy ""yak-bak"" rhythm toy.  taken from a recording session with retroactive interference.",,,,,,false,false,true,true,"duration,music_proxy"
1480,https://freesound.org/people/nicStage/sounds/1480/,retroactiveInterferenceLoop2.wav,nicStage,https://creativecommons.org/licenses/by/4.0/,3.60783,48000.0,1,wav,"[""beat"", ""loop"", ""percussion"", ""toy""]","handheld toy ""yak-bak"" rhythm toy.  taken from a recording session with retroactive interference.",,,,,,false,false,true,true,"duration,music_proxy"
1481,https://freesound.org/people/nicStage/sounds/1481/,retroactiveInterferenceLoop3.wav,nicStage,https://creativecommons.org/licenses/by/4.0/,3.37579,48000.0,1,wav,"[""beat"", ""loop"", ""percussion"", ""toy""]","handheld toy ""yak-bak"" rhythm toy.  taken from a recording session with retroactive interference.",,,,,,false,false,true,true,"duration,music_proxy"
1482,https://freesound.org/people/nicStage/sounds/1482/,tascamGlitch1.wav,nicStage,https://creativecommons.org/licenses/by/4.0/,1.66272,44100.0,1,wav,"[""glitch"", ""minimal"", ""noise""]","clicks, pops, and hiss from some dirty knobs on the parametric EQ of a tascam m-16 console.  recorded at 2310 multimedia facility in madison, wi.",,,,,,false,false,true,true,"duration,music_proxy"
1483,https://freesound.org/people/nicStage/sounds/1483/,tascamGlitch2.wav,nicStage,https://creativecommons.org/licenses/by/4.0/,3.73687,44100.0,1,wav,"[""glitch"", ""minimal"", ""noise""]","clicks, pops, and hiss from some dirty knobs on the parametric EQ of a tascam m-16 console.  recorded at 2310 multimedia facility in madison, wi.",,,,,,false,false,true,true,"duration,music_proxy"
1484,https://freesound.org/people/nicStage/sounds/1484/,tascamGlitch3.wav,nicStage,https://creativecommons.org/licenses/by/4.0/,1.32678,44100.0,1,wav,"[""glitch"", ""minimal"", ""noise""]","clicks, pops, and hiss from some dirty knobs on the parametric EQ of a tascam m-16 console.  recorded at 2310 multimedia facility in madison, wi.",,,,,,false,false,true,true,"duration,music_proxy"
1485,https://freesound.org/people/nicStage/sounds/1485/,tascamGlitch4.wav,nicStage,https://creativecommons.org/licenses/by/4.0/,0.295941,44100.0,1,wav,"[""glitch"", ""minimal"", ""noise""]","clicks, pops, and hiss from some dirty knobs on the parametric EQ of a tascam m-16 console.  recorded at 2310 multimedia facility in madison, wi.",,,,,,false,false,true,true,"duration,music_proxy"
1486,https://freesound.org/people/nicStage/sounds/1486/,tascamGlitch5.wav,nicStage,https://creativecommons.org/licenses/by/4.0/,3.1461,44100.0,1,wav,"[""glitch"", ""minimal"", ""noise""]","clicks, pops, and hiss from some dirty knobs on the parametric EQ of a tascam m-16 console.  recorded at 2310 multimedia facility in madison, wi.",,,,,,false,false,true,true,"duration,music_proxy"
1487,https://freesound.org/people/nicStage/sounds/1487/,toyCrashGlitch.wav,nicStage,https://creativecommons.org/licenses/by/4.0/,0.653417,48000.0,1,wav,"[""goofy"", ""percussion"", ""toy""]",another outtake from some stupid retroactive interference jam . . .,,,,,,false,false,true,true,"duration,music_proxy"
1488,https://freesound.org/people/nicStage/sounds/1488/,toyDoubleBoom.wav,nicStage,https://creativecommons.org/licenses/by/4.0/,0.890146,48000.0,1,wav,"[""percussion"", ""synthesized""]",two synthetic sounding tom hits.  another outtake from some retroactive interference jam . . .,,,,,,false,false,true,true,"duration,music_proxy"
1514,https://freesound.org/people/nicStage/sounds/1514/,RMX_UpDownBit1.wav,nicStage,https://creativecommons.org/licenses/by/4.0/,7.64025,44100.0,2,wav,"[""glitch"", ""harsh"", ""loop"", ""noise""]",Harsh distorted noise.  Chaotic stuttering mess created by mincing <u> (original freesound contributor: walkerbelm) and some creative gain staging.</u>,,,,,,false,false,true,true,"duration,music_proxy"
1515,https://freesound.org/people/nicStage/sounds/1515/,RMX_UpDownBit2.wav,nicStage,https://creativecommons.org/licenses/by/4.0/,10.6349,44100.0,2,wav,"[""glitch"", ""harsh"", ""loop"", ""noise""]",Harsh distorted noise.  Chaotic stuttering mess created by mincing <u> (original freesound contributor: walkerbelm) and some creative gain staging.</u>,,,,,,false,false,true,true,"duration,music_proxy"
1516,https://freesound.org/people/nicStage/sounds/1516/,RMX_UpDownBit3(Loop).wav,nicStage,https://creativecommons.org/licenses/by/4.0/,1.96215,44100.0,2,wav,"[""glitch"", ""harsh"", ""loop"", ""machine"", ""noise""]",Harsh distorted noise.  Machinized loop created by mincing <u> (original freesound contributor: walkerbelm) and some creative gain staging.</u>,,,,,,false,false,true,true,"duration,music_proxy"
1517,https://freesound.org/people/nicStage/sounds/1517/,RMX_UpDownBit4.wav,nicStage,https://creativecommons.org/licenses/by/4.0/,4.57438,44100.0,2,wav,"[""glitch"", ""harsh"", ""loop"", ""noise"", ""stutter""]",Harsh distorted noise.  Chaotic stuttering mess created by mincing <u> (original freesound contributor: walkerbelm) and some creative gain staging.</u>,,,,,,false,false,true,true,"duration,music_proxy"
1518,https://freesound.org/people/nicStage/sounds/1518/,RMX_UpDownBit5(Loop).wav,nicStage,https://creativecommons.org/licenses/by/4.0/,1.10361,44100.0,2,wav,"[""glitch"", ""harsh"", ""loop"", ""noise""]",Harsh distorted noise.  Machine gun buzz loop created by mincing <u> (original freesound contributor: walkerbelm) and some creative gain staging.</u>,,,,,,false,false,true,true,"duration,music_proxy"
1519,https://freesound.org/people/nicStage/sounds/1519/,RMX_UpDownBit6(Loop).wav,nicStage,https://creativecommons.org/licenses/by/4.0/,3.13476,44100.0,2,wav,"[""glitch"", ""harsh"", ""loop"", ""noise""]",Harsh distorted noise.  Buzzsaw scratchy loop created by mincing <u> (original freesound contributor: walkerbelm) and some creative gain staging.</u>,,,,,,false,false,true,true,"duration,music_proxy"
1520,https://freesound.org/people/nicStage/sounds/1520/,RMX_UpDownBit7.wav,nicStage,https://creativecommons.org/licenses/by/4.0/,5.51474,44100.0,2,wav,"[""glitch"", ""harsh"", ""loop"", ""noise""]",Harsh distorted noise.  Chaotic stuttering mess created by mincing <u> (original freesound contributor: walkerbelm) and some creative gain staging.</u>,,,,,,false,false,true,true,"duration,music_proxy"
1521,https://freesound.org/people/nicStage/sounds/1521/,analogWeaponLoop1.wav,nicStage,https://creativecommons.org/licenses/by/4.0/,8.22063,44100.0,1,wav,"[""feedback"", ""harsh"", ""loop"", ""noise""]",Dynamic distorted feedback loop.  Harsh noise.,,,,,,false,false,true,true,"duration,music_proxy"
1522,https://freesound.org/people/nicStage/sounds/1522/,analogWeaponLoop2.wav,nicStage,https://creativecommons.org/licenses/by/4.0/,2.02113,44100.0,1,wav,"[""feedback"", ""harsh"", ""loop"", ""noise""]",Crunch like impact fading into upper midrange buzz.  Harsh noise.,,,,,,false,false,true,true,"duration,music_proxy"
1523,https://freesound.org/people/nicStage/sounds/1523/,analogWeaponLoop3.wav,nicStage,https://creativecommons.org/licenses/by/4.0/,1.1824,44100.0,1,wav,"[""feedback"", ""harsh"", ""loop"", ""noise""]",LOUD Upper midrange buzz.  Bleeding ears . . .,,,,,,false,false,true,true,"duration,music_proxy"
1524,https://freesound.org/people/nicStage/sounds/1524/,analogWeaponLoop4.wav,nicStage,https://creativecommons.org/licenses/by/4.0/,3.6432,44100.0,1,wav,"[""drone"", ""feedback"", ""harsh"", ""loop"", ""noise""]",Feedback: bass buzz loop with slightly rhythmic pulses . . .,,,,,,false,false,true,true,"duration,music_proxy"
1525,https://freesound.org/people/nicStage/sounds/1525/,analogWeaponLoop5.wav,nicStage,https://creativecommons.org/licenses/by/4.0/,5.96853,44100.0,1,wav,"[""drone"", ""feedback"", ""harsh"", ""industrial"", ""loop"", ""noise""]",Feedback: Squarble like dynamic drone . . .,,,,,,false,false,true,true,"duration,music_proxy"
1526,https://freesound.org/people/nicStage/sounds/1526/,highVoltageDrone.wav,nicStage,https://creativecommons.org/licenses/by/4.0/,0.286735,44100.0,1,wav,"[""drone"", ""feedback"", ""loop"", ""machine"", ""multicycle"", ""noise"", ""oscillator""]",Feedback: Mellow pulsing sound when looped.  Very similar to high voltage interference.,,,,,,false,false,true,true,"duration,music_proxy"
1728,https://freesound.org/people/milo/sounds/1728/,Tightrope pizz.mp3,milo,http://creativecommons.org/licenses/by/3.0/,11.8476,44100.0,2,mp3,"[""deep"", ""harmonic"", ""low"", ""resonant"", ""string""]",Deep and resonant physical model of a 7 meter tightrope exited by cello and harp pizz. ,,,,,,false,false,true,true,"duration,music_proxy"
1734,https://freesound.org/people/milo/sounds/1734/,metal_chime_streams1.mp3,milo,http://creativecommons.org/licenses/by/3.0/,16.3407,44100.0,2,mp3,"[""ambient"", ""chimes"", ""grains"", ""harmonic"", ""metal"", ""resonant""]",A variety of treatments on a metallic wind chime.,,,,,,false,false,true,true,"duration,music_proxy"
1735,https://freesound.org/people/AtonalNoise/sounds/1735/,Classic01.wav,AtonalNoise,http://creativecommons.org/licenses/sampling+/1.0/,0.510839,44100.0,1,wav,"[""theremin""]",Recording of a basic Theremin put through a digital delay and simply connected to sound cards line in.,,,,,,false,false,true,true,"duration,music_proxy"
1736,https://freesound.org/people/AtonalNoise/sounds/1736/,Classic02.wav,AtonalNoise,http://creativecommons.org/licenses/sampling+/1.0/,0.915283,44100.0,1,wav,"[""theremin""]",Recording of a basic Theremin put through a digital delay and simply connected to sound cards line in.,,,,,,false,false,true,true,"duration,music_proxy"
1737,https://freesound.org/people/AtonalNoise/sounds/1737/,Classic03.wav,AtonalNoise,http://creativecommons.org/licenses/sampling+/1.0/,4.71492,44100.0,1,wav,"[""theremin""]",Recording of a basic Theremin put through a digital delay and simply connected to sound cards line in.,,,,,,false,false,true,true,"duration,music_proxy"
1738,https://freesound.org/people/AtonalNoise/sounds/1738/,Classic04.wav,AtonalNoise,http://creativecommons.org/licenses/sampling+/1.0/,4.27186,44100.0,1,wav,"[""theremin""]",Recording of a basic Theremin put through a digital delay and simply connected to sound cards line in.,,,,,,false,false,true,true,"duration,music_proxy"
1739,https://freesound.org/people/AtonalNoise/sounds/1739/,Classic05.wav,AtonalNoise,http://creativecommons.org/licenses/sampling+/1.0/,5.68617,44100.0,1,wav,"[""theremin""]",Recording of a basic Theremin put through a digital delay and simply connected to sound cards line in.,,,,,,false,false,true,true,"duration,music_proxy"
1740,https://freesound.org/people/AtonalNoise/sounds/1740/,Classic06.wav,AtonalNoise,http://creativecommons.org/licenses/sampling+/1.0/,3.27259,44100.0,1,wav,"[""theremin""]",Recording of a basic Theremin put through a digital delay and simply connected to sound cards line in.,,,,,,false,false,true,true,"duration,music_proxy"
1741,https://freesound.org/people/AtonalNoise/sounds/1741/,Classic07.wav,AtonalNoise,http://creativecommons.org/licenses/sampling+/1.0/,4.00023,44100.0,1,wav,"[""theremin""]",Recording of a basic Theremin put through a digital delay and simply connected to sound cards line in.,,,,,,false,false,true,true,"duration,music_proxy"
1742,https://freesound.org/people/AtonalNoise/sounds/1742/,Classic08.wav,AtonalNoise,http://creativecommons.org/licenses/sampling+/1.0/,3.44317,44100.0,1,wav,"[""theremin""]",Recording of a basic Theramin put through a digital delay and simply connected to sound cards line in.,,,,,,false,false,true,true,"duration,music_proxy"
1743,https://freesound.org/people/AtonalNoise/sounds/1743/,Classic09.wav,AtonalNoise,http://creativecommons.org/licenses/sampling+/1.0/,2.95832,44100.0,1,wav,"[""theremin""]",Recording of a basic Theramin put through a digital delay and simply connected to sound cards line in.,,,,,,false,false,true,true,"duration,music_proxy"
1745,https://freesound.org/people/nicStage/sounds/1745/,ceilingFanDrone.wav,nicStage,https://creativecommons.org/licenses/by/4.0/,6.59179,44100.0,1,wav,"[""drone"", ""household"", ""machine""]",ceiling fan recorded with small diaphragm condenser on a marantz pmd430 recorder.  loop formatted.,,,,,,false,false,true,true,"duration,music_proxy"
1746,https://freesound.org/people/nicStage/sounds/1746/,relief.wav,nicStage,https://creativecommons.org/licenses/by/4.0/,13.3727,44100.0,1,wav,"[""bodily"", ""body"", ""human"", ""peeing"", ""water""]",peeing in the snow with the factory humming in the background.  recorded with a dynamic mic on a marantz pmd430 recorder.  my apologies if this sample offends you . . .,,,,,,false,false,true,true,"duration,music_proxy"
1747,https://freesound.org/people/nicStage/sounds/1747/,sherwoodDrone.wav,nicStage,https://creativecommons.org/licenses/by/4.0/,10.8723,44100.0,2,wav,"[""drone"", ""electronic"", ""feedback""]",a consumer quality tape recorder eats it's own output.,,,,,,false,false,true,true,"duration,music_proxy"
1748,https://freesound.org/people/nicStage/sounds/1748/,snowSteps.wav,nicStage,https://creativecommons.org/licenses/by/4.0/,57.6873,44100.0,1,wav,"[""field-recording"", ""footsteps"", ""human"", ""snow""]",footsteps in fresh snow with factory hum.  recorded with a dynamic mic on a marantz pmd430 recorder.,,,,,,false,true,true,true,music_proxy
1749,https://freesound.org/people/AtonalNoise/sounds/1749/,Noise01.wav,AtonalNoise,http://creativecommons.org/licenses/sampling+/1.0/,4.00045,44100.0,1,wav,"[""noise"", ""theremin""]",Harsh noise generated by theremin going through digital delay,,,,,,false,false,true,true,"duration,music_proxy"
1750,https://freesound.org/people/AtonalNoise/sounds/1750/,Noise02.wav,AtonalNoise,http://creativecommons.org/licenses/sampling+/1.0/,3.99696,44100.0,1,wav,"[""noise"", ""theremin""]",High pitched noise generated by theremin going through digital delay.  Messing with delay time control.,,,,,,false,false,true,true,"duration,music_proxy"
1751,https://freesound.org/people/AtonalNoise/sounds/1751/,Noise03.wav,AtonalNoise,http://creativecommons.org/licenses/sampling+/1.0/,4.01426,44100.0,1,wav,"[""noise"", ""theremin""]",High pitched noise generated by theremin going through digital delay.  Messing with delay time control.,,,,,,false,false,true,true,"duration,music_proxy"
1752,https://freesound.org/people/AtonalNoise/sounds/1752/,Noise04.wav,AtonalNoise,http://creativecommons.org/licenses/sampling+/1.0/,8.01431,44100.0,1,wav,"[""noise"", ""theremin""]",High pitched noise generated by theremin going through digital delay.  Messing with delay time control.,,,,,,false,false,true,true,"duration,music_proxy"
1753,https://freesound.org/people/AtonalNoise/sounds/1753/,Noise05.wav,AtonalNoise,http://creativecommons.org/licenses/sampling+/1.0/,4.00329,44100.0,1,wav,"[""noise"", ""theremin""]",Low noise generated by theremin going through digital delay.,,,,,,false,false,true,true,"duration,music_proxy"
1754,https://freesound.org/people/AtonalNoise/sounds/1754/,Noise06.wav,AtonalNoise,http://creativecommons.org/licenses/sampling+/1.0/,4.00059,44100.0,1,wav,"[""noise"", ""theremin""]",Low noise generated by theremin going through digital delay,,,,,,false,false,true,true,"duration,music_proxy"
1755,https://freesound.org/people/AtonalNoise/sounds/1755/,Noise07.wav,AtonalNoise,http://creativecommons.org/licenses/sampling+/1.0/,3.98571,44100.0,1,wav,"[""noise"", ""theremin""]",Noise generated by theremin going through digital delay.  Messing with delay time control.,,,,,,false,false,true,true,"duration,music_proxy"
1756,https://freesound.org/people/AtonalNoise/sounds/1756/,Noise08.wav,AtonalNoise,http://creativecommons.org/licenses/sampling+/1.0/,4.01553,44100.0,1,wav,"[""noise"", ""theremin""]",Noise generated by theremin going through digital delay.  Messing with delay time control.,,,,,,false,false,true,true,"duration,music_proxy"
1757,https://freesound.org/people/AtonalNoise/sounds/1757/,Noise09.wav,AtonalNoise,http://creativecommons.org/licenses/sampling+/1.0/,6.74639,44100.0,2,wav,"[""noise"", ""theremin""]",Noise generated by theremin going through digital delay.  Messing with the delay time.,,,,,,false,false,true,true,"duration,music_proxy"
1758,https://freesound.org/people/AtonalNoise/sounds/1758/,Noise10.wav,AtonalNoise,http://creativecommons.org/licenses/sampling+/1.0/,8.0141,44100.0,2,wav,"[""noise"", ""theremin""]",Computer error type sound generated by theremin going through digital delay.,,,,,,false,false,true,true,"duration,music_proxy"
1759,https://freesound.org/people/AtonalNoise/sounds/1759/,Noise11.wav,AtonalNoise,http://creativecommons.org/licenses/sampling+/1.0/,4.00011,44100.0,1,wav,"[""noise"", ""theremin""]",High frequency noise generated by theremin going through digital delay.  Messing with delay time control.,,,,,,false,false,true,true,"duration,music_proxy"
1760,https://freesound.org/people/AtonalNoise/sounds/1760/,Noise12.wav,AtonalNoise,http://creativecommons.org/licenses/sampling+/1.0/,3.98574,44100.0,1,wav,"[""noise"", ""theremin""]",High frequency noise generated by theremin going through digital delay.,,,,,,false,false,true,true,"duration,music_proxy"
1761,https://freesound.org/people/AtonalNoise/sounds/1761/,Noise13.wav,AtonalNoise,http://creativecommons.org/licenses/sampling+/1.0/,3.22884,44100.0,1,wav,"[""noise"", ""theremin""]",High frequency noise generated by theremin going through digital delay.  Messing with delay time control.,,,,,,false,false,true,true,"duration,music_proxy"
1762,https://freesound.org/people/AtonalNoise/sounds/1762/,Noise14.wav,AtonalNoise,http://creativecommons.org/licenses/sampling+/1.0/,3.96152,44100.0,1,wav,"[""noise"", ""theremin""]",Low frequency noise generated by theremin going through digital delay.  Messing with delay time control.,,,,,,false,false,true,true,"duration,music_proxy"
1763,https://freesound.org/people/AtonalNoise/sounds/1763/,Noise15.wav,AtonalNoise,http://creativecommons.org/licenses/sampling+/1.0/,4.00068,44100.0,1,wav,"[""noise"", ""theremin""]",Low frequency noise generated by theremin going through digital delay.,,,,,,false,false,true,true,"duration,music_proxy"
1764,https://freesound.org/people/AtonalNoise/sounds/1764/,Noise16.wav,AtonalNoise,http://creativecommons.org/licenses/sampling+/1.0/,4.01522,44100.0,1,wav,"[""noise"", ""theremin""]",Low frequency noise generated by theremin going through digital delay.  Messing with delay time control.,,,,,,false,false,true,true,"duration,music_proxy"
1765,https://freesound.org/people/AtonalNoise/sounds/1765/,Noise17.wav,AtonalNoise,http://creativecommons.org/licenses/sampling+/1.0/,4.01429,44100.0,1,wav,"[""noise"", ""theremin""]",Low frequency noise generated by theremin going through digital delay.  Messing with delay time control.,,,,,,false,false,true,true,"duration,music_proxy"
1766,https://freesound.org/people/AtonalNoise/sounds/1766/,Noise18.wav,AtonalNoise,http://creativecommons.org/licenses/sampling+/1.0/,4.00029,44100.0,1,wav,"[""noise"", ""theremin""]",High frequency noise generated by theremin going through digital delay,,,,,,false,false,true,true,"duration,music_proxy"
1767,https://freesound.org/people/AtonalNoise/sounds/1767/,Rhy01.wav,AtonalNoise,http://creativecommons.org/licenses/sampling+/1.0/,4.00773,44100.0,1,wav,"[""noise"", ""theremin""]",Rhythmic type sound generated by theremin through digital delay.,,,,,,false,false,true,true,"duration,music_proxy"
1768,https://freesound.org/people/AtonalNoise/sounds/1768/,Rhy02.wav,AtonalNoise,http://creativecommons.org/licenses/sampling+/1.0/,1.57497,44100.0,1,wav,"[""noise"", ""theremin""]",Rhythmic type sound generated by theremin through digital delay. Has a squelchy sound to it.,,,,,,false,false,true,true,"duration,music_proxy"
1769,https://freesound.org/people/AtonalNoise/sounds/1769/,Rhy03.wav,AtonalNoise,http://creativecommons.org/licenses/sampling+/1.0/,1.47968,44100.0,1,wav,"[""noise"", ""theremin""]",Rhythmic type sound generated by theremin through digital delay.,,,,,,false,false,true,true,"duration,music_proxy"
1770,https://freesound.org/people/AtonalNoise/sounds/1770/,Rhy04.wav,AtonalNoise,http://creativecommons.org/licenses/sampling+/1.0/,3.98184,44100.0,1,wav,"[""noise"", ""theremin""]",Rhythmic type sound generated by theremin through digital delay.,,,,,,false,false,true,true,"duration,music_proxy"
1771,https://freesound.org/people/AtonalNoise/sounds/1771/,Rhy05.wav,AtonalNoise,http://creativecommons.org/licenses/sampling+/1.0/,2.36392,44100.0,1,wav,"[""noise"", ""theremin""]",Rhythmic type sound generated by theremin through digital delay. High frequency.,,,,,,false,false,true,true,"duration,music_proxy"
1772,https://freesound.org/people/AtonalNoise/sounds/1772/,Rhy06.wav,AtonalNoise,http://creativecommons.org/licenses/sampling+/1.0/,11.2429,44100.0,1,wav,"[""noise"", ""theremin""]",Rhythmic type sound generated by theremin through digital delay.,,,,,,false,false,true,true,"duration,music_proxy"
1773,https://freesound.org/people/AtonalNoise/sounds/1773/,Rhy07.wav,AtonalNoise,http://creativecommons.org/licenses/sampling+/1.0/,4.01497,44100.0,1,wav,"[""noise"", ""repetitions"", ""theremin""]",Rhythmic type sound generated by theremin through digital delay. Mixes high and low frequencies.,,,,,,false,false,true,true,"duration,music_proxy"
1774,https://freesound.org/people/Anton/sounds/1774/,Rhy07.wav,Anton,https://creativecommons.org/licenses/by/4.0/,28.5706,44100.0,1,wav,"[""rumble""]","remix of rhy07 by atonalnoise, did some time stretching and basic editing, still work in progress.",,,,,,false,false,true,true,"duration,music_proxy"
1775,https://freesound.org/people/nicStage/sounds/1775/,bassSnort.wav,nicStage,https://creativecommons.org/licenses/by/4.0/,0.85517,44100.0,1,wav,"[""analog"", ""bass"", ""bass-drum"", ""percussion""]","""bass snort"" is actually pretty descriptive . . .  ",,,,,,false,false,true,true,"duration,music_proxy"
1776,https://freesound.org/people/nicStage/sounds/1776/,bd.wav,nicStage,https://creativecommons.org/licenses/by/4.0/,0.406349,44100.0,1,wav,"[""bass-drum"", ""drum"", ""percussion""]","standard, run-of-the-mill bass kick drum.  recorded with a akg d112 to digital in the studio.",,,,,,false,false,true,true,"duration,music_proxy"
1777,https://freesound.org/people/nicStage/sounds/1777/,chingChangLoop.wav,nicStage,https://creativecommons.org/licenses/by/4.0/,1.62542,44100.0,1,wav,"[""loop"", ""metallic"", ""percussion""]",drawn out jangle with sharp cracks further away.  loops well.  this is an older sample and i'm not sure of the instruments / recording gear.,,,,,,false,false,true,true,"duration,music_proxy"
1778,https://freesound.org/people/nicStage/sounds/1778/,clickedHoppers.wav,nicStage,https://creativecommons.org/licenses/by/4.0/,2.09567,44100.0,2,wav,"[""click"", ""glitch"", ""loop"", ""processed""]","sounds like night insects.  heavily processed sample originally of a single ""tink"" of a fork on a glass.",,,,,,false,false,true,true,"duration,music_proxy"
1779,https://freesound.org/people/nicStage/sounds/1779/,computerFan.wav,nicStage,https://creativecommons.org/licenses/by/4.0/,2.322,44100.0,1,wav,"[""drone"", ""household"", ""indoor"", ""loop"", ""machine"", ""white-noise""]",computer fan.  recorded with akg c460b condenser mic onto marantz pmd430 tape recorder.,,,,,,false,false,true,true,"duration,music_proxy"
1780,https://freesound.org/people/nicStage/sounds/1780/,cr sn 1.wav,nicStage,https://creativecommons.org/licenses/by/4.0/,0.293152,44100.0,1,wav,"[""drum"", ""hat"", ""hi-hat"", ""percussion"", ""snare""]",standard snare sample (with a little closed hat) recorded with an unkown mic digitally in the studio.,,,,,,false,false,true,true,"duration,music_proxy"
1781,https://freesound.org/people/nicStage/sounds/1781/,cr sn 2.wav,nicStage,https://creativecommons.org/licenses/by/4.0/,0.325079,44100.0,1,wav,"[""drum"", ""percussion"", ""snare""]",standard snare sample recorded with an unkown mic digitally in the studio.,,,,,,false,false,true,true,"duration,music_proxy"
1782,https://freesound.org/people/nicStage/sounds/1782/,crShortLoop.wav,nicStage,https://creativecommons.org/licenses/by/4.0/,0.899569,44100.0,2,wav,"[""beat"", ""drums"", ""loop"", ""percussion""]","single bd into stuttering closed hats.  short, halting loop.  recorded in the studio.",,,,,,false,false,true,true,"duration,music_proxy"
1783,https://freesound.org/people/nicStage/sounds/1783/,glassClick.wav,nicStage,https://creativecommons.org/licenses/by/4.0/,0.155079,44100.0,1,wav,"[""chirp"", ""glass"", ""processed"", ""tiny""]",odd little squeek sound.  actually a slightly processed sample of a fork hitting a glass.,,,,,,false,false,true,true,"duration,music_proxy"
1784,https://freesound.org/people/nicStage/sounds/1784/,kittyWaterDishLoop.wav,nicStage,https://creativecommons.org/licenses/by/4.0/,10.4258,44100.0,1,wav,"[""household"", ""machine"", ""minimal"", ""texture"", ""water""]","machine pumping water. this is a close-up recording of a little water
dish for the kitty at our studio. it squirts a continual little ark of
water . . .",,,,,,false,false,true,true,"duration,music_proxy"
1785,https://freesound.org/people/nicStage/sounds/1785/,moreRobotThanTony.wav,nicStage,https://creativecommons.org/licenses/by/4.0/,1.13086,44100.0,1,wav,"[""glitch"", ""lofi"", ""tape"", ""voice""]",voice struggling against failing tape.  i hit stop as my friend was speaking in the vacinity of my recorder and this is the result . . .,,,,,,false,false,true,true,"duration,music_proxy"
1786,https://freesound.org/people/nicStage/sounds/1786/,notEng_RasberryDogsAbout.wav,nicStage,https://creativecommons.org/licenses/by/4.0/,4.15723,44100.0,1,wav,"[""human"", ""humorous"", ""male"", ""voice""]",gibberish . . .  my friends goofing around.  they were on a little kick of talking with britich accents and i slipped the recorder in on them.,,,,,,false,false,true,true,"duration,music_proxy"
1787,https://freesound.org/people/nicStage/sounds/1787/,notEng_Steven_DogWalksIn.wav,nicStage,https://creativecommons.org/licenses/by/4.0/,2.78798,44100.0,1,wav,"[""human"", ""humorous"", ""male"", ""voice""]",gibberish . . .  my friends goofing around.  they were on a little kick of talking with british accents and i slipped the recorder in on them.,,,,,,false,false,true,true,"duration,music_proxy"
1788,https://freesound.org/people/nicStage/sounds/1788/,offDrone.wav,nicStage,https://creativecommons.org/licenses/by/4.0/,1.21558,44100.0,1,wav,"[""bass"", ""processed""]","a bass ""line"" on the pedals of a cheap hammond organ.",,,,,,false,false,true,true,"duration,music_proxy"
1789,https://freesound.org/people/nicStage/sounds/1789/,quick hats.wav,nicStage,https://creativecommons.org/licenses/by/4.0/,1.30755,44100.0,2,wav,"[""click"", ""drums"", ""hat"", ""hi-hat"", ""hihat"", ""loop""]",frisky little flourish on the hi-hat.  recorded with a condenser in the studio.,,,,,,false,false,true,true,"duration,music_proxy"
1790,https://freesound.org/people/nicStage/sounds/1790/,snare1.wav,nicStage,https://creativecommons.org/licenses/by/4.0/,0.17415,44100.0,2,wav,"[""drum"", ""percussion"", ""snare""]",standard snare drum with a bit of a upper mid dominance in the timbre.  recorded with some mic in the studio.,,,,,,false,false,true,true,"duration,music_proxy"
1791,https://freesound.org/people/nicStage/sounds/1791/,stevenClayLaughLoop.wav,nicStage,https://creativecommons.org/licenses/by/4.0/,2.62558,44100.0,1,wav,"[""human"", ""humorous"", ""laugh"", ""male"", ""voice""]",two guys laughing. . .  my friends goofing around.,,,,,,false,false,true,true,"duration,music_proxy"
1792,,,,,,,,,[],,,,,,,false,false,false,false,401 Client Error: Unauthorized for url: https://freesound.org/apiv2/sounds/1792/
1793,,,,,,,,,[],,,,,,,false,false,false,false,401 Client Error: Unauthorized for url: https://freesound.org/apiv2/sounds/1793/
1794,,,,,,,,,[],,,,,,,false,false,false,false,401 Client Error: Unauthorized for url: https://freesound.org/apiv2/sounds/1794/
1795,,,,,,,,,[],,,,,,,false,false,false,false,401 Client Error: Unauthorized for url: https://freesound.org/apiv2/sounds/1795/
1796,,,,,,,,,[],,,,,,,false,false,false,false,401 Client Error: Unauthorized for url: https://freesound.org/apiv2/sounds/1796/
1797,,,,,,,,,[],,,,,,,false,false,false,false,401 Client Error: Unauthorized for url: https://freesound.org/apiv2/sounds/1797/
1798,,,,,,,,,[],,,,,,,false,false,false,false,401 Client Error: Unauthorized for url: https://freesound.org/apiv2/sounds/1798/
1799,,,,,,,,,[],,,,,,,false,false,false,false,401 Client Error: Unauthorized for url: https://freesound.org/apiv2/sounds/1799/
1833,,,,,,,,,[],,,,,,,false,false,false,false,401 Client Error: Unauthorized for url: https://freesound.org/apiv2/sounds/1833/
1834,,,,,,,,,[],,,,,,,false,false,false,false,401 Client Error: Unauthorized for url: https://freesound.org/apiv2/sounds/1834/
1835,,,,,,,,,[],,,,,,,false,false,false,false,401 Client Error: Unauthorized for url: https://freesound.org/apiv2/sounds/1835/
1836,,,,,,,,,[],,,,,,,false,false,false,false,401 Client Error: Unauthorized for url: https://freesound.org/apiv2/sounds/1836/
1837,,,,,,,,,[],,,,,,,false,false,false,false,401 Client Error: Unauthorized for url: https://freesound.org/apiv2/sounds/1837/
1844,,,,,,,,,[],,,,,,,false,false,false,false,401 Client Error: Unauthorized for url: https://freesound.org/apiv2/sounds/1844/
1845,,,,,,,,,[],,,,,,,false,false,false,false,401 Client Error: Unauthorized for url: https://freesound.org/apiv2/sounds/1845/
1846,,,,,,,,,[],,,,,,,false,false,false,false,401 Client Error: Unauthorized for url: https://freesound.org/apiv2/sounds/1846/
1847,,,,,,,,,[],,,,,,,false,false,false,false,401 Client Error: Unauthorized for url: https://freesound.org/apiv2/sounds/1847/
1848,,,,,,,,,[],,,,,,,false,false,false,false,401 Client Error: Unauthorized for url: https://freesound.org/apiv2/sounds/1848/
1849,,,,,,,,,[],,,,,,,false,false,false,false,401 Client Error: Unauthorized for url: https://freesound.org/apiv2/sounds/1849/
1850,,,,,,,,,[],,,,,,,false,false,false,false,401 Client Error: Unauthorized for url: https://freesound.org/apiv2/sounds/1850/
1851,,,,,,,,,[],,,,,,,false,false,false,false,401 Client Error: Unauthorized for url: https://freesound.org/apiv2/sounds/1851/
1852,,,,,,,,,[],,,,,,,false,false,false,false,401 Client Error: Unauthorized for url: https://freesound.org/apiv2/sounds/1852/
1853,,,,,,,,,[],,,,,,,false,false,false,false,401 Client Error: Unauthorized for url: https://freesound.org/apiv2/sounds/1853/
1854,,,,,,,,,[],,,,,,,false,false,false,false,401 Client Error: Unauthorized for url: https://freesound.org/apiv2/sounds/1854/
1855,,,,,,,,,[],,,,,,,false,false,false,false,401 Client Error: Unauthorized for url: https://freesound.org/apiv2/sounds/1855/
1856,,,,,,,,,[],,,,,,,false,false,false,false,401 Client Error: Unauthorized for url: https://freesound.org/apiv2/sounds/1856/
1857,,,,,,,,,[],,,,,,,false,false,false,false,401 Client Error: Unauthorized for url: https://freesound.org/apiv2/sounds/1857/
1858,,,,,,,,,[],,,,,,,false,false,false,false,401 Client Error: Unauthorized for url: https://freesound.org/apiv2/sounds/1858/
1859,,,,,,,,,[],,,,,,,false,false,false,false,401 Client Error: Unauthorized for url: https://freesound.org/apiv2/sounds/1859/
1860,,,,,,,,,[],,,,,,,false,false,false,false,401 Client Error: Unauthorized for url: https://freesound.org/apiv2/sounds/1860/
1861,,,,,,,,,[],,,,,,,false,false,false,false,401 Client Error: Unauthorized for url: https://freesound.org/apiv2/sounds/1861/
1862,,,,,,,,,[],,,,,,,false,false,false,false,401 Client Error: Unauthorized for url: https://freesound.org/apiv2/sounds/1862/
1863,,,,,,,,,[],,,,,,,false,false,false,false,401 Client Error: Unauthorized for url: https://freesound.org/apiv2/sounds/1863/
1864,,,,,,,,,[],,,,,,,false,false,false,false,401 Client Error: Unauthorized for url: https://freesound.org/apiv2/sounds/1864/
1865,,,,,,,,,[],,,,,,,false,false,false,false,401 Client Error: Unauthorized for url: https://freesound.org/apiv2/sounds/1865/
1866,,,,,,,,,[],,,,,,,false,false,false,false,401 Client Error: Unauthorized for url: https://freesound.org/apiv2/sounds/1866/
1867,,,,,,,,,[],,,,,,,false,false,false,false,401 Client Error: Unauthorized for url: https://freesound.org/apiv2/sounds/1867/
1868,,,,,,,,,[],,,,,,,false,false,false,false,401 Client Error: Unauthorized for url: https://freesound.org/apiv2/sounds/1868/
1869,,,,,,,,,[],,,,,,,false,false,false,false,401 Client Error: Unauthorized for url: https://freesound.org/apiv2/sounds/1869/
1870,,,,,,,,,[],,,,,,,false,false,false,false,401 Client Error: Unauthorized for url: https://freesound.org/apiv2/sounds/1870/
1871,,,,,,,,,[],,,,,,,false,false,false,false,401 Client Error: Unauthorized for url: https://freesound.org/apiv2/sounds/1871/
1872,,,,,,,,,[],,,,,,,false,false,false,false,401 Client Error: Unauthorized for url: https://freesound.org/apiv2/sounds/1872/
1873,,,,,,,,,[],,,,,,,false,false,false,false,401 Client Error: Unauthorized for url: https://freesound.org/apiv2/sounds/1873/
1877,,,,,,,,,[],,,,,,,false,false,false,false,401 Client Error: Unauthorized for url: https://freesound.org/apiv2/sounds/1877/
1878,,,,,,,,,[],,,,,,,false,false,false,false,401 Client Error: Unauthorized for url: https://freesound.org/apiv2/sounds/1878/
1879,,,,,,,,,[],,,,,,,false,false,false,false,401 Client Error: Unauthorized for url: https://freesound.org/apiv2/sounds/1879/
1880,,,,,,,,,[],,,,,,,false,false,false,false,401 Client Error: Unauthorized for url: https://freesound.org/apiv2/sounds/1880/
1882,,,,,,,,,[],,,,,,,false,false,false,false,401 Client Error: Unauthorized for url: https://freesound.org/apiv2/sounds/1882/
1883,,,,,,,,,[],,,,,,,false,false,false,false,401 Client Error: Unauthorized for url: https://freesound.org/apiv2/sounds/1883/
1884,,,,,,,,,[],,,,,,,false,false,false,false,401 Client Error: Unauthorized for url: https://freesound.org/apiv2/sounds/1884/
1885,,,,,,,,,[],,,,,,,false,false,false,false,401 Client Error: Unauthorized for url: https://freesound.org/apiv2/sounds/1885/
1897,,,,,,,,,[],,,,,,,false,false,false,false,401 Client Error: Unauthorized for url: https://freesound.org/apiv2/sounds/1897/
1898,,,,,,,,,[],,,,,,,false,false,false,false,401 Client Error: Unauthorized for url: https://freesound.org/apiv2/sounds/1898/
1904,,,,,,,,,[],,,,,,,false,false,false,false,401 Client Error: Unauthorized for url: https://freesound.org/apiv2/sounds/1904/
1905,,,,,,,,,[],,,,,,,false,false,false,false,401 Client Error: Unauthorized for url: https://freesound.org/apiv2/sounds/1905/
1906,,,,,,,,,[],,,,,,,false,false,false,false,401 Client Error: Unauthorized for url: https://freesound.org/apiv2/sounds/1906/
1907,,,,,,,,,[],,,,,,,false,false,false,false,401 Client Error: Unauthorized for url: https://freesound.org/apiv2/sounds/1907/
1908,,,,,,,,,[],,,,,,,false,false,false,false,401 Client Error: Unauthorized for url: https://freesound.org/apiv2/sounds/1908/
1909,,,,,,,,,[],,,,,,,false,false,false,false,401 Client Error: Unauthorized for url: https://freesound.org/apiv2/sounds/1909/
1910,,,,,,,,,[],,,,,,,false,false,false,false,401 Client Error: Unauthorized for url: https://freesound.org/apiv2/sounds/1910/
1911,,,,,,,,,[],,,,,,,false,false,false,false,401 Client Error: Unauthorized for url: https://freesound.org/apiv2/sounds/1911/
1912,,,,,,,,,[],,,,,,,false,false,false,false,401 Client Error: Unauthorized for url: https://freesound.org/apiv2/sounds/1912/
1913,,,,,,,,,[],,,,,,,false,false,false,false,401 Client Error: Unauthorized for url: https://freesound.org/apiv2/sounds/1913/
1914,,,,,,,,,[],,,,,,,false,false,false,false,401 Client Error: Unauthorized for url: https://freesound.org/apiv2/sounds/1914/
1915,,,,,,,,,[],,,,,,,false,false,false,false,401 Client Error: Unauthorized for url: https://freesound.org/apiv2/sounds/1915/
1916,,,,,,,,,[],,,,,,,false,false,false,false,401 Client Error: Unauthorized for url: https://freesound.org/apiv2/sounds/1916/
1917,,,,,,,,,[],,,,,,,false,false,false,false,401 Client Error: Unauthorized for url: https://freesound.org/apiv2/sounds/1917/
1918,,,,,,,,,[],,,,,,,false,false,false,false,401 Client Error: Unauthorized for url: https://freesound.org/apiv2/sounds/1918/
1919,,,,,,,,,[],,,,,,,false,false,false,false,401 Client Error: Unauthorized for url: https://freesound.org/apiv2/sounds/1919/
1920,,,,,,,,,[],,,,,,,false,false,false,false,401 Client Error: Unauthorized for url: https://freesound.org/apiv2/sounds/1920/
1921,,,,,,,,,[],,,,,,,false,false,false,false,401 Client Error: Unauthorized for url: https://freesound.org/apiv2/sounds/1921/
1922,,,,,,,,,[],,,,,,,false,false,false,false,401 Client Error: Unauthorized for url: https://freesound.org/apiv2/sounds/1922/
1923,,,,,,,,,[],,,,,,,false,false,false,false,401 Client Error: Unauthorized for url: https://freesound.org/apiv2/sounds/1923/
1924,,,,,,,,,[],,,,,,,false,false,false,false,401 Client Error: Unauthorized for url: https://freesound.org/apiv2/sounds/1924/
1925,,,,,,,,,[],,,,,,,false,false,false,false,401 Client Error: Unauthorized for url: https://freesound.org/apiv2/sounds/1925/
1926,,,,,,,,,[],,,,,,,false,false,false,false,401 Client Error: Unauthorized for url: https://freesound.org/apiv2/sounds/1926/
1927,,,,,,,,,[],,,,,,,false,false,false,false,401 Client Error: Unauthorized for url: https://freesound.org/apiv2/sounds/1927/
1928,,,,,,,,,[],,,,,,,false,false,false,false,401 Client Error: Unauthorized for url: https://freesound.org/apiv2/sounds/1928/
1929,,,,,,,,,[],,,,,,,false,false,false,false,401 Client Error: Unauthorized for url: https://freesound.org/apiv2/sounds/1929/
1930,,,,,,,,,[],,,,,,,false,false,false,false,401 Client Error: Unauthorized for url: https://freesound.org/apiv2/sounds/1930/
1931,,,,,,,,,[],,,,,,,false,false,false,false,401 Client Error: Unauthorized for url: https://freesound.org/apiv2/sounds/1931/
1932,,,,,,,,,[],,,,,,,false,false,false,false,401 Client Error: Unauthorized for url: https://freesound.org/apiv2/sounds/1932/
1933,,,,,,,,,[],,,,,,,false,false,false,false,401 Client Error: Unauthorized for url: https://freesound.org/apiv2/sounds/1933/
1934,,,,,,,,,[],,,,,,,false,false,false,false,401 Client Error: Unauthorized for url: https://freesound.org/apiv2/sounds/1934/
1935,,,,,,,,,[],,,,,,,false,false,false,false,401 Client Error: Unauthorized for url: https://freesound.org/apiv2/sounds/1935/
1936,,,,,,,,,[],,,,,,,false,false,false,false,401 Client Error: Unauthorized for url: https://freesound.org/apiv2/sounds/1936/
1937,,,,,,,,,[],,,,,,,false,false,false,false,401 Client Error: Unauthorized for url: https://freesound.org/apiv2/sounds/1937/
1938,,,,,,,,,[],,,,,,,false,false,false,false,401 Client Error: Unauthorized for url: https://freesound.org/apiv2/sounds/1938/
1939,,,,,,,,,[],,,,,,,false,false,false,false,401 Client Error: Unauthorized for url: https://freesound.org/apiv2/sounds/1939/
1940,,,,,,,,,[],,,,,,,false,false,false,false,401 Client Error: Unauthorized for url: https://freesound.org/apiv2/sounds/1940/
1942,,,,,,,,,[],,,,,,,false,false,false,false,401 Client Error: Unauthorized for url: https://freesound.org/apiv2/sounds/1942/
1943,,,,,,,,,[],,,,,,,false,false,false,false,401 Client Error: Unauthorized for url: https://freesound.org/apiv2/sounds/1943/
1944,,,,,,,,,[],,,,,,,false,false,false,false,401 Client Error: Unauthorized for url: https://freesound.org/apiv2/sounds/1944/
1945,,,,,,,,,[],,,,,,,false,false,false,false,401 Client Error: Unauthorized for url: https://freesound.org/apiv2/sounds/1945/
1948,,,,,,,,,[],,,,,,,false,false,false,false,401 Client Error: Unauthorized for url: https://freesound.org/apiv2/sounds/1948/
1949,,,,,,,,,[],,,,,,,false,false,false,false,401 Client Error: Unauthorized for url: https://freesound.org/apiv2/sounds/1949/
1950,,,,,,,,,[],,,,,,,false,false,false,false,401 Client Error: Unauthorized for url: https://freesound.org/apiv2/sounds/1950/
1951,,,,,,,,,[],,,,,,,false,false,false,false,401 Client Error: Unauthorized for url: https://freesound.org/apiv2/sounds/1951/
1952,,,,,,,,,[],,,,,,,false,false,false,false,401 Client Error: Unauthorized for url: https://freesound.org/apiv2/sounds/1952/
1953,,,,,,,,,[],,,,,,,false,false,false,false,401 Client Error: Unauthorized for url: https://freesound.org/apiv2/sounds/1953/
1955,,,,,,,,,[],,,,,,,false,false,false,false,401 Client Error: Unauthorized for url: https://freesound.org/apiv2/sounds/1955/
1956,,,,,,,,,[],,,,,,,false,false,false,false,401 Client Error: Unauthorized for url: https://freesound.org/apiv2/sounds/1956/
1957,,,,,,,,,[],,,,,,,false,false,false,false,401 Client Error: Unauthorized for url: https://freesound.org/apiv2/sounds/1957/
1958,,,,,,,,,[],,,,,,,false,false,false,false,401 Client Error: Unauthorized for url: https://freesound.org/apiv2/sounds/1958/
1959,,,,,,,,,[],,,,,,,false,false,false,false,401 Client Error: Unauthorized for url: https://freesound.org/apiv2/sounds/1959/
1960,,,,,,,,,[],,,,,,,false,false,false,false,401 Client Error: Unauthorized for url: https://freesound.org/apiv2/sounds/1960/
1961,,,,,,,,,[],,,,,,,false,false,false,false,401 Client Error: Unauthorized for url: https://freesound.org/apiv2/sounds/1961/
1962,,,,,,,,,[],,,,,,,false,false,false,false,401 Client Error: Unauthorized for url: https://freesound.org/apiv2/sounds/1962/
1963,,,,,,,,,[],,,,,,,false,false,false,false,401 Client Error: Unauthorized for url: https://freesound.org/apiv2/sounds/1963/
1966,,,,,,,,,[],,,,,,,false,false,false,false,401 Client Error: Unauthorized for url: https://freesound.org/apiv2/sounds/1966/
1967,,,,,,,,,[],,,,,,,false,false,false,false,401 Client Error: Unauthorized for url: https://freesound.org/apiv2/sounds/1967/
1968,,,,,,,,,[],,,,,,,false,false,false,false,401 Client Error: Unauthorized for url: https://freesound.org/apiv2/sounds/1968/
1969,,,,,,,,,[],,,,,,,false,false,false,false,401 Client Error: Unauthorized for url: https://freesound.org/apiv2/sounds/1969/
1970,,,,,,,,,[],,,,,,,false,false,false,false,401 Client Error: Unauthorized for url: https://freesound.org/apiv2/sounds/1970/
1971,,,,,,,,,[],,,,,,,false,false,false,false,401 Client Error: Unauthorized for url: https://freesound.org/apiv2/sounds/1971/
1972,,,,,,,,,[],,,,,,,false,false,false,false,401 Client Error: Unauthorized for url: https://freesound.org/apiv2/sounds/1972/
1973,,,,,,,,,[],,,,,,,false,false,false,false,401 Client Error: Unauthorized for url: https://freesound.org/apiv2/sounds/1973/
1974,,,,,,,,,[],,,,,,,false,false,false,false,401 Client Error: Unauthorized for url: https://freesound.org/apiv2/sounds/1974/
1975,,,,,,,,,[],,,,,,,false,false,false,false,401 Client Error: Unauthorized for url: https://freesound.org/apiv2/sounds/1975/
1977,,,,,,,,,[],,,,,,,false,false,false,false,401 Client Error: Unauthorized for url: https://freesound.org/apiv2/sounds/1977/
1978,,,,,,,,,[],,,,,,,false,false,false,false,401 Client Error: Unauthorized for url: https://freesound.org/apiv2/sounds/1978/
1979,,,,,,,,,[],,,,,,,false,false,false,false,401 Client Error: Unauthorized for url: https://freesound.org/apiv2/sounds/1979/
1980,,,,,,,,,[],,,,,,,false,false,false,false,401 Client Error: Unauthorized for url: https://freesound.org/apiv2/sounds/1980/
1981,,,,,,,,,[],,,,,,,false,false,false,false,401 Client Error: Unauthorized for url: https://freesound.org/apiv2/sounds/1981/
1982,,,,,,,,,[],,,,,,,false,false,false,false,401 Client Error: Unauthorized for url: https://freesound.org/apiv2/sounds/1982/
1983,,,,,,,,,[],,,,,,,false,false,false,false,401 Client Error: Unauthorized for url: https://freesound.org/apiv2/sounds/1983/
1984,,,,,,,,,[],,,,,,,false,false,false,false,401 Client Error: Unauthorized for url: https://freesound.org/apiv2/sounds/1984/
1985,,,,,,,,,[],,,,,,,false,false,false,false,401 Client Error: Unauthorized for url: https://freesound.org/apiv2/sounds/1985/
1986,,,,,,,,,[],,,,,,,false,false,false,false,401 Client Error: Unauthorized for url: https://freesound.org/apiv2/sounds/1986/
1987,,,,,,,,,[],,,,,,,false,false,false,false,401 Client Error: Unauthorized for url: https://freesound.org/apiv2/sounds/1987/
1988,,,,,,,,,[],,,,,,,false,false,false,false,401 Client Error: Unauthorized for url: https://freesound.org/apiv2/sounds/1988/
1989,,,,,,,,,[],,,,,,,false,false,false,false,401 Client Error: Unauthorized for url: https://freesound.org/apiv2/sounds/1989/
1990,,,,,,,,,[],,,,,,,false,false,false,false,401 Client Error: Unauthorized for url: https://freesound.org/apiv2/sounds/1990/
1991,,,,,,,,,[],,,,,,,false,false,false,false,401 Client Error: Unauthorized for url: https://freesound.org/apiv2/sounds/1991/
1992,,,,,,,,,[],,,,,,,false,false,false,false,401 Client Error: Unauthorized for url: https://freesound.org/apiv2/sounds/1992/
1993,,,,,,,,,[],,,,,,,false,false,false,false,401 Client Error: Unauthorized for url: https://freesound.org/apiv2/sounds/1993/
1994,,,,,,,,,[],,,,,,,false,false,false,false,401 Client Error: Unauthorized for url: https://freesound.org/apiv2/sounds/1994/
1995,,,,,,,,,[],,,,,,,false,false,false,false,401 Client Error: Unauthorized for url: https://freesound.org/apiv2/sounds/1995/
1996,,,,,,,,,[],,,,,,,false,false,false,false,401 Client Error: Unauthorized for url: https://freesound.org/apiv2/sounds/1996/
1997,,,,,,,,,[],,,,,,,false,false,false,false,401 Client Error: Unauthorized for url: https://freesound.org/apiv2/sounds/1997/
1998,,,,,,,,,[],,,,,,,false,false,false,false,401 Client Error: Unauthorized for url: https://freesound.org/apiv2/sounds/1998/
1999,,,,,,,,,[],,,,,,,false,false,false,false,401 Client Error: Unauthorized for url: https://freesound.org/apiv2/sounds/1999/
2000,,,,,,,,,[],,,,,,,false,false,false,false,401 Client Error: Unauthorized for url: https://freesound.org/apiv2/sounds/2000/
2001,,,,,,,,,[],,,,,,,false,false,false,false,401 Client Error: Unauthorized for url: https://freesound.org/apiv2/sounds/2001/
2002,,,,,,,,,[],,,,,,,false,false,false,false,401 Client Error: Unauthorized for url: https://freesound.org/apiv2/sounds/2002/
2003,,,,,,,,,[],,,,,,,false,false,false,false,401 Client Error: Unauthorized for url: https://freesound.org/apiv2/sounds/2003/
2004,,,,,,,,,[],,,,,,,false,false,false,false,401 Client Error: Unauthorized for url: https://freesound.org/apiv2/sounds/2004/
2005,,,,,,,,,[],,,,,,,false,false,false,false,401 Client Error: Unauthorized for url: https://freesound.org/apiv2/sounds/2005/
2006,,,,,,,,,[],,,,,,,false,false,false,false,401 Client Error: Unauthorized for url: https://freesound.org/apiv2/sounds/2006/
2007,,,,,,,,,[],,,,,,,false,false,false,false,401 Client Error: Unauthorized for url: https://freesound.org/apiv2/sounds/2007/
2008,,,,,,,,,[],,,,,,,false,false,false,false,401 Client Error: Unauthorized for url: https://freesound.org/apiv2/sounds/2008/
2009,,,,,,,,,[],,,,,,,false,false,false,false,401 Client Error: Unauthorized for url: https://freesound.org/apiv2/sounds/2009/
2010,,,,,,,,,[],,,,,,,false,false,false,false,401 Client Error: Unauthorized for url: https://freesound.org/apiv2/sounds/2010/
2011,,,,,,,,,[],,,,,,,false,false,false,false,401 Client Error: Unauthorized for url: https://freesound.org/apiv2/sounds/2011/
2012,,,,,,,,,[],,,,,,,false,false,false,false,401 Client Error: Unauthorized for url: https://freesound.org/apiv2/sounds/2012/
2013,,,,,,,,,[],,,,,,,false,false,false,false,401 Client Error: Unauthorized for url: https://freesound.org/apiv2/sounds/2013/
2014,,,,,,,,,[],,,,,,,false,false,false,false,401 Client Error: Unauthorized for url: https://freesound.org/apiv2/sounds/2014/
2015,,,,,,,,,[],,,,,,,false,false,false,false,401 Client Error: Unauthorized for url: https://freesound.org/apiv2/sounds/2015/
2016,,,,,,,,,[],,,,,,,false,false,false,false,401 Client Error: Unauthorized for url: https://freesound.org/apiv2/sounds/2016/
2017,,,,,,,,,[],,,,,,,false,false,false,false,401 Client Error: Unauthorized for url: https://freesound.org/apiv2/sounds/2017/
2018,,,,,,,,,[],,,,,,,false,false,false,false,401 Client Error: Unauthorized for url: https://freesound.org/apiv2/sounds/2018/
2019,,,,,,,,,[],,,,,,,false,false,false,false,401 Client Error: Unauthorized for url: https://freesound.org/apiv2/sounds/2019/
2020,,,,,,,,,[],,,,,,,false,false,false,false,401 Client Error: Unauthorized for url: https://freesound.org/apiv2/sounds/2020/
2021,,,,,,,,,[],,,,,,,false,false,false,false,401 Client Error: Unauthorized for url: https://freesound.org/apiv2/sounds/2021/
2022,,,,,,,,,[],,,,,,,false,false,false,false,401 Client Error: Unauthorized for url: https://freesound.org/apiv2/sounds/2022/
2023,,,,,,,,,[],,,,,,,false,false,false,false,401 Client Error: Unauthorized for url: https://freesound.org/apiv2/sounds/2023/
2024,,,,,,,,,[],,,,,,,false,false,false,false,401 Client Error: Unauthorized for url: https://freesound.org/apiv2/sounds/2024/
2025,,,,,,,,,[],,,,,,,false,false,false,false,401 Client Error: Unauthorized for url: https://freesound.org/apiv2/sounds/2025/
2035,,,,,,,,,[],,,,,,,false,false,false,false,401 Client Error: Unauthorized for url: https://freesound.org/apiv2/sounds/2035/
2036,,,,,,,,,[],,,,,,,false,false,false,false,401 Client Error: Unauthorized for url: https://freesound.org/apiv2/sounds/2036/
2037,,,,,,,,,[],,,,,,,false,false,false,false,401 Client Error: Unauthorized for url: https://freesound.org/apiv2/sounds/2037/
2038,,,,,,,,,[],,,,,,,false,false,false,false,401 Client Error: Unauthorized for url: https://freesound.org/apiv2/sounds/2038/
2039,,,,,,,,,[],,,,,,,false,false,false,false,401 Client Error: Unauthorized for url: https://freesound.org/apiv2/sounds/2039/
2040,,,,,,,,,[],,,,,,,false,false,false,false,401 Client Error: Unauthorized for url: https://freesound.org/apiv2/sounds/2040/
2041,,,,,,,,,[],,,,,,,false,false,false,false,401 Client Error: Unauthorized for url: https://freesound.org/apiv2/sounds/2041/
2042,,,,,,,,,[],,,,,,,false,false,false,false,401 Client Error: Unauthorized for url: https://freesound.org/apiv2/sounds/2042/
2043,,,,,,,,,[],,,,,,,false,false,false,false,401 Client Error: Unauthorized for url: https://freesound.org/apiv2/sounds/2043/
2044,,,,,,,,,[],,,,,,,false,false,false,false,401 Client Error: Unauthorized for url: https://freesound.org/apiv2/sounds/2044/
2045,,,,,,,,,[],,,,,,,false,false,false,false,401 Client Error: Unauthorized for url: https://freesound.org/apiv2/sounds/2045/
2046,,,,,,,,,[],,,,,,,false,false,false,false,401 Client Error: Unauthorized for url: https://freesound.org/apiv2/sounds/2046/
2047,,,,,,,,,[],,,,,,,false,false,false,false,401 Client Error: Unauthorized for url: https://freesound.org/apiv2/sounds/2047/
2048,,,,,,,,,[],,,,,,,false,false,false,false,401 Client Error: Unauthorized for url: https://freesound.org/apiv2/sounds/2048/
2049,,,,,,,,,[],,,,,,,false,false,false,false,401 Client Error: Unauthorized for url: https://freesound.org/apiv2/sounds/2049/
2050,,,,,,,,,[],,,,,,,false,false,false,false,401 Client Error: Unauthorized for url: https://freesound.org/apiv2/sounds/2050/
2051,,,,,,,,,[],,,,,,,false,false,false,false,401 Client Error: Unauthorized for url: https://freesound.org/apiv2/sounds/2051/
2052,,,,,,,,,[],,,,,,,false,false,false,false,401 Client Error: Unauthorized for url: https://freesound.org/apiv2/sounds/2052/
2053,,,,,,,,,[],,,,,,,false,false,false,false,401 Client Error: Unauthorized for url: https://freesound.org/apiv2/sounds/2053/
2054,,,,,,,,,[],,,,,,,false,false,false,false,401 Client Error: Unauthorized for url: https://freesound.org/apiv2/sounds/2054/
2055,,,,,,,,,[],,,,,,,false,false,false,false,401 Client Error: Unauthorized for url: https://freesound.org/apiv2/sounds/2055/
2056,,,,,,,,,[],,,,,,,false,false,false,false,401 Client Error: Unauthorized for url: https://freesound.org/apiv2/sounds/2056/
2057,,,,,,,,,[],,,,,,,false,false,false,false,401 Client Error: Unauthorized for url: https://freesound.org/apiv2/sounds/2057/
2058,,,,,,,,,[],,,,,,,false,false,false,false,401 Client Error: Unauthorized for url: https://freesound.org/apiv2/sounds/2058/
2059,,,,,,,,,[],,,,,,,false,false,false,false,401 Client Error: Unauthorized for url: https://freesound.org/apiv2/sounds/2059/
2060,,,,,,,,,[],,,,,,,false,false,false,false,401 Client Error: Unauthorized for url: https://freesound.org/apiv2/sounds/2060/
2061,,,,,,,,,[],,,,,,,false,false,false,false,401 Client Error: Unauthorized for url: https://freesound.org/apiv2/sounds/2061/
2062,,,,,,,,,[],,,,,,,false,false,false,false,401 Client Error: Unauthorized for url: https://freesound.org/apiv2/sounds/2062/
2063,,,,,,,,,[],,,,,,,false,false,false,false,401 Client Error: Unauthorized for url: https://freesound.org/apiv2/sounds/2063/
2064,,,,,,,,,[],,,,,,,false,false,false,false,401 Client Error: Unauthorized for url: https://freesound.org/apiv2/sounds/2064/
2065,,,,,,,,,[],,,,,,,false,false,false,false,401 Client Error: Unauthorized for url: https://freesound.org/apiv2/sounds/2065/
2066,,,,,,,,,[],,,,,,,false,false,false,false,401 Client Error: Unauthorized for url: https://freesound.org/apiv2/sounds/2066/
2067,,,,,,,,,[],,,,,,,false,false,false,false,401 Client Error: Unauthorized for url: https://freesound.org/apiv2/sounds/2067/
2068,,,,,,,,,[],,,,,,,false,false,false,false,401 Client Error: Unauthorized for url: https://freesound.org/apiv2/sounds/2068/
2069,,,,,,,,,[],,,,,,,false,false,false,false,401 Client Error: Unauthorized for url: https://freesound.org/apiv2/sounds/2069/
2070,,,,,,,,,[],,,,,,,false,false,false,false,401 Client Error: Unauthorized for url: https://freesound.org/apiv2/sounds/2070/
2071,,,,,,,,,[],,,,,,,false,false,false,false,401 Client Error: Unauthorized for url: https://freesound.org/apiv2/sounds/2071/
2072,,,,,,,,,[],,,,,,,false,false,false,false,401 Client Error: Unauthorized for url: https://freesound.org/apiv2/sounds/2072/
2073,,,,,,,,,[],,,,,,,false,false,false,false,401 Client Error: Unauthorized for url: https://freesound.org/apiv2/sounds/2073/
2074,,,,,,,,,[],,,,,,,false,false,false,false,401 Client Error: Unauthorized for url: https://freesound.org/apiv2/sounds/2074/
2075,,,,,,,,,[],,,,,,,false,false,false,false,401 Client Error: Unauthorized for url: https://freesound.org/apiv2/sounds/2075/
2076,,,,,,,,,[],,,,,,,false,false,false,false,401 Client Error: Unauthorized for url: https://freesound.org/apiv2/sounds/2076/
2077,,,,,,,,,[],,,,,,,false,false,false,false,401 Client Error: Unauthorized for url: https://freesound.org/apiv2/sounds/2077/
2078,,,,,,,,,[],,,,,,,false,false,false,false,401 Client Error: Unauthorized for url: https://freesound.org/apiv2/sounds/2078/
2079,,,,,,,,,[],,,,,,,false,false,false,false,401 Client Error: Unauthorized for url: https://freesound.org/apiv2/sounds/2079/
2080,,,,,,,,,[],,,,,,,false,false,false,false,401 Client Error: Unauthorized for url: https://freesound.org/apiv2/sounds/2080/
2081,,,,,,,,,[],,,,,,,false,false,false,false,401 Client Error: Unauthorized for url: https://freesound.org/apiv2/sounds/2081/
2082,,,,,,,,,[],,,,,,,false,false,false,false,401 Client Error: Unauthorized for url: https://freesound.org/apiv2/sounds/2082/
2083,,,,,,,,,[],,,,,,,false,false,false,false,401 Client Error: Unauthorized for url: https://freesound.org/apiv2/sounds/2083/
2084,,,,,,,,,[],,,,,,,false,false,false,false,401 Client Error: Unauthorized for url: https://freesound.org/apiv2/sounds/2084/
2085,,,,,,,,,[],,,,,,,false,false,false,false,401 Client Error: Unauthorized for url: https://freesound.org/apiv2/sounds/2085/
2086,,,,,,,,,[],,,,,,,false,false,false,false,401 Client Error: Unauthorized for url: https://freesound.org/apiv2/sounds/2086/
2087,,,,,,,,,[],,,,,,,false,false,false,false,401 Client Error: Unauthorized for url: https://freesound.org/apiv2/sounds/2087/
2088,,,,,,,,,[],,,,,,,false,false,false,false,401 Client Error: Unauthorized for url: https://freesound.org/apiv2/sounds/2088/
2089,,,,,,,,,[],,,,,,,false,false,false,false,401 Client Error: Unauthorized for url: https://freesound.org/apiv2/sounds/2089/
2090,,,,,,,,,[],,,,,,,false,false,false,false,401 Client Error: Unauthorized for url: https://freesound.org/apiv2/sounds/2090/
2091,,,,,,,,,[],,,,,,,false,false,false,false,401 Client Error: Unauthorized for url: https://freesound.org/apiv2/sounds/2091/
2092,,,,,,,,,[],,,,,,,false,false,false,false,401 Client Error: Unauthorized for url: https://freesound.org/apiv2/sounds/2092/
2093,,,,,,,,,[],,,,,,,false,false,false,false,401 Client Error: Unauthorized for url: https://freesound.org/apiv2/sounds/2093/
2094,,,,,,,,,[],,,,,,,false,false,false,false,401 Client Error: Unauthorized for url: https://freesound.org/apiv2/sounds/2094/
2095,,,,,,,,,[],,,,,,,false,false,false,false,401 Client Error: Unauthorized for url: https://freesound.org/apiv2/sounds/2095/
2096,,,,,,,,,[],,,,,,,false,false,false,false,401 Client Error: Unauthorized for url: https://freesound.org/apiv2/sounds/2096/
2097,,,,,,,,,[],,,,,,,false,false,false,false,401 Client Error: Unauthorized for url: https://freesound.org/apiv2/sounds/2097/
2098,,,,,,,,,[],,,,,,,false,false,false,false,401 Client Error: Unauthorized for url: https://freesound.org/apiv2/sounds/2098/
2099,,,,,,,,,[],,,,,,,false,false,false,false,401 Client Error: Unauthorized for url: https://freesound.org/apiv2/sounds/2099/
2100,,,,,,,,,[],,,,,,,false,false,false,false,401 Client Error: Unauthorized for url: https://freesound.org/apiv2/sounds/2100/
2101,,,,,,,,,[],,,,,,,false,false,false,false,401 Client Error: Unauthorized for url: https://freesound.org/apiv2/sounds/2101/
2102,,,,,,,,,[],,,,,,,false,false,false,false,401 Client Error: Unauthorized for url: https://freesound.org/apiv2/sounds/2102/
2103,,,,,,,,,[],,,,,,,false,false,false,false,401 Client Error: Unauthorized for url: https://freesound.org/apiv2/sounds/2103/
2104,,,,,,,,,[],,,,,,,false,false,false,false,401 Client Error: Unauthorized for url: https://freesound.org/apiv2/sounds/2104/
2105,,,,,,,,,[],,,,,,,false,false,false,false,401 Client Error: Unauthorized for url: https://freesound.org/apiv2/sounds/2105/
2106,,,,,,,,,[],,,,,,,false,false,false,false,401 Client Error: Unauthorized for url: https://freesound.org/apiv2/sounds/2106/
2107,,,,,,,,,[],,,,,,,false,false,false,false,401 Client Error: Unauthorized for url: https://freesound.org/apiv2/sounds/2107/
2108,,,,,,,,,[],,,,,,,false,false,false,false,401 Client Error: Unauthorized for url: https://freesound.org/apiv2/sounds/2108/
2109,,,,,,,,,[],,,,,,,false,false,false,false,401 Client Error: Unauthorized for url: https://freesound.org/apiv2/sounds/2109/
2126,,,,,,,,,[],,,,,,,false,false,false,false,401 Client Error: Unauthorized for url: https://freesound.org/apiv2/sounds/2126/
2127,,,,,,,,,[],,,,,,,false,false,false,false,401 Client Error: Unauthorized for url: https://freesound.org/apiv2/sounds/2127/
2128,,,,,,,,,[],,,,,,,false,false,false,false,401 Client Error: Unauthorized for url: https://freesound.org/apiv2/sounds/2128/
2129,,,,,,,,,[],,,,,,,false,false,false,false,401 Client Error: Unauthorized for url: https://freesound.org/apiv2/sounds/2129/
2130,,,,,,,,,[],,,,,,,false,false,false,false,401 Client Error: Unauthorized for url: https://freesound.org/apiv2/sounds/2130/
2131,,,,,,,,,[],,,,,,,false,false,false,false,401 Client Error: Unauthorized for url: https://freesound.org/apiv2/sounds/2131/
2132,,,,,,,,,[],,,,,,,false,false,false,false,401 Client Error: Unauthorized for url: https://freesound.org/apiv2/sounds/2132/
2133,,,,,,,,,[],,,,,,,false,false,false,false,401 Client Error: Unauthorized for url: https://freesound.org/apiv2/sounds/2133/
2134,,,,,,,,,[],,,,,,,false,false,false,false,401 Client Error: Unauthorized for url: https://freesound.org/apiv2/sounds/2134/
2135,,,,,,,,,[],,,,,,,false,false,false,false,401 Client Error: Unauthorized for url: https://freesound.org/apiv2/sounds/2135/
2136,,,,,,,,,[],,,,,,,false,false,false,false,401 Client Error: Unauthorized for url: https://freesound.org/apiv2/sounds/2136/
2137,,,,,,,,,[],,,,,,,false,false,false,false,401 Client Error: Unauthorized for url: https://freesound.org/apiv2/sounds/2137/
2138,,,,,,,,,[],,,,,,,false,false,false,false,401 Client Error: Unauthorized for url: https://freesound.org/apiv2/sounds/2138/
2139,,,,,,,,,[],,,,,,,false,false,false,false,401 Client Error: Unauthorized for url: https://freesound.org/apiv2/sounds/2139/
2140,,,,,,,,,[],,,,,,,false,false,false,false,401 Client Error: Unauthorized for url: https://freesound.org/apiv2/sounds/2140/
2141,,,,,,,,,[],,,,,,,false,false,false,false,401 Client Error: Unauthorized for url: https://freesound.org/apiv2/sounds/2141/
2142,,,,,,,,,[],,,,,,,false,false,false,false,401 Client Error: Unauthorized for url: https://freesound.org/apiv2/sounds/2142/
2143,,,,,,,,,[],,,,,,,false,false,false,false,401 Client Error: Unauthorized for url: https://freesound.org/apiv2/sounds/2143/
2144,,,,,,,,,[],,,,,,,false,false,false,false,401 Client Error: Unauthorized for url: https://freesound.org/apiv2/sounds/2144/
2145,,,,,,,,,[],,,,,,,false,false,false,false,401 Client Error: Unauthorized for url: https://freesound.org/apiv2/sounds/2145/
2146,,,,,,,,,[],,,,,,,false,false,false,false,401 Client Error: Unauthorized for url: https://freesound.org/apiv2/sounds/2146/
2147,,,,,,,,,[],,,,,,,false,false,false,false,401 Client Error: Unauthorized for url: https://freesound.org/apiv2/sounds/2147/
2148,,,,,,,,,[],,,,,,,false,false,false,false,401 Client Error: Unauthorized for url: https://freesound.org/apiv2/sounds/2148/
2149,,,,,,,,,[],,,,,,,false,false,false,false,401 Client Error: Unauthorized for url: https://freesound.org/apiv2/sounds/2149/
2151,,,,,,,,,[],,,,,,,false,false,false,false,401 Client Error: Unauthorized for url: https://freesound.org/apiv2/sounds/2151/
2152,,,,,,,,,[],,,,,,,false,false,false,false,401 Client Error: Unauthorized for url: https://freesound.org/apiv2/sounds/2152/
2153,,,,,,,,,[],,,,,,,false,false,false,false,401 Client Error: Unauthorized for url: https://freesound.org/apiv2/sounds/2153/
2154,,,,,,,,,[],,,,,,,false,false,false,false,401 Client Error: Unauthorized for url: https://freesound.org/apiv2/sounds/2154/
2155,,,,,,,,,[],,,,,,,false,false,false,false,401 Client Error: Unauthorized for url: https://freesound.org/apiv2/sounds/2155/
2156,,,,,,,,,[],,,,,,,false,false,false,false,401 Client Error: Unauthorized for url: https://freesound.org/apiv2/sounds/2156/
2157,,,,,,,,,[],,,,,,,false,false,false,false,401 Client Error: Unauthorized for url: https://freesound.org/apiv2/sounds/2157/
2158,,,,,,,,,[],,,,,,,false,false,false,false,401 Client Error: Unauthorized for url: https://freesound.org/apiv2/sounds/2158/
2159,,,,,,,,,[],,,,,,,false,false,false,false,401 Client Error: Unauthorized for url: https://freesound.org/apiv2/sounds/2159/
2160,,,,,,,,,[],,,,,,,false,false,false,false,401 Client Error: Unauthorized for url: https://freesound.org/apiv2/sounds/2160/
2161,,,,,,,,,[],,,,,,,false,false,false,false,401 Client Error: Unauthorized for url: https://freesound.org/apiv2/sounds/2161/
2162,,,,,,,,,[],,,,,,,false,false,false,false,401 Client Error: Unauthorized for url: https://freesound.org/apiv2/sounds/2162/
2163,,,,,,,,,[],,,,,,,false,false,false,false,401 Client Error: Unauthorized for url: https://freesound.org/apiv2/sounds/2163/
2164,,,,,,,,,[],,,,,,,false,false,false,false,401 Client Error: Unauthorized for url: https://freesound.org/apiv2/sounds/2164/
2165,,,,,,,,,[],,,,,,,false,false,false,false,401 Client Error: Unauthorized for url: https://freesound.org/apiv2/sounds/2165/
2166,,,,,,,,,[],,,,,,,false,false,false,false,401 Client Error: Unauthorized for url: https://freesound.org/apiv2/sounds/2166/
2167,,,,,,,,,[],,,,,,,false,false,false,false,401 Client Error: Unauthorized for url: https://freesound.org/apiv2/sounds/2167/
2168,,,,,,,,,[],,,,,,,false,false,false,false,401 Client Error: Unauthorized for url: https://freesound.org/apiv2/sounds/2168/
2169,,,,,,,,,[],,,,,,,false,false,false,false,401 Client Error: Unauthorized for url: https://freesound.org/apiv2/sounds/2169/
2171,,,,,,,,,[],,,,,,,false,false,false,false,401 Client Error: Unauthorized for url: https://freesound.org/apiv2/sounds/2171/
2172,,,,,,,,,[],,,,,,,false,false,false,false,401 Client Error: Unauthorized for url: https://freesound.org/apiv2/sounds/2172/
2173,,,,,,,,,[],,,,,,,false,false,false,false,401 Client Error: Unauthorized for url: https://freesound.org/apiv2/sounds/2173/
2174,https://freesound.org/people/spexis/sounds/2174/,cloche2 spexis.wav,spexis,http://creativecommons.org/licenses/sampling+/1.0/,0.135306,44100.0,2,wav,"[""beatbox"", ""bell"", ""mouth"", ""voice""]",it's a sound made with my mouth,,,,,,false,false,true,true,"duration,music_proxy"
2175,https://freesound.org/people/spexis/sounds/2175/,closed hithat 1 spexis.wav,spexis,http://creativecommons.org/licenses/sampling+/1.0/,0.0718594,44100.0,2,wav,"[""beatbox"", ""closed"", ""hit-hat"", ""hithat"", ""mouth""]",it's a sound made with my mouth,,,,,,false,false,true,true,"duration,music_proxy"
2176,https://freesound.org/people/spexis/sounds/2176/,closed hithat 2 spexis.wav,spexis,http://creativecommons.org/licenses/sampling+/1.0/,0.0946939,44100.0,2,wav,"[""beatbox"", ""closed"", ""hit-hat"", ""hithat"", ""mouth""]",it's a sound made with my mouth,,,,,,false,false,true,true,"duration,music_proxy"
2177,https://freesound.org/people/spexis/sounds/2177/,closed kick 1 spexis.wav,spexis,http://creativecommons.org/licenses/sampling+/1.0/,0.072585,44100.0,2,wav,"[""beatbox"", ""kick"", ""mouth""]",it's a sound made with my mouth,,,,,,false,false,true,true,"duration,music_proxy"
2178,https://freesound.org/people/spexis/sounds/2178/,closed kick 2 spexis.wav,spexis,http://creativecommons.org/licenses/sampling+/1.0/,0.0841723,44100.0,2,wav,"[""beatbox"", ""kick"", ""mouth""]",it's a sound made with my mouth,,,,,,false,false,true,true,"duration,music_proxy"
2180,https://freesound.org/people/spexis/sounds/2180/,gargouillement spexis.wav,spexis,http://creativecommons.org/licenses/sampling+/1.0/,2.54261,44100.0,2,wav,"[""beatbox"", ""mouth"", ""noise"", ""water""]",it's a sound made with my mouth,,,,,,false,false,true,true,"duration,music_proxy"
2181,https://freesound.org/people/spexis/sounds/2181/,helico bucal spexis.wav,spexis,http://creativecommons.org/licenses/sampling+/1.0/,12.8416,44100.0,2,wav,"[""beatbox"", ""chopper"", ""mouth""]",it's a sound made with my mouth,,,,,,false,false,true,true,"duration,music_proxy"
2182,https://freesound.org/people/spexis/sounds/2182/,kick 1 spexis.wav,spexis,http://creativecommons.org/licenses/sampling+/1.0/,0.365737,44100.0,2,wav,"[""beatbox"", ""kick"", ""mouth""]",it's a sound made with my mouth,,,,,,false,false,true,true,"duration,music_proxy"
2183,https://freesound.org/people/spexis/sounds/2183/,kick 2 spexis.wav,spexis,http://creativecommons.org/licenses/sampling+/1.0/,0.377324,44100.0,2,wav,"[""beatbox"", ""kick"", ""mouth""]",it's a sound made with my mouth,,,,,,false,false,true,true,"duration,music_proxy"
2184,https://freesound.org/people/spexis/sounds/2184/,open hithat spexis.wav,spexis,http://creativecommons.org/licenses/sampling+/1.0/,0.610975,44100.0,2,wav,"[""beatbox"", ""hit-hat"", ""hithat"", ""mouth""]",it's a sound made with my mouth,,,,,,false,false,true,true,"duration,music_proxy"
2185,https://freesound.org/people/spexis/sounds/2185/,roulement spexis.wav,spexis,http://creativecommons.org/licenses/sampling+/1.0/,0.25542,44100.0,2,wav,"[""beatbox"", ""mouth"", ""roll""]",it's a sound made with my mouth,,,,,,false,false,true,true,"duration,music_proxy"
2186,https://freesound.org/people/spexis/sounds/2186/,snap spexis.wav,spexis,http://creativecommons.org/licenses/sampling+/1.0/,0.031746,44100.0,2,wav,"[""beatbox"", ""mouth"", ""snap""]",it's a sound made with my mouth,,,,,,false,false,true,true,"duration,music_proxy"
2187,https://freesound.org/people/spexis/sounds/2187/,snare 1 spexis.wav,spexis,http://creativecommons.org/licenses/sampling+/1.0/,0.0878005,44100.0,2,wav,"[""beatbox"", ""mouth"", ""snare""]",it's a sound made with my mouth,,,,,,false,false,true,true,"duration,music_proxy"
2188,https://freesound.org/people/spexis/sounds/2188/,snare 2 spexis.wav,spexis,http://creativecommons.org/licenses/sampling+/1.0/,0.0936054,44100.0,2,wav,"[""beatbox"", ""mouth"", ""snare""]",it's a sound made with my mouth,,,,,,false,false,true,true,"duration,music_proxy"
2189,https://freesound.org/people/spexis/sounds/2189/,snare 3 spexis.wav,spexis,http://creativecommons.org/licenses/sampling+/1.0/,0.104875,44100.0,2,wav,"[""beatbox"", ""mouth"", ""snare""]",it's a sound made with my mouth,,,,,,false,false,true,true,"duration,music_proxy"
2190,https://freesound.org/people/spexis/sounds/2190/,vent bucal spexis.wav,spexis,http://creativecommons.org/licenses/sampling+/1.0/,9.47376,44100.0,2,wav,"[""beatbox"", ""mouth"", ""wind""]",it's a sound made with my mouth,,,,,,false,false,true,true,"duration,music_proxy"
2193,https://freesound.org/people/Matthew%20Lefevre/sounds/2193/,acoustic bassline 001.mp3,Matthew Lefevre,http://creativecommons.org/licenses/sampling+/1.0/,4.1676,44100.0,1,mp3,"[""acoustic"", ""baseline"", ""groove"", ""loop""]",Just a little simple bass groove.,,,,,,false,false,true,true,"duration,music_proxy"
2195,https://freesound.org/people/mousemonster/sounds/2195/,growl10decimate1.wav,mousemonster,http://creativecommons.org/licenses/sampling+/1.0/,3.23063,44100.0,2,wav,"[""distorted"", ""extended-trumpet"", ""processed""]",Trumpet growl with distortion,,,,,,false,false,true,true,"duration,music_proxy"
2196,https://freesound.org/people/mousemonster/sounds/2196/,growl10flex2.wav,mousemonster,http://creativecommons.org/licenses/sampling+/1.0/,3.23063,44100.0,2,wav,"[""extended-trumpet"", ""processed""]",Trumpet growl with processing,,,,,,false,false,true,true,"duration,music_proxy"
2197,https://freesound.org/people/mousemonster/sounds/2197/,growl10spectrum1.wav,mousemonster,http://creativecommons.org/licenses/sampling+/1.0/,3.23063,44100.0,2,wav,"[""extended-trumpet""]",Trumpet growl with spectrum processing,,,,,,false,false,true,true,"duration,music_proxy"
2198,https://freesound.org/people/mousemonster/sounds/2198/,growl10wahwah.wav,mousemonster,http://creativecommons.org/licenses/sampling+/1.0/,3.23063,44100.0,2,wav,"[""extended-trumpet""]",Trumpet growl with WA WA added,,,,,,false,false,true,true,"duration,music_proxy"
2199,https://freesound.org/people/Andrew%20Duke/sounds/2199/,beep.wav,Andrew Duke,http://creativecommons.org/licenses/by/3.0/,1.5412,44100.0,2,wav,"[""beep"", ""cash-register"", ""field-recording"", ""grocery-store"", ""scanner""]",beep from a machine at a grocery store checkout,,,,,,false,false,true,true,"duration,music_proxy"
2200,https://freesound.org/people/Andrew%20Duke/sounds/2200/,bell.wav,Andrew Duke,http://creativecommons.org/licenses/by/3.0/,1.43673,44100.0,2,wav,"[""electronic"", ""industrial"", ""note"", ""sound-design"", ""stab""]",sound design resulting in one sustained note suitable for spreading out over an octave; created with Native Instruments Reaktor,,,,,,false,false,true,true,"duration,music_proxy"
2201,https://freesound.org/people/Andrew%20Duke/sounds/2201/,buzz.wav,Andrew Duke,http://creativecommons.org/licenses/by/3.0/,1.93304,44100.0,2,wav,"[""buzz"", ""field-recording"", ""machine""]","machine buzz; can't remember the details, sorry; not processed",,,,,,false,false,true,true,"duration,music_proxy"
2202,https://freesound.org/people/Andrew%20Duke/sounds/2202/,clack.wav,Andrew Duke,http://creativecommons.org/licenses/by/3.0/,5.12,44100.0,2,wav,"[""field-recording"", ""grocery-store"", ""processed""]",machine clack,,,,,,false,false,true,true,"duration,music_proxy"
2203,https://freesound.org/people/Andrew%20Duke/sounds/2203/,clash.wav,Andrew Duke,http://creativecommons.org/licenses/by/3.0/,4.17959,44100.0,2,wav,"[""field-recording"", ""grocery-store"", ""processed""]",machine clack (different),,,,,,false,false,true,true,"duration,music_proxy"
2204,https://freesound.org/people/Andrew%20Duke/sounds/2204/,coin1.wav,Andrew Duke,http://creativecommons.org/licenses/by/3.0/,4.75429,44100.0,2,wav,"[""coins"", ""field-recording"", ""grocery-store"", ""processed""]",coins,,,,,,false,false,true,true,"duration,music_proxy"
2205,https://freesound.org/people/Andrew%20Duke/sounds/2205/,coin2.wav,Andrew Duke,http://creativecommons.org/licenses/by/3.0/,4.07508,44100.0,2,wav,"[""coins"", ""field-recording"", ""processed""]",coins (different),,,,,,false,false,true,true,"duration,music_proxy"
2206,https://freesound.org/people/Andrew%20Duke/sounds/2206/,dime.wav,Andrew Duke,http://creativecommons.org/licenses/by/3.0/,3.23916,44100.0,2,wav,"[""1-bar"", ""loop"", ""rhythmic"", ""sound-design""]",1 bar loop created from processing detritus,,,,,,false,false,true,true,"duration,music_proxy"
2207,https://freesound.org/people/Andrew%20Duke/sounds/2207/,dug.wav,Andrew Duke,http://creativecommons.org/licenses/by/3.0/,4.93712,44100.0,2,wav,"[""field-recording"", ""hiss"", ""machine"", ""noise""]","machine noise; sorry, can't remember the details; recorded here in Halifax some years ago",,,,,,false,false,true,true,"duration,music_proxy"
2208,https://freesound.org/people/Andrew%20Duke/sounds/2208/,exhaust.wav,Andrew Duke,http://creativecommons.org/licenses/by/3.0/,2.14204,44100.0,2,wav,"[""bar"", ""field-recording"", ""grocery-store"", ""processed"", ""rhythmic"", ""sound-design""]","sound-design created by processing a field recording from a grocery
store here in Halifax; rhythmic; processed with Adobe Audition",,,,,,false,false,true,true,"duration,music_proxy"
2209,https://freesound.org/people/Andrew%20Duke/sounds/2209/,h2o1.wav,Andrew Duke,http://creativecommons.org/licenses/by/3.0/,3.65712,44100.0,2,wav,"[""2"", ""bars"", ""field-recording"", ""loop"", ""processed"", ""rhythmic"", ""sound-design"", ""walking"", ""water""]",2-bar rhythmic loop created from mixing together processed field-recordings of water and walking; processed with Adobe Audition,,,,,,false,false,true,true,"duration,music_proxy"
2210,https://freesound.org/people/Andrew%20Duke/sounds/2210/,h2o2.wav,Andrew Duke,http://creativecommons.org/licenses/by/3.0/,3.18696,44100.0,2,wav,"[""1-bar"", ""field-recording"", ""loop"", ""processed"", ""sound-design"", ""water""]",sound-design created from processing a field-recording of water recorded here in Halifax; processed with Native Instruments Reaktor and Adobe Audition,,,,,,false,false,true,true,"duration,music_proxy"
2211,https://freesound.org/people/Andrew%20Duke/sounds/2211/,h2o3.wav,Andrew Duke,http://creativecommons.org/licenses/by/3.0/,3.99676,44100.0,2,wav,"[""2-bar"", ""ambient"", ""electronic"", ""field-recording"", ""industrial"", ""loop"", ""processed"", ""rhythmic"", ""sound-design"", ""water""]",sound-design created from processing a field-recording of water recorded here in Halifax; processed with Native Instruments Reaktor and Adobe Audition,,,,,,false,false,true,true,"duration,music_proxy"
2212,https://freesound.org/people/Andrew%20Duke/sounds/2212/,h2o4.wav,Andrew Duke,http://creativecommons.org/licenses/by/3.0/,4.49304,44100.0,2,wav,"[""bar"", ""field-recording"", ""loop"", ""processed"", ""sound-design"", ""water""]",sound-design created from processing a field-recording of water (recorded here in Halifax) in Native Instruments Reaktor and Adobe Audition,,,,,,false,false,true,true,"duration,music_proxy"
2213,https://freesound.org/people/Andrew%20Duke/sounds/2213/,hood1.wav,Andrew Duke,http://creativecommons.org/licenses/by/3.0/,3.94449,44100.0,2,wav,"[""field-recording"", ""rattle"", ""stove-pipe"", ""wind""]","the sound of a cover on the end of a stove pipe as it is rattled by
wind (wind is not heard); not processed; recorded here in Halifax",,,,,,false,false,true,true,"duration,music_proxy"
2214,https://freesound.org/people/Andrew%20Duke/sounds/2214/,hood2.wav,Andrew Duke,http://creativecommons.org/licenses/by/3.0/,4.911,44100.0,2,wav,"[""field-recording"", ""pipe"", ""rattle"", ""stove"", ""wind""]","field-recording of wind in a stove pipe (different) rattling the cover
at one end (sound of wind is not heard); recorded at an old apartment
in Halifax; not processed",,,,,,false,false,true,true,"duration,music_proxy"
2215,https://freesound.org/people/Andrew%20Duke/sounds/2215/,rustle1.wav,Andrew Duke,http://creativecommons.org/licenses/by/3.0/,3.55265,44100.0,2,wav,"[""field-recording"", ""hiss"", ""noise"", ""rustle"", ""stove-pipe"", ""wind""]",wind in a stove pipe (different again),,,,,,false,false,true,true,"duration,music_proxy"
2216,https://freesound.org/people/Andrew%20Duke/sounds/2216/,rustle2.wav,Andrew Duke,http://creativecommons.org/licenses/by/3.0/,3.70937,44100.0,2,wav,"[""field-recording"", ""hiss"", ""rustle"", ""stove-pipe"", ""wind""]",wind in a stove pipe (different yet again),,,,,,false,false,true,true,"duration,music_proxy"
2217,https://freesound.org/people/Andrew%20Duke/sounds/2217/,train1.wav,Andrew Duke,http://creativecommons.org/licenses/by/3.0/,3.99673,44100.0,2,wav,"[""bridge"", ""canada"", ""field-recording"", ""montreal"", ""passing"", ""train""]",train passing over bridge in montreal,,,,,,false,false,true,true,"duration,music_proxy"
2218,https://freesound.org/people/Andrew%20Duke/sounds/2218/,train2.wav,Andrew Duke,http://creativecommons.org/licenses/by/3.0/,4.1012,44100.0,2,wav,"[""bridge"", ""field-recording"", ""passing"", ""train""]",train passing over bridge in montreal (different),,,,,,false,false,true,true,"duration,music_proxy"
2219,https://freesound.org/people/Andrew%20Duke/sounds/2219/,train3.wav,Andrew Duke,http://creativecommons.org/licenses/by/3.0/,4.12732,44100.0,2,wav,"[""field-recording"", ""passing"", ""train""]",train passing over bridge in montreal (different again),,,,,,false,false,true,true,"duration,music_proxy"
2220,https://freesound.org/people/Andrew%20Duke/sounds/2220/,bmg1.wav,Andrew Duke,http://creativecommons.org/licenses/by/3.0/,2.24653,44100.0,2,wav,"[""field-recording"", ""male"", ""processed"", ""processed-vocals"", ""vocals""]",Brendan gillen (of ectomorph fame) station id for my syndicated net/radio show processed,,,,,,false,false,true,true,"duration,music_proxy"
2221,https://freesound.org/people/Andrew%20Duke/sounds/2221/,bmg2.wav,Andrew Duke,http://creativecommons.org/licenses/by/3.0/,2.14204,44100.0,2,wav,"[""field-recording"", ""male"", ""processed"", ""processed-vocals"", ""sound-design"", ""vocals""]",Brendan gillen (of ectomorph fame) station id for my syndicated net/radio show processed (different),,,,,,false,false,true,true,"duration,music_proxy"
2222,https://freesound.org/people/Andrew%20Duke/sounds/2222/,brown.wav,Andrew Duke,http://creativecommons.org/licenses/by/3.0/,4.41469,44100.0,2,wav,"[""2-bars"", ""clicks"", ""glitch"", ""noise"", ""noisy"", ""processed"", ""rhythmic"", ""sound-design""]",sound-design created by processing detritus with Adobe Audition,,,,,,false,false,true,true,"duration,music_proxy"
2223,https://freesound.org/people/Andrew%20Duke/sounds/2223/,drone.wav,Andrew Duke,http://creativecommons.org/licenses/by/3.0/,5.04163,44100.0,2,wav,"[""ambient"", ""dark"", ""drone"", ""electronic"", ""industrial"", ""processed"", ""sound-design""]","sound-design that results in a dark swelling drone that could be used
to create an octave of various samples; made with Adobe Audition",,,,,,false,false,true,true,"duration,music_proxy"
2224,https://freesound.org/people/Andrew%20Duke/sounds/2224/,feed.wav,Andrew Duke,http://creativecommons.org/licenses/by/3.0/,1.85469,44100.0,2,wav,"[""1-bar"", ""dark"", ""electronic"", ""industrial"", ""loop"", ""processed"", ""rhythmic"", ""sound-design""]","sound-design created to sound like animals feeding (no field recording
of animals feeding was used, though); made with Native Instruments Reaktor and Adobe Audition",,,,,,false,false,true,true,"duration,music_proxy"
2225,https://freesound.org/people/Andrew%20Duke/sounds/2225/,garp.wav,Andrew Duke,http://creativecommons.org/licenses/by/3.0/,0.261202,44100.0,2,wav,"[""ambient"", ""electronic"", ""harsh"", ""noise"", ""processed"", ""sound-design"", ""stab""]","harsh, noisey sound that could be used to create an octave or two of stabs; made with Native Instruments Reaktor and Adobe Audition",,,,,,false,false,true,true,"duration,music_proxy"
2226,https://freesound.org/people/Andrew%20Duke/sounds/2226/,haze.wav,Andrew Duke,http://creativecommons.org/licenses/by/3.0/,1.95916,44100.0,2,wav,"[""field-recording"", ""processed"", ""sound-design"", ""water""]",sound-design created from processing a field-recording of water recorded here in Halifax; processed with Adobe Audition,,,,,,false,false,true,true,"duration,music_proxy"
2227,https://freesound.org/people/Andrew%20Duke/sounds/2227/,if.wav,Andrew Duke,http://creativecommons.org/licenses/by/3.0/,5.04163,44100.0,2,wav,"[""field-recording"", ""passing"", ""processed"", ""sound-design"", ""train""]","sound-design created from processing a field recording of a train
passing by on an overhead track; recorded in Montreal; processed with
Adobe Audition",,,,,,false,false,true,true,"duration,music_proxy"
2228,https://freesound.org/people/Andrew%20Duke/sounds/2228/,lop.wav,Andrew Duke,http://creativecommons.org/licenses/by/3.0/,4.25796,44100.0,2,wav,"[""2-bar"", ""clicks"", ""field-recording"", ""loop"", ""processed"", ""rhythmic"", ""sound-design"", ""store""]",processed field-recording from a grocery store recorded here in Halifax; processed with Adobe Audition,,,,,,false,false,true,true,"duration,music_proxy"
2229,https://freesound.org/people/Andrew%20Duke/sounds/2229/,mmg.wav,Andrew Duke,http://creativecommons.org/licenses/by/3.0/,3.50041,44100.0,2,wav,"[""1-bar"", ""dark"", ""loop"", ""murky"", ""processed"", ""rhythmic"", ""sound-design""]","sound-design created to sound like a merry-go-round (no field recording
of a merry-go-round was used, though); made with Adobe Audition",,,,,,false,false,true,true,"duration,music_proxy"
2230,https://freesound.org/people/Andrew%20Duke/sounds/2230/,not.wav,Andrew Duke,http://creativecommons.org/licenses/by/3.0/,3.65712,44100.0,2,wav,"[""2-bars"", ""loop"", ""panning"", ""rhythmic"", ""sound-design""]","sound-design created from detritus and processed with a lot of delay in Adobe Audition and Native Instruments Reaktor; I've been told that this sounds like a field-recording of crickets at night, but it isn't a field-recording",,,,,,false,false,true,true,"duration,music_proxy"
2231,https://freesound.org/people/Andrew%20Duke/sounds/2231/,pucr.wav,Andrew Duke,http://creativecommons.org/licenses/by/3.0/,1.17551,44100.0,2,wav,"[""click"", ""field-recording"", ""hiss"", ""needle"", ""turntable""]",recording of the hiss created by a needle being placed on an old record; not processed,,,,,,false,false,true,true,"duration,music_proxy"
2232,https://freesound.org/people/Andrew%20Duke/sounds/2232/,punch.wav,Andrew Duke,http://creativecommons.org/licenses/by/3.0/,1.07102,44100.0,2,wav,"[""dark"", ""electronic"", ""field-recording"", ""industrial"", ""processed"", ""sound-design"", ""stab"", ""water""]",sound-design created from a field-recording of water recorded here in Halifax; processed with Native Instruments Reaktor and Adobe Audition,,,,,,false,false,true,true,"duration,music_proxy"
2233,https://freesound.org/people/Andrew%20Duke/sounds/2233/,rock.wav,Andrew Duke,http://creativecommons.org/licenses/by/3.0/,4.17959,44100.0,2,wav,"[""2-bar"", ""loop"", ""rhythmic"", ""sound-design""]","sound design; can't remember the details, sorry",,,,,,false,false,true,true,"duration,music_proxy"
2234,https://freesound.org/people/Andrew%20Duke/sounds/2234/,roll.wav,Andrew Duke,http://creativecommons.org/licenses/by/3.0/,3.3698,44100.0,2,wav,"[""dark"", ""electronic"", ""industrial"", ""panning"", ""sound-design"", ""stab""]",sound-design created with a lot of flange and phase processing in Adobe Audition,,,,,,false,false,true,true,"duration,music_proxy"
2235,https://freesound.org/people/Andrew%20Duke/sounds/2235/,rrr.wav,Andrew Duke,http://creativecommons.org/licenses/by/3.0/,0.20898,44100.0,2,wav,"[""electronic"", ""industrial"", ""processed"", ""sound-design"", ""stab""]",sound-design created from processed detritus in Adobe Audition and Native Instruments Reaktor,,,,,,false,false,true,true,"duration,music_proxy"
2236,https://freesound.org/people/Andrew%20Duke/sounds/2236/,skitter1.wav,Andrew Duke,http://creativecommons.org/licenses/by/3.0/,4.25796,44100.0,2,wav,"[""2-bars"", ""electronic"", ""industrial"", ""loop"", ""processed"", ""rhythmic"", ""sound-design""]",sound-design created by chopping up and processing percussion samples in Ableton Live and Adobe Audition,,,,,,false,false,true,true,"duration,music_proxy"
2237,https://freesound.org/people/Andrew%20Duke/sounds/2237/,skitter2.wav,Andrew Duke,http://creativecommons.org/licenses/by/3.0/,4.25796,44100.0,2,wav,"[""2-bars"", ""electronic"", ""industrial"", ""loop"", ""percussion"", ""processed"", ""rhythmic"", ""sound-design""]",sound-design created from chopping up some percussive loops in Ableton Live and Adobe Audition,,,,,,false,false,true,true,"duration,music_proxy"
2238,https://freesound.org/people/Andrew%20Duke/sounds/2238/,smash1.wav,Andrew Duke,http://creativecommons.org/licenses/by/3.0/,4.88492,44100.0,2,wav,"[""dark"", ""electronic"", ""industrial"", ""noise"", ""noisy"", ""processed"", ""sound-design"", ""stab""]",sound-design created with a lot of processing of various samples in Native Instruments Reaktor,,,,,,false,false,true,true,"duration,music_proxy"
2239,https://freesound.org/people/Andrew%20Duke/sounds/2239/,smash2.wav,Andrew Duke,http://creativecommons.org/licenses/by/3.0/,4.33633,44100.0,2,wav,"[""electronic"", ""hard"", ""harsh"", ""industrial"", ""noise"", ""noisy"", ""processed"", ""sound-design"", ""stab""]",sound-design created from much processing of various samples with Native Instruments Reaktor,,,,,,false,false,true,true,"duration,music_proxy"
2240,https://freesound.org/people/Andrew%20Duke/sounds/2240/,speed.wav,Andrew Duke,http://creativecommons.org/licenses/by/3.0/,3.13469,44100.0,2,wav,"[""2-bars"", ""ambient"", ""electronic"", ""industrial"", ""loop"", ""pad"", ""processed"", ""sound-design""]",sustained ambient pad sound created from combining a variety of processed samples in Native Instruments Reaktor and Adobe Audition; suitable for spreading over an octave of a keyboard,,,,,,false,false,true,true,"duration,music_proxy"
2241,https://freesound.org/people/Andrew%20Duke/sounds/2241/,spring1.wav,Andrew Duke,http://creativecommons.org/licenses/by/3.0/,5.09388,44100.0,2,wav,"[""1-bar"", ""ambient"", ""electronic"", ""field-recording"", ""industrial"", ""loop"", ""pitched"", ""processed"", ""sound-design"", ""stab"", ""sustained"", ""water""]","sound-design created from heavily processing a field-recording of water
recorded here in Halifax; rises and then falls in pitch; processed with
Adobe Audition",,,,,,false,false,true,true,"duration,music_proxy"
2242,https://freesound.org/people/Andrew%20Duke/sounds/2242/,spring2.wav,Andrew Duke,http://creativecommons.org/licenses/by/3.0/,5.25061,44100.0,2,wav,"[""2-bars"", ""ambient"", ""click"", ""electronic"", ""glitch"", ""industrial"", ""loop"", ""noise"", ""processed"", ""rhythmic"", ""sound-design""]",sound-design created from processing detritus with Adobe Audition,,,,,,false,false,true,true,"duration,music_proxy"
2243,https://freesound.org/people/Andrew%20Duke/sounds/2243/,store.wav,Andrew Duke,http://creativecommons.org/licenses/by/3.0/,5.25061,44100.0,2,wav,"[""2-bar"", ""field-recording"", ""grocery"", ""loop"", ""processed"", ""rhythmic"", ""sound-design"", ""store""]",sound-design created by processing a field-recording from a grocery store here in Halifax; processed with Adobe Audition,,,,,,false,false,true,true,"duration,music_proxy"
2244,https://freesound.org/people/Andrew%20Duke/sounds/2244/,sweep.wav,Andrew Duke,http://creativecommons.org/licenses/by/3.0/,4.36245,44100.0,2,wav,"[""car"", ""field-recording"", ""processed"", ""sound-design"", ""winter""]","sound-design created from a field-recording of a car passing by at an
intersection in the winter here in Halifax; processed with Adobe
Audition",,,,,,false,false,true,true,"duration,music_proxy"
2245,https://freesound.org/people/Andrew%20Duke/sounds/2245/,swirl.wav,Andrew Duke,http://creativecommons.org/licenses/by/3.0/,1.82857,44100.0,2,wav,"[""1-bar"", ""ambient"", ""electronic"", ""industrial"", ""loop"", ""processed"", ""rhythmic"", ""sound-design"", ""sound-effect"", ""stab"", ""sweep""]",sound-design created from processing detritus heavily with Adobe Audition and Native Instruments Reaktor,,,,,,false,false,true,true,"duration,music_proxy"
2246,https://freesound.org/people/Andrew%20Duke/sounds/2246/,tb.wav,Andrew Duke,http://creativecommons.org/licenses/by/3.0/,4.12732,44100.0,2,wav,"[""2-bar"", ""loop"", ""male"", ""processed"", ""rhythmic"", ""sound-design"", ""vocal""]",sound-design created from processing a vocal sample (the voice is germany's thomas brinkmann) from my syndicated net/radio show,,,,,,false,false,true,true,"duration,music_proxy"
2247,https://freesound.org/people/Andrew%20Duke/sounds/2247/,tflx.wav,Andrew Duke,http://creativecommons.org/licenses/by/3.0/,4.33633,44100.0,2,wav,"[""ambient"", ""dark"", ""electronic"", ""field-recording"", ""glitch"", ""industrial"", ""noise"", ""processed"", ""short"", ""sound-design"", ""stab"", ""water""]",sound-design from heavily processing a field-recording of water recorded here in Halifax; processed with Adobe Audition,,,,,,false,false,true,true,"duration,music_proxy"
2248,https://freesound.org/people/Andrew%20Duke/sounds/2248/,turn1.wav,Andrew Duke,http://creativecommons.org/licenses/by/3.0/,2.79508,44100.0,2,wav,"[""1-bar"", ""field-recording"", ""loop"", ""processed"", ""sound-design"", ""sound-effect"", ""water"", ""whoosh""]","sound-design created from heavily processing a field-recording of water
recorded here in Halifax; subtle panning; made with Adobe Audition",,,,,,false,false,true,true,"duration,music_proxy"
2249,https://freesound.org/people/Andrew%20Duke/sounds/2249/,turn2.wav,Andrew Duke,http://creativecommons.org/licenses/by/3.0/,0.835918,44100.0,2,wav,"[""1-bar"", ""click"", ""glitch"", ""hiss"", ""loop"", ""processed"", ""rhythmic"", ""sound-design""]",sound-design created from processing detritus with Adobe Audition,,,,,,false,false,true,true,"duration,music_proxy"
2250,https://freesound.org/people/Andrew%20Duke/sounds/2250/,ulay.wav,Andrew Duke,http://creativecommons.org/licenses/by/3.0/,1.77633,44100.0,2,wav,"[""1-bar"", ""ambient"", ""electronic"", ""field-recording"", ""glitch"", ""industrial"", ""loop"", ""noise"", ""pad"", ""processed"", ""sound-design"", ""sweep"", ""wind""]",sound-design created by heavily processing a field-recording of wind; made with Adobe Audition,,,,,,false,false,true,true,"duration,music_proxy"
2251,https://freesound.org/people/Andrew%20Duke/sounds/2251/,uud.wav,Andrew Duke,http://creativecommons.org/licenses/by/3.0/,2.06367,44100.0,2,wav,"[""1-bar"", ""click"", ""electronic"", ""glitch"", ""hiss"", ""industrial"", ""loop"", ""noise"", ""processed"", ""rhythmic"", ""sound-design""]",sound-design created from processing detritus; made with Adobe Audition,,,,,,false,false,true,true,"duration,music_proxy"
2252,https://freesound.org/people/Andrew%20Duke/sounds/2252/,wash1.wav,Andrew Duke,http://creativecommons.org/licenses/by/3.0/,3.65712,44100.0,2,wav,"[""2-bar"", ""ambient"", ""dark"", ""electronic"", ""field-recording"", ""industrial"", ""loop"", ""pad"", ""processed"", ""rhythmic"", ""sound-design""]",sound-design created by heavily processing a field-recording of water I recorded here in Halifax; processed with Adobe Audition,,,,,,false,false,true,true,"duration,music_proxy"
2253,https://freesound.org/people/Andrew%20Duke/sounds/2253/,wash2.wav,Andrew Duke,http://creativecommons.org/licenses/by/3.0/,3.65712,44100.0,2,wav,"[""2-bar"", ""ambient"", ""dark"", ""electronic"", ""industrial"", ""loop"", ""noise"", ""pad"", ""processed"", ""rhythmic"", ""sound-design""]",sound-design created by heavily processing a field-recording of wind I recorded here in Halifax; processed with Adobe Audition,,,,,,false,false,true,true,"duration,music_proxy"
2254,https://freesound.org/people/Andrew%20Duke/sounds/2254/,wash3.wav,Andrew Duke,http://creativecommons.org/licenses/by/3.0/,3.65712,44100.0,2,wav,"[""2-bars"", ""ambient"", ""dark"", ""electronic"", ""industrial"", ""loop"", ""noise"", ""pad"", ""rhythmic"", ""sound-design""]",sound-design created from processing detritus so that it sounds like a sustained rhythmic pad; made with Adobe Audition,,,,,,false,false,true,true,"duration,music_proxy"
2255,https://freesound.org/people/Andrew%20Duke/sounds/2255/,wash4.wav,Andrew Duke,http://creativecommons.org/licenses/by/3.0/,3.65712,44100.0,2,wav,"[""2-bars"", ""click"", ""electronic"", ""glitch"", ""industrial"", ""loop"", ""processed"", ""rhythmic"", ""sound-design""]",sound-design created from processing detritus with Adobe Audition,,,,,,false,false,true,true,"duration,music_proxy"
2256,https://freesound.org/people/Andrew%20Duke/sounds/2256/,whir.wav,Andrew Duke,http://creativecommons.org/licenses/by/3.0/,4.3102,44100.0,2,wav,"[""2-bars"", ""bell"", ""field-recording"", ""processed"", ""rhythmic"", ""sound-design""]",sound-design created from processing a field-recording of a bicycle bell ringing as it passes; processed with Adobe Audition,,,,,,false,false,true,true,"duration,music_proxy"
2257,https://freesound.org/people/Andrew%20Duke/sounds/2257/,click1.wav,Andrew Duke,http://creativecommons.org/licenses/by/3.0/,1.93304,44100.0,2,wav,"[""1-bar"", ""click"", ""detritus"", ""field-recording"", ""glitch"", ""hiss"", ""lofi"", ""turntable"", ""vinyl""]","click of a needle on an old record; rhythmic feel would make it great for percussion, methinks",,,,,,false,false,true,true,"duration,music_proxy"
2258,https://freesound.org/people/Andrew%20Duke/sounds/2258/,click2.wav,Andrew Duke,http://creativecommons.org/licenses/by/3.0/,4.6498,44100.0,2,wav,"[""click"", ""detritus"", ""field-recording"", ""glitch"", ""hiss"", ""noise"", ""turntable"", ""vinyl""]",click of a needle on an old record (different),,,,,,false,false,true,true,"duration,music_proxy"
2259,https://freesound.org/people/Andrew%20Duke/sounds/2259/,click3.wav,Andrew Duke,http://creativecommons.org/licenses/by/3.0/,3.50041,44100.0,2,wav,"[""click"", ""detritus"", ""field-recording"", ""glitch"", ""hiss"", ""turntable"", ""vinyl""]",click of a needle on an old record (different again),,,,,,false,false,true,true,"duration,music_proxy"
2260,https://freesound.org/people/Andrew%20Duke/sounds/2260/,click4.wav,Andrew Duke,http://creativecommons.org/licenses/by/3.0/,3.57878,44100.0,2,wav,"[""click"", ""detritus"", ""field-recording"", ""glitch"", ""hiss"", ""turntable"", ""vinyl""]",click of a needle on an old record (different yet again),,,,,,false,false,true,true,"duration,music_proxy"
2261,https://freesound.org/people/Andrew%20Duke/sounds/2261/,hiss1.wav,Andrew Duke,http://creativecommons.org/licenses/by/3.0/,3.44816,44100.0,2,wav,"[""click"", ""detritus"", ""field-recording"", ""glitch"", ""hiss"", ""turntable"", ""vinyl""]",hiss of a needle on an old record,,,,,,false,false,true,true,"duration,music_proxy"
2262,https://freesound.org/people/Andrew%20Duke/sounds/2262/,hiss2.wav,Andrew Duke,http://creativecommons.org/licenses/by/3.0/,5.51184,44100.0,2,wav,"[""click"", ""detritus"", ""field-recording"", ""glitch"", ""hiss"", ""rhythmic"", ""turntable"", ""vinyl""]",hiss of a needle on an old record (different),,,,,,false,false,true,true,"duration,music_proxy"
2263,https://freesound.org/people/Fun/sounds/2263/,residential_ambience_birds_air_loop_mono.wav,Fun,http://creativecommons.org/licenses/sampling+/1.0/,68.6382,44100.0,1,wav,"[""air"", ""ambience"", ""birds"", ""loop"", ""mono"", ""residential""]",Some Texas native birds in a residential setting with a bit of foreground object movement (not handling) and a windchime rings for a moment half way through. ##Recorded to straight to DAW from: RODE NT1-A --) Behringer Pre --) Aardvark LX6 I/O --) Sound Forge.##,,,,,,false,true,true,true,music_proxy
2265,https://freesound.org/people/Jovica/sounds/2265/,90 bpm ATTACK LOOP 3 electronic wood mastered 16 bit.wav,Jovica,https://creativecommons.org/licenses/by/4.0/,21.3334,44100.0,2,wav,"[""90bpm"", ""electronic"", ""loop"", ""wood""]","This is a component of a melodic drumloop created with the Waldorf Attack VSTi within Cubase SX. It contains only the electronic wood sound of ""90 bpm ATTACK LOOP 3 total mixdown mastered 16 bit.wav"". I used the Analog kit 1 preset to create this loop, but I modified some of the sounds. The sound has a pitch: C. Tempo is 90 BPM. Length is 8 measures. Mastering was done within Wavelab using TC and Elemental Audio plugins.",,,,,,false,false,true,true,"duration,music_proxy"
2267,https://freesound.org/people/Jovica/sounds/2267/,90 bpm ATTACK LOOP 3 hihats mastered 16 bit.wav,Jovica,https://creativecommons.org/licenses/by/4.0/,21.3334,44100.0,2,wav,"[""90bpm"", ""electronic"", ""hihat"", ""loop""]","This is a component of a melodic drumloop created with the Waldorf Attack VSTi within Cubase SX. It contains a the percussive element of ""90 bpm ATTACK LOOP 3 total mixdown mastered 16 bit.wav"". I used the hihat sounds of the Analog kit 1 preset to create this loop, but I modified the sound a bit. Tempo is 90 BPM. Length is 8 measures. Mastering was done within Wavelab using TC and Elemental Audio plugins.",,,,,,false,false,true,true,"duration,music_proxy"
2268,https://freesound.org/people/Jovica/sounds/2268/,90 bpm ATTACK LOOP 3 kick element 1 mastered 16 bit.wav,Jovica,https://creativecommons.org/licenses/by/4.0/,2.66669,44100.0,2,wav,"[""90bpm"", ""electronic"", ""kick"", ""loop""]","This is a component of a melodic drumloop created with the Waldorf Attack VSTi within Cubase SX. It contains a one measure part of the kick drum of ""90 bpm ATTACK LOOP 3 total mixdown mastered 16 bit.wav"". I used the Analog kit 1 preset to create this loop. Tempo is 90 BPM. Length is 1 measure. Mastering was done within Wavelab using TC and Elemental Audio plugins.",,,,,,false,false,true,true,"duration,music_proxy"
2269,https://freesound.org/people/Jovica/sounds/2269/,90 bpm ATTACK LOOP 3 kick element 2 mastered 16 bit.wav,Jovica,https://creativecommons.org/licenses/by/4.0/,2.66669,44100.0,2,wav,"[""90bpm"", ""electronic"", ""kick"", ""loop""]","This is a component of a melodic drumloop created with the Waldorf Attack VSTi within Cubase SX. It contains a one measure part of the kick drum of ""90 bpm ATTACK LOOP 3 total mixdown mastered 16 bit.wav"". I used the Analog kit 1 preset to create this loop. Tempo is 90 BPM. Length is 1 measure. Mastering was done within Wavelab using TC and Elemental Audio plugins.",,,,,,false,false,true,true,"duration,music_proxy"
2270,https://freesound.org/people/Jovica/sounds/2270/,90 bpm ATTACK LOOP 3 kick element 3 mastered 16 bit.wav,Jovica,https://creativecommons.org/licenses/by/4.0/,2.66669,44100.0,2,wav,"[""90bpm"", ""electronic"", ""kick"", ""loop""]","This is a component of a melodic drumloop created with the Waldorf Attack VSTi within Cubase SX. It contains a one measure part of the kick drum of ""90 bpm ATTACK LOOP 3 total mixdown mastered 16 bit.wav"". I used the Analog kit 1 preset to create this loop. Tempo is 90 BPM. Length is 1 measure. Mastering was done within Wavelab using TC and Elemental Audio plugins.",,,,,,false,false,true,true,"duration,music_proxy"
2271,https://freesound.org/people/Jovica/sounds/2271/,90 bpm ATTACK LOOP 3 melodies mixdown mastered 16 bit.wav,Jovica,https://creativecommons.org/licenses/by/4.0/,50.6667,44100.0,2,wav,"[""90bpm"", ""electro"", ""loop"", ""melodic"", ""melodyloop""]","This is a melodic loop created with the Waldorf Attack VSTi within Cubase SX. I used the Analog kit 1 preset to create this loop, but I modified some of the sounds. The key is C majeur. Tempo is 90 BPM.
Length is 16 measures and I added an additional 4 measures for the
delay tails. Mastering was done within Wavelab using TC and Elemental
Audio plugins.",,,,,,false,true,true,true,music_proxy
2272,https://freesound.org/people/Jovica/sounds/2272/,90 bpm ATTACK LOOP 3 sine tom melody 1 mastered 16 bit.wav,Jovica,https://creativecommons.org/licenses/by/4.0/,16.0,44100.0,2,wav,"[""90bpm"", ""electro"", ""loop"", ""melodic"", ""melodyloop"", ""sine"", ""tom""]","This is a component of a melodic drumloop created with the Waldorf Attack VSTi within Cubase SX. It contains only a sine tom sound of ""90 bpm ATTACK LOOP 3 total mixdown mastered 16 bit.wav"".
I used the Analog kit 1 preset to create this loop, but I modified some
of the sounds. It has a melodic element in it. The key is C majeur. Tempo is 90 BPM.
Length is 4 measures and I added an additional 2 measures for the delay
tails. Mastering was done within Wavelab using TC and Elemental Audio
plugins.",,,,,,false,false,true,true,"duration,music_proxy"
2273,https://freesound.org/people/Jovica/sounds/2273/,90 bpm ATTACK LOOP 3 sine tom melody 2 mastered 16 bit.wav,Jovica,https://creativecommons.org/licenses/by/4.0/,16.0,44100.0,2,wav,"[""90bpm"", ""electro"", ""loop"", ""melodic"", ""melodyloop"", ""sine"", ""tom""]","This is a component of a melodic drumloop created with the Waldorf Attack VSTi within Cubase SX. It contains only a sine tom sound of ""90 bpm ATTACK LOOP 3 total mixdown mastered 16 bit.wav"".
I used the Analog kit 1 preset to create this loop, but I modified some
of the sounds. It has a melodic element in it. The key is C majeur. Tempo is 90 BPM.
Length is 4 measures and I added an additional 2 measures for the delay
tails. Mastering was done within Wavelab using TC and Elemental Audio
plugins.",,,,,,false,false,true,true,"duration,music_proxy"
2274,https://freesound.org/people/Jovica/sounds/2274/,90 bpm ATTACK LOOP 3 sine tom melody 3 mastered 16 bit.wav,Jovica,https://creativecommons.org/licenses/by/4.0/,16.0,44100.0,2,wav,"[""90bpm"", ""electro"", ""loop"", ""melodic"", ""melodyloop"", ""sine"", ""tom""]","This is a component of a melodic drumloop created with the Waldorf Attack VSTi within Cubase SX. It contains only a sine tom sound of ""90 bpm ATTACK LOOP 3 total mixdown mastered 16 bit.wav"".
I used the Analog kit 1 preset to create this loop, but I modified some
of the sounds. It has a melodic element in it. The key is C majeur. Tempo is 90 BPM.
Length is 1 measure and I added an additional 5 measures for the delay
tails. Mastering was done within Wavelab using TC and Elemental Audio
plugins.",,,,,,false,false,true,true,"duration,music_proxy"
2275,https://freesound.org/people/Jovica/sounds/2275/,90 bpm ATTACK LOOP 3 snares mastered 16 bit.wav,Jovica,https://creativecommons.org/licenses/by/4.0/,5.33336,44100.0,2,wav,"[""90bpm"", ""electronic"", ""loop"", ""snare""]","This is a component of a melodic drumloop created with the Waldorf Attack VSTi within Cubase SX. It contains the snare drum of ""90 bpm ATTACK LOOP 3 total mixdown mastered 16 bit.wav"". I used the Analog kit 1 preset to create this loop. Tempo is 90 BPM. Length is 4 measure. Mastering was done within Wavelab using TC and Elemental Audio plugins.",,,,,,false,false,true,true,"duration,music_proxy"
2276,https://freesound.org/people/Jovica/sounds/2276/,90 bpm ATTACK LOOP 3 square sine melody 1 mastered 16 bit.wav,Jovica,https://creativecommons.org/licenses/by/4.0/,8.00002,44100.0,2,wav,"[""90bpm"", ""electro"", ""loop"", ""melodic"", ""melodyloop"", ""sine"", ""square""]","This is a component of a melodic drumloop created with the Waldorf Attack VSTi within Cubase SX. It contains only a sine &amp; square sound of ""90 bpm ATTACK LOOP 3 total mixdown mastered 16 bit.wav"".
I used the Analog kit 1 preset to create this loop, but I modified some
of the sounds. It has a melodic element in it. The key is C majeur. Tempo is 90 BPM.
Length is 2 measures and I added an additional measure for the delay
tails. Mastering was done within Wavelab using TC and Elemental Audio
plugins.",,,,,,false,false,true,true,"duration,music_proxy"
2277,https://freesound.org/people/Jovica/sounds/2277/,90 bpm ATTACK LOOP 3 square sine melody 2 mastered 16 bit.wav,Jovica,https://creativecommons.org/licenses/by/4.0/,8.00002,44100.0,2,wav,"[""90bpm"", ""electro"", ""loop"", ""melodic"", ""melodyloop"", ""sine"", ""square""]","This is a component of a melodic drumloop created with the Waldorf Attack VSTi within Cubase SX. It contains only a sine &amp; square sound of ""90 bpm ATTACK LOOP 3 total mixdown mastered 16 bit.wav"".
I used the Analog kit 1 preset to create this loop, but I modified some
of the sounds. It has a melodic element in it. The key is C majeur. Tempo is 90 BPM.
Length is 2 measures and I added an additional measure for the delay
tails. Mastering was done within Wavelab using TC and Elemental Audio
plugins.",,,,,,false,false,true,true,"duration,music_proxy"
2278,https://freesound.org/people/Jovica/sounds/2278/,90 bpm ATTACK LOOP 3 square triangle melody mastered 16 bit.wav,Jovica,https://creativecommons.org/licenses/by/4.0/,10.6667,44100.0,2,wav,"[""90bpm"", ""electro"", ""loop"", ""melodic"", ""melodyloop"", ""square"", ""triangle""]","This is a component of a melodic drumloop created with the Waldorf Attack VSTi within Cubase SX. It contains only a square &amp; triangle sound of ""90 bpm ATTACK LOOP 3 total mixdown mastered 16 bit.wav"".
I used the Analog kit 1 preset to create this loop, but I modified some
of the sounds. It has a melodic element in it. The key is C majeur. Tempo is 90 BPM.
Length is 1 measures and I added an additional 5 measures for the delay
tails. Mastering was done within Wavelab using TC and Elemental Audio
plugins.",,,,,,false,false,true,true,"duration,music_proxy"
2285,https://freesound.org/people/smallsushi/sounds/2285/,breathehope - paper - 14.wav,smallsushi,http://creativecommons.org/licenses/sampling+/1.0/,5.34959,44100.0,1,wav,"[""beats"", ""field-recording"", ""paper"", ""percussion""]",field-recording paper percussion beats,,,,,,false,false,true,true,"duration,music_proxy"
2286,https://freesound.org/people/smallsushi/sounds/2286/,breathehope - paper - 12.wav,smallsushi,http://creativecommons.org/licenses/sampling+/1.0/,0.830884,44100.0,1,wav,"[""beats"", ""field-recording"", ""paper"", ""percussion""]",field-recording paper percussion beats,,,,,,false,false,true,true,"duration,music_proxy"
2287,https://freesound.org/people/smallsushi/sounds/2287/,breathehope - paper - 13.wav,smallsushi,http://creativecommons.org/licenses/sampling+/1.0/,1.4481,44100.0,1,wav,"[""beats"", ""field-recording"", ""paper"", ""percussion""]",field-recording paper percussion beats,,,,,,false,false,true,true,"duration,music_proxy"
2288,https://freesound.org/people/smallsushi/sounds/2288/,breathehope - paper - 10.wav,smallsushi,http://creativecommons.org/licenses/sampling+/1.0/,2.65873,44100.0,1,wav,"[""beats"", ""field-recording"", ""paper"", ""percussion""]",field-recording paper percussion beats,,,,,,false,false,true,true,"duration,music_proxy"
2289,https://freesound.org/people/smallsushi/sounds/2289/,breathehope - paper - 11.wav,smallsushi,http://creativecommons.org/licenses/sampling+/1.0/,0.712154,44100.0,1,wav,"[""beats"", ""field-recording"", ""paper"", ""percussion""]",field-recording paper percussion beats,,,,,,false,false,true,true,"duration,music_proxy"
2290,https://freesound.org/people/smallsushi/sounds/2290/,breathehope - paper - 08.wav,smallsushi,http://creativecommons.org/licenses/sampling+/1.0/,0.276304,44100.0,1,wav,"[""beats"", ""field-recording"", ""paper"", ""percussion""]",field-recording paper percussion beats,,,,,,false,false,true,true,"duration,music_proxy"
2291,https://freesound.org/people/smallsushi/sounds/2291/,breathehope - paper - 09.wav,smallsushi,http://creativecommons.org/licenses/sampling+/1.0/,1.51336,44100.0,1,wav,"[""beats"", ""field-recording"", ""paper"", ""percussion""]",field-recording paper percussion beats,,,,,,false,false,true,true,"duration,music_proxy"
2292,https://freesound.org/people/smallsushi/sounds/2292/,breathehope - paper - 05.wav,smallsushi,http://creativecommons.org/licenses/sampling+/1.0/,5.0,44100.0,1,wav,"[""beats"", ""field-recording"", ""paper"", ""percussion""]",field-recording paper percussion beats,,,,,,false,false,true,true,"duration,music_proxy"
2293,https://freesound.org/people/smallsushi/sounds/2293/,breathehope - paper - 06.wav,smallsushi,http://creativecommons.org/licenses/sampling+/1.0/,4.0,44100.0,1,wav,"[""beats"", ""field-recording"", ""paper"", ""percussion""]","field-recording paper percussion beats
paper tearing / ripping.",,,,,,false,false,true,true,"duration,music_proxy"
2294,https://freesound.org/people/smallsushi/sounds/2294/,breathehope - paper - 07.wav,smallsushi,http://creativecommons.org/licenses/sampling+/1.0/,1.21662,44100.0,1,wav,"[""beats"", ""field-recording"", ""flutter"", ""paper"", ""percussion""]",field-recording paper percussion beats,,,,,,false,false,true,true,"duration,music_proxy"
2295,https://freesound.org/people/smallsushi/sounds/2295/,breathehope - paper - 03.wav,smallsushi,http://creativecommons.org/licenses/sampling+/1.0/,0.400703,44100.0,1,wav,"[""beats"", ""field-recording"", ""paper"", ""percussion""]",field-recording paper percussion beats,,,,,,false,false,true,true,"duration,music_proxy"
2296,https://freesound.org/people/smallsushi/sounds/2296/,breathehope - paper - 04.wav,smallsushi,http://creativecommons.org/licenses/sampling+/1.0/,0.757664,44100.0,1,wav,"[""beats"", ""field-recording"", ""paper"", ""percussion""]",field-recording paper percussion beats,,,,,,false,false,true,true,"duration,music_proxy"
2297,https://freesound.org/people/smallsushi/sounds/2297/,breathehope - paper - 02.wav,smallsushi,http://creativecommons.org/licenses/sampling+/1.0/,2.61127,44100.0,1,wav,"[""beats"", ""field-recording"", ""paper"", ""percussion""]",field-recording paper percussion beats,,,,,,false,false,true,true,"duration,music_proxy"
2298,https://freesound.org/people/Suva/sounds/2298/,sample.mp3,Suva,http://creativecommons.org/publicdomain/zero/1.0/,7.93696,44100.0,1,mp3,"[""guitar"", ""instrument"", ""riff""]","Guitar riff with medium overdrive.
Recorded with USB sound card - no noise.
Should be in Emaj scale?

This is one nice sound I found with several hours of work with my guitar equipment. ",,,,,,false,false,true,true,"duration,music_proxy"
2300,https://freesound.org/people/jdcflash/sounds/2300/,pss480freqbeats.mp3,jdcflash,http://creativecommons.org/licenses/by/3.0/,8.39943,44100.0,2,mp3,"[""beat"", ""keyboard"", ""radio"", ""space"", ""synth""]",small frequency change beat on a yamaha pss 480.,,,,,,false,false,true,true,"duration,music_proxy"
2307,https://freesound.org/people/Synapse/sounds/2307/,tapeflip.aif,Synapse,https://creativecommons.org/licenses/by/4.0/,2.72188,44100.0,1,aiff,"[""cassette-tape"", ""flip"", ""flip-tape"", ""tape-recorder"", ""turn-tape-over""]","A recording of a tape being taken out of a walkman, flipped over and being put back in again.",,,,,,false,false,true,true,"duration,music_proxy"
2308,https://freesound.org/people/syn2x-v0/sounds/2308/,33334982739482394loop324bpm.wav,syn2x-v0,http://creativecommons.org/publicdomain/zero/1.0/,1.78048,44100.0,2,wav,"[""idm"", ""sound-design""]",324 beats per minute ,,,,,,false,false,true,true,"duration,music_proxy"
2310,https://freesound.org/people/syn2x-v0/sounds/2310/,beepmap140bpm.wav,syn2x-v0,http://creativecommons.org/publicdomain/zero/1.0/,1.78571,44100.0,2,wav,"[""sound-design""]",140 beats per minute,,,,,,false,false,true,true,"duration,music_proxy"
2311,https://freesound.org/people/syn2x-v0/sounds/2311/,blleepp.wav,syn2x-v0,http://creativecommons.org/publicdomain/zero/1.0/,3.11687,44100.0,2,wav,"[""sound-design""]",bleep,,,,,,false,false,true,true,"duration,music_proxy"
2312,https://freesound.org/people/syn2x-v0/sounds/2312/,cientotreintaynueve63bpmtechnoloopbar1.wav,syn2x-v0,http://creativecommons.org/publicdomain/zero/1.0/,1.90476,44100.0,2,wav,"[""sound-design""]",63 beats per minute,,,,,,false,false,true,true,"duration,music_proxy"
2313,https://freesound.org/people/syn2x-v0/sounds/2313/,f23423vvvv.wav,syn2x-v0,http://creativecommons.org/publicdomain/zero/1.0/,1.80451,44100.0,2,wav,"[""beat"", ""sound-design""]",kick and synthesizer chord,,,,,,false,false,true,true,"duration,music_proxy"
2314,https://freesound.org/people/syn2x-v0/sounds/2314/,glitch096.wav,syn2x-v0,http://creativecommons.org/publicdomain/zero/1.0/,1.75456,44100.0,2,wav,"[""glitch"", ""sound-design""]",processed glitch,,,,,,false,false,true,true,"duration,music_proxy"
2315,https://freesound.org/people/syn2x-v0/sounds/2315/,glitchyhi-low2.wav,syn2x-v0,http://creativecommons.org/publicdomain/zero/1.0/,0.220385,44100.0,2,wav,"[""glitch"", ""snare""]","glitch - snare
A high, short, noise heavy sound which could be a snare or a rim-shot.",,,,,,false,false,true,true,"duration,music_proxy"
2317,https://freesound.org/people/syn2x-v0/sounds/2317/,mic--noise23423423423.wav,syn2x-v0,http://creativecommons.org/publicdomain/zero/1.0/,2.64499,44100.0,2,wav,"[""noise""]",loud glitch from a microphone,,,,,,false,false,true,true,"duration,music_proxy"
2318,https://freesound.org/people/syn2x-v0/sounds/2318/,n435934055.wav,syn2x-v0,http://creativecommons.org/publicdomain/zero/1.0/,3.11689,44100.0,2,wav,"[""glass"", ""processed"", ""sound-design""]",processed glass sound,,,,,,false,false,true,true,"duration,music_proxy"
2319,https://freesound.org/people/syn2x-v0/sounds/2319/,nbb454.wav,syn2x-v0,http://creativecommons.org/publicdomain/zero/1.0/,3.11687,44100.0,2,wav,"[""bleep"", ""sound-design""]",bleep through delay,,,,,,false,false,true,true,"duration,music_proxy"
2320,https://freesound.org/people/syn2x-v0/sounds/2320/,rowi4p93u492394343.wav,syn2x-v0,http://creativecommons.org/publicdomain/zero/1.0/,1.43,44100.0,2,wav,"[""glitch"", ""sound-design""]",processed glitch,,,,,,false,false,true,true,"duration,music_proxy"
2321,https://freesound.org/people/syn2x-v0/sounds/2321/,verv438r394u5844i4345.wav,syn2x-v0,http://creativecommons.org/publicdomain/zero/1.0/,3.11689,44100.0,2,wav,"[""glass"", ""processed"", ""sound-design""]",processed glass sound,,,,,,false,false,true,true,"duration,music_proxy"
2322,https://freesound.org/people/syn2x-v0/sounds/2322/,zamplezb5-9000.wav,syn2x-v0,http://creativecommons.org/publicdomain/zero/1.0/,2.65376,44100.0,2,wav,"[""noise"", ""sound-design"", ""white""]",processed white noise,,,,,,false,false,true,true,"duration,music_proxy"
2323,https://freesound.org/people/Synapse/sounds/2323/,TrumpetLoop01.aif,Synapse,https://creativecommons.org/licenses/by/4.0/,10.0,44100.0,2,aiff,"[""environmental-sounds-research"", ""fanfare"", ""latin"", ""loop"", ""spanish"", ""trumpet""]","This is a trumpet sample I recorded for a finale to the musical I was in, Viva Mexico. Recorded with a dodgy setup, but you wouldn't notice. One SM58 running into a Behringer tube preamp, then straight into my Powerbook (via the on-board soundcard) and cleaned up in Logic.It's pretty bare at the moment, but if you add some reverb and EQ to taste, this sample can really kick. Enjoy.The sample is used for a sort of fanfare when Zorro and his two love interests move to the front of the stage for their bow.",,,,,,false,false,true,true,"duration,music_proxy"
2324,https://freesound.org/people/Synapse/sounds/2324/,TrumpetLoop02.aif,Synapse,https://creativecommons.org/licenses/by/4.0/,7.20104,44100.0,2,aiff,"[""environmental-sounds-research"", ""latin"", ""loop"", ""sequence"", ""spanish"", ""trumpet""]","This is another trumpet sample I recorded for a finale to the musical I'm in, Viva Mexico. 

The sample is a rising sequence, I'll be posting the version of this an
octave up which sounds insane, but you'll have to wait. I'm lazy today.

Recorded with a dodgy setup, but you wouldn't notice. One SM58 running into a Behringer tube preamp, then straight into my Powerbook (via the onboard soundcard) and cleaned up in Logic.",,,,,,false,false,true,true,"duration,music_proxy"
2326,https://freesound.org/people/Jovica/sounds/2326/,STAB 001 mastered 16 bit.wav,Jovica,https://creativecommons.org/licenses/by/4.0/,1.00005,44100.0,2,wav,"[""electronic"", ""industrial"", ""percussion"", ""short"", ""stab""]","An electronic percussive stab. Sounds like a bell with some distortion
on it and some low frequency rumbling. Created with Metaphysical
Function from Native Instruments. Further edited using Cubase SX and mastered using Wavelab.",,,,,,false,false,true,true,"duration,music_proxy"
2327,https://freesound.org/people/Jovica/sounds/2327/,STAB 002 mastered 16 bit.wav,Jovica,https://creativecommons.org/licenses/by/4.0/,1.00005,44100.0,2,wav,"[""electronic"", ""industrial"", ""percussion"", ""short"", ""stab""]","An electronic percussive stab. An industrial bell sound. Less bright than ""STAB 003 mastered 16 bit.wav"". Created with Metaphysical Function from Native Instruments. Further edited using Cubase SX and mastered using Wavelab.",,,,,,false,false,true,true,"duration,music_proxy"
2328,https://freesound.org/people/Jovica/sounds/2328/,STAB 003 mastered 16 bit.wav,Jovica,https://creativecommons.org/licenses/by/4.0/,1.00005,44100.0,2,wav,"[""electronic"", ""industrial"", ""percussion"", ""short"", ""stab""]","An electronic percussive stab. An industrial bell sound. Brighter than ""STAB 002 mastered 16 bit.wav"". Created with Metaphysical Function from Native Instruments. Further edited using Cubase SX and mastered using Wavelab.",,,,,,false,false,true,true,"duration,music_proxy"
2329,https://freesound.org/people/Jovica/sounds/2329/,STAB 004 mastered 16 bit.wav,Jovica,https://creativecommons.org/licenses/by/4.0/,1.00005,44100.0,2,wav,"[""electronic"", ""industrial"", ""percussion"", ""short"", ""stab""]","An electronic percussive stab. Sounds like a zap sound with a pitch
bend superposed on it. Created with Metaphysical Function from Native
Instruments. Further edited using Cubase SX and mastered using Wavelab.",,,,,,false,false,true,true,"duration,music_proxy"
2330,https://freesound.org/people/Jovica/sounds/2330/,STAB 005 mastered 16 bit.wav,Jovica,https://creativecommons.org/licenses/by/4.0/,1.00005,44100.0,2,wav,"[""electronic"", ""industrial"", ""percussion"", ""short"", ""stab""]",An electronic percussive stab. Sounds like an industrial bell sound with some gated reverb on it. Created with Metaphysical Function from Native Instruments. Further edited using Cubase SX and mastered using Wavelab.,,,,,,false,false,true,true,"duration,music_proxy"
2331,https://freesound.org/people/Jovica/sounds/2331/,STAB 006 mastered 16 bit.wav,Jovica,https://creativecommons.org/licenses/by/4.0/,0.995193,44100.0,2,wav,"[""electronic"", ""industrial"", ""percussion"", ""short"", ""stab""]","An electronic percussive stab. Sounds like a noise burst with a pitch
bend superposed on it. Created with Metaphysical Function from Native
Instruments. Further edited using Cubase SX and mastered using Wavelab.",,,,,,false,false,true,true,"duration,music_proxy"
2332,https://freesound.org/people/Jovica/sounds/2332/,STAB 007 mastered 16 bit.wav,Jovica,https://creativecommons.org/licenses/by/4.0/,1.00005,44100.0,2,wav,"[""electronic"", ""industrial"", ""percussion"", ""short"", ""stab""]","An electronic percussive stab. A noisy industrial bell like sound.
Created with Metaphysical Function from Native Instruments. Further
edited using Cubase SX and mastered using Wavelab.",,,,,,false,false,true,true,"duration,music_proxy"
2333,https://freesound.org/people/Jovica/sounds/2333/,STAB 008 mastered 16 bit.wav,Jovica,https://creativecommons.org/licenses/by/4.0/,1.00005,44100.0,2,wav,"[""electronic"", ""industrial"", ""percussion"", ""short"", ""stab""]","An electronic percussive stab. A burst of distorted noise. Less bright than ""STAB 009 mastered 16 bit.wav"". Created with Metaphysical Function from Native Instruments. Further edited using Cubase SX and mastered using Wavelab.",,,,,,false,false,true,true,"duration,music_proxy"
2334,https://freesound.org/people/Jovica/sounds/2334/,STAB 009 mastered 16 bit.wav,Jovica,https://creativecommons.org/licenses/by/4.0/,1.00005,44100.0,2,wav,"[""electronic"", ""industrial"", ""percussion"", ""short"", ""stab""]","An electronic percussive stab. A burst of distorted noise. More bright than ""STAB 008 mastered 16 bit.wav"". Created with Metaphysical Function from Native Instruments. Further edited using Cubase SX and mastered using Wavelab.",,,,,,false,false,true,true,"duration,music_proxy"
2335,https://freesound.org/people/Jovica/sounds/2335/,STAB 010 mastered 16 bit.wav,Jovica,https://creativecommons.org/licenses/by/4.0/,1.00005,44100.0,2,wav,"[""electronic"", ""industrial"", ""percussion"", ""short"", ""stab""]","An electronic percussive stab. A short bell like industrial sound.
Created with Metaphysical Function from Native Instruments. Further
edited using Cubase SX and mastered using Wavelab.",,,,,,false,false,true,true,"duration,music_proxy"
2336,https://freesound.org/people/Jovica/sounds/2336/,STAB 011 mastered 16 bit.wav,Jovica,https://creativecommons.org/licenses/by/4.0/,1.00005,44100.0,2,wav,"[""electronic"", ""industrial"", ""percussion"", ""short"", ""stab""]","An electronic percussive stab. An industrial sound which makes me think
about a spring sound. Created with Metaphysical Function from Native
Instruments. Further edited using Cubase SX and mastered using Wavelab.",,,,,,false,false,true,true,"duration,music_proxy"
2337,https://freesound.org/people/Jovica/sounds/2337/,STAB 012 mastered 16 bit.wav,Jovica,https://creativecommons.org/licenses/by/4.0/,1.00005,44100.0,2,wav,"[""electronic"", ""industrial"", ""percussion"", ""short"", ""stab""]","An electronic percussive stab. Another industrial sound which makes me
thing about a spring, this time with a pitch bend on it. Created with
Metaphysical Function from Native Instruments. Further edited using Cubase SX and mastered using Wavelab.",,,,,,false,false,true,true,"duration,music_proxy"
2338,https://freesound.org/people/Jovica/sounds/2338/,STAB 013 mastered 16 bit.wav,Jovica,https://creativecommons.org/licenses/by/4.0/,1.00005,44100.0,2,wav,"[""electronic"", ""industrial"", ""percussion"", ""short"", ""stab""]","An electronic percussive stab. a longer industrial bell like distorted
noise sound. Created with Metaphysical Function from Native
Instruments. Further edited using Cubase SX and mastered using Wavelab.",,,,,,false,false,true,true,"duration,music_proxy"
2339,https://freesound.org/people/Jovica/sounds/2339/,STAB 014 mastered 16 bit.wav,Jovica,https://creativecommons.org/licenses/by/4.0/,1.00005,44100.0,2,wav,"[""electronic"", ""industrial"", ""percussion"", ""short"", ""stab""]","An electronic percussive stab. A short electronic pulse. Created with
Metaphysical Function from Native Instruments. Further edited using Cubase SX and mastered using Wavelab.",,,,,,false,false,true,true,"duration,music_proxy"
2340,https://freesound.org/people/Jovica/sounds/2340/,STAB 015 mastered 16 bit.wav,Jovica,https://creativecommons.org/licenses/by/4.0/,1.00005,44100.0,2,wav,"[""electronic"", ""industrial"", ""percussion"", ""short"", ""stab""]","An electronic percussive stab. A short electronic pulse with some pitch
bend on it. Created with Metaphysical Function from Native Instruments.
Further edited using Cubase SX and mastered using Wavelab.",,,,,,false,false,true,true,"duration,music_proxy"
2341,https://freesound.org/people/Jovica/sounds/2341/,STAB 016 mastered 16 bit.wav,Jovica,https://creativecommons.org/licenses/by/4.0/,1.00005,44100.0,2,wav,"[""electronic"", ""industrial"", ""percussion"", ""short"", ""stab""]","An electronic percussive stab. Another short electronic sound with some
delayed bell like sound. Created with Metaphysical Function from Native
Instruments. Further edited using Cubase SX and mastered using Wavelab.",,,,,,false,false,true,true,"duration,music_proxy"
2342,https://freesound.org/people/Jovica/sounds/2342/,STAB 017 mastered 16 bit.wav,Jovica,https://creativecommons.org/licenses/by/4.0/,1.00005,44100.0,2,wav,"[""electronic"", ""industrial"", ""percussion"", ""short"", ""stab""]","An electronic percussive stab. A percussive sound like an electronic
marimba of xylophone. Created with Metaphysical Function from Native
Instruments. Further edited using Cubase SX and mastered using Wavelab.",,,,,,false,false,true,true,"duration,music_proxy"
2343,https://freesound.org/people/Jovica/sounds/2343/,STAB 018 mastered 16 bit.wav,Jovica,https://creativecommons.org/licenses/by/4.0/,1.00005,44100.0,2,wav,"[""electronic"", ""industrial"", ""percussion"", ""short"", ""stab""]","An electronic percussive stab. A little electronic pitch sweep. Created
with Metaphysical Function from Native Instruments. Further edited
using Cubase SX and mastered using Wavelab.",,,,,,false,false,true,true,"duration,music_proxy"
2344,https://freesound.org/people/Jovica/sounds/2344/,STAB 019 mastered 16 bit.wav,Jovica,https://creativecommons.org/licenses/by/4.0/,1.00005,44100.0,2,wav,"[""electronic"", ""industrial"", ""percussion"", ""short"", ""stab""]","An electronic percussive stab. A little electronic metallic percussion
sound. Created with Metaphysical Function from Native Instruments.
Further edited using Cubase SX and mastered using Wavelab.",,,,,,false,false,true,true,"duration,music_proxy"
2345,https://freesound.org/people/Jovica/sounds/2345/,STAB 020 mastered 16 bit.wav,Jovica,https://creativecommons.org/licenses/by/4.0/,1.00005,44100.0,2,wav,"[""electronic"", ""industrial"", ""percussion"", ""short"", ""stab""]","An electronic percussive stab. A sound like coming from some 23rd
century robot bird. Created with Metaphysical Function from Native
Instruments. Further edited using Cubase SX and mastered using Wavelab.",,,,,,false,false,true,true,"duration,music_proxy"
2346,https://freesound.org/people/Andrew%20Duke/sounds/2346/,AndrewDuke0001.wav,Andrew Duke,http://creativecommons.org/licenses/by/3.0/,4.27878,44100.0,2,wav,"[""electronic"", ""loop"", ""pitched"", ""processed"", ""sound-design"", ""wobbly""]",wobbly electronic loop that rises in pitch; designed with Native Instruments Reaktor and Adobe Audition,,,,,,false,false,true,true,"duration,music_proxy"
2347,https://freesound.org/people/Andrew%20Duke/sounds/2347/,AndrewDuke0002.wav,Andrew Duke,http://creativecommons.org/licenses/by/3.0/,6.92057,44100.0,2,wav,"[""female-moans"", ""loop"", ""processed"", ""sound-design"", ""vocals""]","the moans of two females from a movie a female friend made that I heavily processed with Audiomulch, Native Instruments Reaktor,
and Adobe Audition; I find voices to be great for sound mangling;
usually I'll mangle them so that you can't even tell voices were the
original source, but I felt the voices here had enough character that I
wanted to leave a bit of the original source audible",,,,,,false,false,true,true,"duration,music_proxy"
2348,https://freesound.org/people/Andrew%20Duke/sounds/2348/,AndrewDuke0003.wav,Andrew Duke,http://creativecommons.org/licenses/by/3.0/,6.13054,44100.0,2,wav,"[""electronic"", ""loop"", ""noise"", ""processed"", ""sound-design"", ""vocals""]",a chirpy vocal-like sample mixed with a low rumbling drone; processed with Adobe Audition,,,,,,false,false,true,true,"duration,music_proxy"
2349,https://freesound.org/people/Andrew%20Duke/sounds/2349/,AndrewDuke0004.wav,Andrew Duke,http://creativecommons.org/licenses/by/3.0/,3.2839,44100.0,2,wav,"[""electronic"", ""glitch"", ""industrial"", ""loop"", ""noise"", ""processed"", ""sound-design"", ""sustained""]",a bit of noise heavily processed with Adobe Audition,,,,,,false,false,true,true,"duration,music_proxy"
2350,https://freesound.org/people/Andrew%20Duke/sounds/2350/,AndrewDuke0005.wav,Andrew Duke,http://creativecommons.org/licenses/by/3.0/,4.44383,44100.0,2,wav,"[""2-bars"", ""glitch"", ""loop"", ""noise"", ""rhythmic"", ""sound-design""]",click of a needle touching down on an old record transformed with Adobe Audition and Ableton Live into a rhythmic 2-bar loop,,,,,,false,false,true,true,"duration,music_proxy"
2351,https://freesound.org/people/Andrew%20Duke/sounds/2351/,AndrewDuke0006.wav,Andrew Duke,http://creativecommons.org/licenses/by/3.0/,4.53776,44100.0,2,wav,"[""2-bars"", ""glitch"", ""loop"", ""noise"", ""processed"", ""rhythmic"", ""sound-design""]",2-bar rhythmic loop created from a short noise stab with Adobe Audition,,,,,,false,false,true,true,"duration,music_proxy"
2352,https://freesound.org/people/Andrew%20Duke/sounds/2352/,AndrewDuke0007.wav,Andrew Duke,http://creativecommons.org/licenses/by/3.0/,8.61045,44100.0,2,wav,"[""4-bars"", ""glitch"", ""long"", ""loop"", ""noise"", ""processed"", ""rhythmic"", ""sound-design""]","4-bar rhythmic loop created from glitchy
noises; first 2 bars are similar to each other, followed by 1 different
bar, and then a sustained less-rhythmic bar; processed with Adobe
Audition",,,,,,false,false,true,true,"duration,music_proxy"
2353,https://freesound.org/people/Andrew%20Duke/sounds/2353/,AndrewDuke0008.wav,Andrew Duke,http://creativecommons.org/licenses/by/3.0/,5.08281,44100.0,2,wav,"[""2-bars"", ""glitch"", ""loop"", ""noise"", ""processed"", ""rhythmic"", ""sound-design""]",2-bar rhythmic loop created with Adobe Audition from glitchy noise; I find this sample quite relaxing due to the resolution of the end of the loop,,,,,,false,false,true,true,"duration,music_proxy"
2354,https://freesound.org/people/Andrew%20Duke/sounds/2354/,AndrewDuke0009.wav,Andrew Duke,http://creativecommons.org/licenses/by/3.0/,5.43177,44100.0,2,wav,"[""2-bars"", ""bleep"", ""glitch"", ""loop"", ""noise"", ""pad"", ""processed"", ""rhythmic"", ""sound-design""]","2-bar loop that is a combination of 3 samples:  some bleeps, a dark pad, and some glitchy noise; made with processing in Audiomulch and Adobe Audition",,,,,,false,false,true,true,"duration,music_proxy"
2355,https://freesound.org/people/Andrew%20Duke/sounds/2355/,AndrewDuke0010.wav,Andrew Duke,http://creativecommons.org/licenses/by/3.0/,6.17204,44100.0,2,wav,"[""2-bar"", ""field-recording"", ""loop"", ""noise"", ""processed"", ""rhythmic"", ""sound-design""]","a rhythmic 2-bar loop with the first bar having a full busy feel and
the 2nd bar more of a resolution; all of this created from one
field-recording sample I recorded of water here in Halifax Harbor a
couple of years ago; processed and designed with Native Instruments Reaktor and Adobe Audition ",,,,,,false,false,true,true,"duration,music_proxy"
2356,https://freesound.org/people/Andrew%20Duke/sounds/2356/,AndrewDuke0011.wav,Andrew Duke,http://creativecommons.org/licenses/by/3.0/,6.258,44100.0,2,wav,"[""2-bar"", ""electronic"", ""industrial"", ""loop"", ""noise"", ""rhythmic"", ""sound-design"", ""sustained""]","a 2-bar rhythmic loop, again with a busier first bar than the 2nd. the
first bar has like a fast metallic feel to it (though there is no
field-recording involved) and the 2nd bar sounds sort of like wind
because it is created by stretching a noise sample; created by Audiomulch and Adobe Audition",,,,,,false,false,true,true,"duration,music_proxy"
2357,https://freesound.org/people/Andrew%20Duke/sounds/2357/,AndrewDuke0012.wav,Andrew Duke,http://creativecommons.org/licenses/by/3.0/,7.90587,44100.0,2,wav,"[""2-bar"", ""bright"", ""loop"", ""pad"", ""sound-design"", ""sustained""]",2-bar ambient loop; sustained bright pad; made with Native Instruments Reaktor and Adobe Audition,,,,,,false,false,true,true,"duration,music_proxy"
2358,https://freesound.org/people/Andrew%20Duke/sounds/2358/,AndrewDuke0013.wav,Andrew Duke,http://creativecommons.org/licenses/by/3.0/,8.4758,44100.0,2,wav,"[""2-bars"", ""ambient"", ""hum"", ""loop"", ""noise"", ""sound-design""]","2-bar ambient loop; has a foghorn-like character to it; bit of a ground
hum feel in the background; created with Native Instruments Reaktor and Adobe Audition",,,,,,false,false,true,true,"duration,music_proxy"
2359,https://freesound.org/people/Andrew%20Duke/sounds/2359/,AndrewDuke0014.wav,Andrew Duke,http://creativecommons.org/licenses/by/3.0/,8.44184,44100.0,2,wav,"[""2-bars"", ""ambient"", ""movement"", ""pad"", ""panning"", ""sound-design"", ""swirly""]",2-bar ambient loop created with Native Instruments Reaktor and Adobe Audition; lots of movement: swirling feel with lots of panning,,,,,,false,false,true,true,"duration,music_proxy"
2360,https://freesound.org/people/Andrew%20Duke/sounds/2360/,AndrewDuke0015.wav,Andrew Duke,http://creativecommons.org/licenses/by/3.0/,7.85499,44100.0,2,wav,"[""2-bars"", ""ambient"", ""bleep"", ""industrial"", ""loop"", ""pad"", ""processed"", ""rhythmic"", ""sound-design""]","a combination of samples make up this 2-bar ambient loop: some pitched
up clicks made the chirps, the background pad-like feel is created with
Native Instruments Reaktor and Adobe Audition; the panning rhythmic sound near the end of the loop was made with Ableton Live",,,,,,false,false,true,true,"duration,music_proxy"
2361,https://freesound.org/people/Andrew%20Duke/sounds/2361/,AndrewDuke0016.wav,Andrew Duke,http://creativecommons.org/licenses/by/3.0/,5.50769,44100.0,2,wav,"[""2-bars"", ""dark"", ""electronic"", ""industrial"", ""loop"", ""noise"", ""percussion"", ""rhythmic"", ""sound-design""]",the result of some heavy duty processing in Adobe Audition and Native Instruments Reaktor,,,,,,false,false,true,true,"duration,music_proxy"
2362,https://freesound.org/people/Andrew%20Duke/sounds/2362/,AndrewDuke0017.wav,Andrew Duke,http://creativecommons.org/licenses/by/3.0/,9.42519,44100.0,2,wav,"[""2-bars"", ""ambient"", ""dark"", ""industrial"", ""loop"", ""noise"", ""processed"", ""sound-design"", ""sustained""]",dark sustained loop created with Adobe Audition and Audiomulch,,,,,,false,false,true,true,"duration,music_proxy"
2363,https://freesound.org/people/Andrew%20Duke/sounds/2363/,AndrewDuke0018.wav,Andrew Duke,http://creativecommons.org/licenses/by/3.0/,6.5905,44100.0,2,wav,"[""2-bar"", ""ambient"", ""electronic"", ""industrial"", ""loop"", ""noise"", ""pad"", ""panning"", ""sound-design"", ""sustained""]","background is a sustained ambient pad rising and falling pitch;
foreground is a thin panning flicker; designed with Native Instruments Reaktor and Adobe Audition",,,,,,false,false,true,true,"duration,music_proxy"
2364,https://freesound.org/people/Andrew%20Duke/sounds/2364/,AndrewDuke0019.wav,Andrew Duke,http://creativecommons.org/licenses/by/3.0/,8.48005,44100.0,2,wav,"[""2-bar"", ""ambient"", ""electronic"", ""glitch"", ""industrial"", ""loop"", ""pad"", ""sound-design"", ""sustained""]",2-bar loop that builds from a thin intro that sustains and morphs into a glitchy thick pad; processing in Adobe Audition,,,,,,false,false,true,true,"duration,music_proxy"
2365,https://freesound.org/people/Andrew%20Duke/sounds/2365/,AndrewDuke0020.wav,Andrew Duke,http://creativecommons.org/licenses/by/3.0/,8.18009,44100.0,2,wav,"[""2-bar"", ""ambient"", ""bleep"", ""busy"", ""electronic"", ""industrial"", ""loop"", ""noise"", ""sound-design""]",busy skittery foreground with a low sustained pad in the background; made with Adobe Audition and Native Instruments Reaktor,,,,,,false,false,true,true,"duration,music_proxy"
2366,https://freesound.org/people/Andrew%20Duke/sounds/2366/,AndrewDuke0021.wav,Andrew Duke,http://creativecommons.org/licenses/by/3.0/,8.72844,44100.0,2,wav,"[""2-bar"", ""ambient"", ""electronic"", ""glitch"", ""industrial"", ""loop"", ""noise"", ""pad"", ""processed"", ""sound-design""]",sustained pad joined later in the loop by a phased glitch; made with Native Instruments Reaktor and Adobe Audition,,,,,,false,false,true,true,"duration,music_proxy"
2367,https://freesound.org/people/Andrew%20Duke/sounds/2367/,AndrewDuke0022.wav,Andrew Duke,http://creativecommons.org/licenses/by/3.0/,9.30796,44100.0,2,wav,"[""2-bar"", ""electronic"", ""flutter"", ""industrial"", ""loop"", ""noise"", ""pitched"", ""processed"", ""sound-design""]",2 bar-loop that flutters and changes slightly in pitch; made with Audiomulch and Adobe Audition,,,,,,false,false,true,true,"duration,music_proxy"
2368,https://freesound.org/people/Andrew%20Duke/sounds/2368/,AndrewDuke0023.wav,Andrew Duke,http://creativecommons.org/licenses/by/3.0/,8.96279,44100.0,2,wav,"[""2-bar"", ""electronic"", ""glitch"", ""industrial"", ""loop"", ""noise"", ""processed"", ""sound-design""]",dissonant swells and another ending that is a processed glitch; made with Native Instruments Reaktor and Adobe Audition,,,,,,false,false,true,true,"duration,music_proxy"
2369,https://freesound.org/people/Andrew%20Duke/sounds/2369/,AndrewDuke0024.wav,Andrew Duke,http://creativecommons.org/licenses/by/3.0/,6.10884,44100.0,2,wav,"[""2-bar"", ""electronic"", ""glitch"", ""industrial"", ""loop"", ""noise"", ""pitched"", ""rhythmic"", ""sound-design""]",clicky background joined by a rising and falling tone; made with Audiomulch and Adobe Audition,,,,,,false,false,true,true,"duration,music_proxy"
2370,https://freesound.org/people/Andrew%20Duke/sounds/2370/,AndrewDuke0025.wav,Andrew Duke,http://creativecommons.org/licenses/by/3.0/,9.03556,44100.0,2,wav,"[""2-bar"", ""ambient"", ""busy"", ""electronic"", ""glitch"", ""industrial"", ""intense"", ""loop"", ""noise"", ""sound-design"", ""sustained""]",glitches and noise heavily processed with Audiomulch and Adobe Audition,,,,,,false,false,true,true,"duration,music_proxy"
2371,https://freesound.org/people/Andrew%20Duke/sounds/2371/,AndrewDuke0026.wav,Andrew Duke,http://creativecommons.org/licenses/by/3.0/,8.36016,44100.0,2,wav,"[""2-bar"", ""ambient"", ""electronic"", ""hiss"", ""industrial"", ""loop"", ""noise"", ""pad"", ""sound-design"", ""sustained""]","dark rising and falling pitched pad combined with a bit of hiss toward
the end of the loop; 2 bars; made with Native Instruments Reaktor and Adobe Audition",,,,,,false,false,true,true,"duration,music_proxy"
2372,https://freesound.org/people/Andrew%20Duke/sounds/2372/,AndrewDuke0027.wav,Andrew Duke,http://creativecommons.org/licenses/by/3.0/,8.32789,44100.0,2,wav,"[""2-bar"", ""electronic"", ""industrial"", ""loop"", ""panning"", ""pitched"", ""skittery"", ""sound-design""]",2-bar loop that rises in pitch as it flutters and skitters and pans; made with Audiomulch and Adobe Audition,,,,,,false,false,true,true,"duration,music_proxy"
2373,https://freesound.org/people/Andrew%20Duke/sounds/2373/,AndrewDuke0028.wav,Andrew Duke,http://creativecommons.org/licenses/by/3.0/,7.32594,44100.0,2,wav,"[""2-bar"", ""ambient"", ""clicks"", ""electronic"", ""glitch"", ""industrial"", ""loop"", ""pad"", ""pitched"", ""processed"", ""rhythmic"", ""sound-design""]","2-bar dark ambient pad that rises and falls in pitch combined with a
rhythmic click/glitch in the 2nd half of the bar; made with Ableton
Live and Adobe Audition",,,,,,false,false,true,true,"duration,music_proxy"
2374,https://freesound.org/people/Andrew%20Duke/sounds/2374/,AndrewDuke0029.wav,Andrew Duke,http://creativecommons.org/licenses/by/3.0/,6.0,44100.0,2,wav,"[""2-bar"", ""bell"", ""elastic"", ""electronic"", ""field-recording"", ""industrial"", ""loop"", ""metallic"", ""rhythmic"", ""ringing"", ""sound-design""]","2-bar loop that combines an elastic electronic rhythmic bit with a
metallic ringing made from processing a bicycle bell field-recording;
made with Adobe Audition",,,,,,false,false,true,true,"duration,music_proxy"
2375,https://freesound.org/people/Andrew%20Duke/sounds/2375/,AndrewDuke0030.wav,Andrew Duke,http://creativecommons.org/licenses/by/3.0/,9.96057,44100.0,2,wav,"[""2-bar"", ""busy"", ""click"", ""electronic"", ""glitch"", ""industrial"", ""loop"", ""noise"", ""processed"", ""rhythmic"", ""sound-design""]",busy 2-bar loop with noise and glitchy panned sounds; made with Native Instruments Reaktor and Adobe Audition,,,,,,false,false,true,true,"duration,music_proxy"
2376,https://freesound.org/people/Andrew%20Duke/sounds/2376/,AndrewDuke0031.wav,Andrew Duke,http://creativecommons.org/licenses/by/3.0/,9.87007,44100.0,2,wav,"[""2-bar"", ""ambient"", ""click"", ""electronic"", ""hiss"", ""industrial"", ""pad"", ""processed"", ""sound-design"", ""sustained""]",2-bar loop created with Audiomulch,,,,,,false,false,true,true,"duration,music_proxy"
2377,https://freesound.org/people/Andrew%20Duke/sounds/2377/,AndrewDuke0032.wav,Andrew Duke,http://creativecommons.org/licenses/by/3.0/,8.09129,44100.0,2,wav,"[""2-bar"", ""ambient"", ""click"", ""electronic"", ""glitch"", ""industrial"", ""pad"", ""pitched"", ""processed"", ""rhythmic"", ""sound-design""]",2-bar ambient pad with a glitchy foreground that varies slightly in pitch,,,,,,false,false,true,true,"duration,music_proxy"
2378,https://freesound.org/people/Andrew%20Duke/sounds/2378/,AndrewDuke0033.wav,Andrew Duke,http://creativecommons.org/licenses/by/3.0/,8.66676,44100.0,2,wav,"[""2-bar"", ""ambient"", ""electronic"", ""fluttery"", ""industrial"", ""loop"", ""noise"", ""pitched"", ""processed"", ""sound-design""]","2-bar loop with a background noise pad and a foreground of an
intermittent fluttery sound that rises in pitch over the three
intervals; made with Native Instruments Reaktor and Adobe Audition",,,,,,false,false,true,true,"duration,music_proxy"
2379,https://freesound.org/people/Andrew%20Duke/sounds/2379/,AndrewDuke0034.wav,Andrew Duke,http://creativecommons.org/licenses/by/3.0/,7.26465,44100.0,2,wav,"[""2-bar"", ""ambient"", ""click"", ""electronic"", ""glitch"", ""industrial"", ""loop"", ""noise"", ""pad"", ""rhythmic"", ""sound-design""]","light hiss in the background (field-recording of the groove between
songs on an old record) with a busy wavering pitched foreground",,,,,,false,false,true,true,"duration,music_proxy"
2380,https://freesound.org/people/Andrew%20Duke/sounds/2380/,AndrewDuke0035.wav,Andrew Duke,http://creativecommons.org/licenses/by/3.0/,9.37873,44100.0,2,wav,"[""2-bar"", ""ambient"", ""click"", ""field-recording"", ""fireplace"", ""glitch"", ""industrial"", ""loop"", ""motor"", ""noise"", ""pad"", ""sound-design"", ""turntable""]","background is a recording of the motor of a turntable pitched down;
foreground is a field recording of a fireplace; processed with Adobe
Audition",,,,,,false,false,true,true,"duration,music_proxy"
2381,https://freesound.org/people/Andrew%20Duke/sounds/2381/,AndrewDuke0036.wav,Andrew Duke,http://creativecommons.org/licenses/by/3.0/,8.22696,44100.0,2,wav,"[""2-bar"", ""ambient"", ""click"", ""glitch"", ""hiss"", ""loop"", ""mechanical"", ""noise"", ""rhythmic"", ""sound-design""]",mechanical intro followed by clicks and hiss; processed with Adobe Audition,,,,,,false,false,true,true,"duration,music_proxy"
2382,https://freesound.org/people/Andrew%20Duke/sounds/2382/,AndrewDuke0037.wav,Andrew Duke,http://creativecommons.org/licenses/by/3.0/,9.60853,44100.0,2,wav,"[""2-bar"", ""ambient"", ""click"", ""electronic"", ""glitch"", ""industrial"", ""loop"", ""noise"", ""sound-design""]",2-bar loop of clicks and glitches that ends with what sounds like (but isn't) a wounded keyboard riff; made with Adobe Audition,,,,,,false,false,true,true,"duration,music_proxy"
2383,https://freesound.org/people/Andrew%20Duke/sounds/2383/,AndrewDuke0038.wav,Andrew Duke,http://creativecommons.org/licenses/by/3.0/,9.61846,44100.0,2,wav,"[""2-bar"", ""bleep"", ""electronic"", ""glitch"", ""industrial"", ""loop"", ""noise"", ""odd"", ""offbeat"", ""sound-design""]","sound-design created with Native Instruments Reaktor and Adobe Audition; sounds like it is in 3 parts; a sustained intro, then a delayed bit, then a stab",,,,,,false,false,true,true,"duration,music_proxy"
2384,https://freesound.org/people/Andrew%20Duke/sounds/2384/,AndrewDuke0039.wav,Andrew Duke,http://creativecommons.org/licenses/by/3.0/,9.45571,44100.0,2,wav,"[""beep"", ""electronic"", ""hiss"", ""hum"", ""industrial"", ""noise"", ""processed"", ""sound-design""]","sound design mixing hum, hiss, and beeps; processed with Ableton Live and Audition Audition",,,,,,false,false,true,true,"duration,music_proxy"
2385,https://freesound.org/people/Andrew%20Duke/sounds/2385/,AndrewDuke0040.wav,Andrew Duke,http://creativecommons.org/licenses/by/3.0/,9.19719,44100.0,2,wav,"[""ambient"", ""dark"", ""drone"", ""electronic"", ""hiss"", ""hum"", ""industrial"", ""processed"", ""sound-design"", ""sustained""]",sound-design mixing a low drone and stabs that sound like a wounded keyboard; done with Native Instruments Reaktor and Adobe Audition,,,,,,false,false,true,true,"duration,music_proxy"
2386,https://freesound.org/people/Andrew%20Duke/sounds/2386/,AndrewDuke0041.wav,Andrew Duke,http://creativecommons.org/licenses/by/3.0/,9.55515,44100.0,2,wav,"[""2-bar"", ""click"", ""drone"", ""glitch"", ""hiss"", ""loop"", ""sound-design""]","sound-design featuring clicks, hiss, and drones; done with Native Instruments Reaktor and Adobe Audition",,,,,,false,false,true,true,"duration,music_proxy"
2387,https://freesound.org/people/Andrew%20Duke/sounds/2387/,AndrewDuke0042.wav,Andrew Duke,http://creativecommons.org/licenses/by/3.0/,4.90707,44100.0,2,wav,"[""2-bar"", ""busy"", ""clicks"", ""glitch"", ""hiss"", ""loop"", ""panning"", ""rhythmic"", ""sound-design""]",2-bar loop that starts with busy panning and ends with light hiss and clicks; done with Native Instruments Reaktor,,,,,,false,false,true,true,"duration,music_proxy"
2388,https://freesound.org/people/Andrew%20Duke/sounds/2388/,AndrewDuke0043.wav,Andrew Duke,http://creativecommons.org/licenses/by/3.0/,7.21374,44100.0,2,wav,"[""2-bar"", ""crackle"", ""electronic"", ""hiss"", ""industrial"", ""loop"", ""loud"", ""noise"", ""sound-design""]",sound-design done in Native Instruments Reaktor featuring light hiss combined with a loud noise in the middle of the 2-bar loop,,,,,,false,false,true,true,"duration,music_proxy"
2389,https://freesound.org/people/Andrew%20Duke/sounds/2389/,AndrewDuke0044.wav,Andrew Duke,http://creativecommons.org/licenses/by/3.0/,9.98429,44100.0,2,wav,"[""2-bar"", ""busy"", ""electronic"", ""industrial"", ""loop"", ""noise"", ""noisy"", ""panning"", ""sound-design"", ""sustained""]",busy 2-bar loop with sound design done in Native Instruments Reaktor and Adobe Audition,,,,,,false,false,true,true,"duration,music_proxy"
2390,https://freesound.org/people/Andrew%20Duke/sounds/2390/,AndrewDuke0045.wav,Andrew Duke,http://creativecommons.org/licenses/by/3.0/,9.80093,44100.0,2,wav,"[""2-bar"", ""busy"", ""electronic"", ""industrial"", ""loop"", ""noise"", ""noisy"", ""panning"", ""pitched"", ""sound-design"", ""sustained""]",another busy 2-bar loop with lots of changeups in dynamic and pitch; done in Native Instruments Reaktor and Adobe Audition,,,,,,false,false,true,true,"duration,music_proxy"
2391,https://freesound.org/people/Andrew%20Duke/sounds/2391/,AndrewDuke0046.wav,Andrew Duke,http://creativecommons.org/licenses/by/3.0/,9.03424,44100.0,2,wav,"[""2-bar"", ""dark"", ""drone"", ""electronic"", ""industrial"", ""loop"", ""pad"", ""sound-design"", ""sustained""]",long dark thick drone with a light resolution extro; done in Native Instruments Reaktor and Adobe Audition,,,,,,false,false,true,true,"duration,music_proxy"
2392,https://freesound.org/people/Andrew%20Duke/sounds/2392/,AndrewDuke0047.wav,Andrew Duke,http://creativecommons.org/licenses/by/3.0/,9.40971,44100.0,2,wav,"[""2-bar"", ""dark"", ""drone"", ""electronic"", ""industrial"", ""loop"", ""processed"", ""sound-design"", ""sustained""]",dark full drone with a light varying drone in the foreground; done with Native Instruments Reaktor and Adobe Audition,,,,,,false,false,true,true,"duration,music_proxy"
2393,https://freesound.org/people/Andrew%20Duke/sounds/2393/,AndrewDuke0048.wav,Andrew Duke,http://creativecommons.org/licenses/by/3.0/,9.93671,44100.0,2,wav,"[""2-bar"", ""dark"", ""drone"", ""electronic"", ""industrial"", ""loop"", ""odd"", ""offbeat"", ""panning"", ""processed"", ""sound-design"", ""sustained"", ""wavering""]",a drone breaking through a squeaky wavering panning frontline; done in Native Instruments Reaktor and Adobe Audition,,,,,,false,false,true,true,"duration,music_proxy"
2394,https://freesound.org/people/Andrew%20Duke/sounds/2394/,AndrewDuke0049.wav,Andrew Duke,http://creativecommons.org/licenses/by/3.0/,8.31186,44100.0,2,wav,"[""2-bar"", ""bees"", ""dark"", ""drone"", ""electronic"", ""industrial"", ""loop"", ""processed"", ""sound-design"", ""swarm"", ""wind""]","no field-recordings used here, but sounds like a swarm of bees fighting the wind; done with Native Instruments Reaktor and Adobe Audition",,,,,,false,false,true,true,"duration,music_proxy"
2395,https://freesound.org/people/Andrew%20Duke/sounds/2395/,AndrewDuke0050.wav,Andrew Duke,http://creativecommons.org/licenses/by/3.0/,9.34449,44100.0,2,wav,"[""2-bar"", ""ambient"", ""dark"", ""drone"", ""electronic"", ""industrial"", ""loop"", ""sound-design""]",more bees fighting in the wind? sound-design done in Native Instruments Reaktor and Adobe Audition,,,,,,false,false,true,true,"duration,music_proxy"
2396,https://freesound.org/people/Andrew%20Duke/sounds/2396/,AndrewDuke0051.wav,Andrew Duke,http://creativecommons.org/licenses/by/3.0/,8.88011,44100.0,2,wav,"[""2-bar"", ""ambient"", ""bees"", ""dark"", ""drone"", ""electronic"", ""industrial"", ""loop"", ""sound-design"", ""swarm"", ""water"", ""wind""]","no bees, or wind, or water used in this, but it does sound like it, though. sound-design done in Native Instruments Reaktor and Adobe Audition.",,,,,,false,false,true,true,"duration,music_proxy"
2397,https://freesound.org/people/Andrew%20Duke/sounds/2397/,AndrewDuke0052.wav,Andrew Duke,http://creativecommons.org/licenses/by/3.0/,9.66451,44100.0,2,wav,"[""2-bar"", ""hiss"", ""loop"", ""noise"", ""panning"", ""processed"", ""sound-design"", ""sustained""]",result sounds like hiss panned; sound-design done in Native Instruments Reaktor and Adobe Audition,,,,,,false,false,true,true,"duration,music_proxy"
2398,https://freesound.org/people/Andrew%20Duke/sounds/2398/,AndrewDuke0053.wav,Andrew Duke,http://creativecommons.org/licenses/by/3.0/,9.81984,44100.0,2,wav,"[""2-bar"", ""ambient"", ""electronic"", ""industrial"", ""loop"", ""odd"", ""panning"", ""sound-design"", ""whistling""]","sound-design done in Native Instruments Reaktor and Adobe Audition; can't remember what I did here, but it sounds sort of like ships travelling in Star Wars",,,,,,false,false,true,true,"duration,music_proxy"
2399,https://freesound.org/people/Andrew%20Duke/sounds/2399/,AndrewDuke0054.wav,Andrew Duke,http://creativecommons.org/licenses/by/3.0/,9.55766,44100.0,2,wav,"[""2-bar"", ""hiss"", ""loop"", ""pitched"", ""processed"", ""sound-design""]","a drone background paired with a foreground squiggle that increases in
speed as the loop progresses; done with Native Instruments Reaktor and Adobe Audition",,,,,,false,false,true,true,"duration,music_proxy"
2400,https://freesound.org/people/Andrew%20Duke/sounds/2400/,AndrewDuke0055.wav,Andrew Duke,http://creativecommons.org/licenses/by/3.0/,8.44311,44100.0,2,wav,"[""2-bar"", ""ambient"", ""busy"", ""dense"", ""electronic"", ""industrial"", ""loop"", ""sound-design""]",busy 2-bar loop with lots of density; done in Native Instruments Reaktor and Adobe Audition,,,,,,false,false,true,true,"duration,music_proxy"
2401,https://freesound.org/people/Andrew%20Duke/sounds/2401/,AndrewDuke0056.wav,Andrew Duke,http://creativecommons.org/licenses/by/3.0/,9.30744,44100.0,2,wav,"[""2-bar"", ""electronic"", ""hiss"", ""industrial"", ""loop"", ""odd"", ""sound-design""]","result sounds like insects, maybe? done with Native Instruments Reaktor and Adobe Audition.",,,,,,false,false,true,true,"duration,music_proxy"
2402,https://freesound.org/people/Andrew%20Duke/sounds/2402/,AndrewDuke0057.wav,Andrew Duke,http://creativecommons.org/licenses/by/3.0/,9.53054,44100.0,2,wav,"[""2-bar"", ""electronic"", ""glitch"", ""industrial"", ""loop"", ""noisy"", ""sound-design"", ""squeaky""]",cartoon-like loop made with Native Instruments Reaktor and Adobe Audition,,,,,,false,false,true,true,"duration,music_proxy"
2403,https://freesound.org/people/Andrew%20Duke/sounds/2403/,AndrewDuke0058.wav,Andrew Duke,http://creativecommons.org/licenses/by/3.0/,8.08077,44100.0,2,wav,"[""2-bar"", ""ambient"", ""busy"", ""electronic"", ""glitch"", ""industrial"", ""loop"", ""sound-design"", ""squeaky""]",more squeaky cartoon-like sounds; done with Native Instruments Reaktor and Adobe Audition,,,,,,false,false,true,true,"duration,music_proxy"
2404,https://freesound.org/people/Andrew%20Duke/sounds/2404/,Crunch1LP.wav,Andrew Duke,http://creativecommons.org/licenses/by/3.0/,1.8,44100.0,2,wav,"[""1-bar"", ""dark"", ""electronic"", ""industrial"", ""loop"", ""noise"", ""noisy"", ""rhythmic""]",noisey 1-bar rhythmic loop made in Native Instruments Reaktor,,,,,,false,false,true,true,"duration,music_proxy"
2405,https://freesound.org/people/Andrew%20Duke/sounds/2405/,Crunch2LP.wav,Andrew Duke,http://creativecommons.org/licenses/by/3.0/,1.8,44100.0,2,wav,"[""1-bar"", ""dark"", ""electronic"", ""industrial"", ""loop"", ""noise"", ""noisy"", ""rhythmic""]",noisey 1-bar rhythmic loop made in Native Instruments Reaktor,,,,,,false,false,true,true,"duration,music_proxy"
2407,https://freesound.org/people/Andrew%20Duke/sounds/2407/,Crunch4LP.wav,Andrew Duke,http://creativecommons.org/licenses/by/3.0/,1.8,44100.0,2,wav,"[""1-bar"", ""dark"", ""electronic"", ""industrial"", ""loop"", ""noise"", ""noisy"", ""rhythmic""]",noisey 1-bar rhythmic loop made in Native Instruments Reaktor,,,,,,false,false,true,true,"duration,music_proxy"
2408,https://freesound.org/people/nicStage/sounds/2408/,frg004.wav,nicStage,https://creativecommons.org/licenses/by/4.0/,2.69351,44100.0,1,wav,"[""lofi"", ""static"", ""voice""]","vinyl-like static with obscure chorus of singers and some incidental
conversation. not really sure where this came from or how it was
created. just something i picked up off the cutting room floor to use
for making the upload tutorial . . . ???",,,,,,false,false,true,true,"duration,music_proxy"
2409,https://freesound.org/people/mr%20chips/sounds/2409/,UK_PARK_ATMOS_DAY.wav,mr chips,http://creativecommons.org/licenses/sampling+/1.0/,73.3628,44100.0,2,wav,"[""atmos"", ""atmosphere"", ""birds"", ""city"", ""daytime"", ""nature"", ""park"", ""train""]","A park atmosphere recorded in North London (UK), daytime (5pm), with a Sennheiser 416 Mic and Sony Minidisk recorder. 6db amplification added in post with Adobe Audition standard plug-ins. Enjoy.
Thanks to everyone who has downloaded and commented. Please remember to post links to your content and credit mr chips ! :D",,,,,,false,true,true,true,music_proxy
2410,https://freesound.org/people/Suva/sounds/2410/,FromE.wav,Suva,http://creativecommons.org/publicdomain/zero/1.0/,4.35313,44100.0,1,wav,"[""effect"", ""guitar"", ""mystic"", ""slide"", ""space""]","Spacey guitar sound, slide from high E string 12th fret up. Added some reverb and delay.",,,,,,false,false,true,true,"duration,music_proxy"
2411,https://freesound.org/people/Andrew%20Duke/sounds/2411/,ad.wav,Andrew Duke,http://creativecommons.org/licenses/by/3.0/,3.82476,44100.0,2,wav,"[""electronic"", ""female"", ""field-recording"", ""hook"", ""loop"", ""processed"", ""rhythmic"", ""sequence"", ""vocal""]","a 4 note keyline with reverb
and delay added (sorry, but i don't have a dry version of this); the
keyline was created by processing a recording of a woman saying ""Andrew
Duke"" taken from a station id for my syndicated net/radio show; done in
Ableton Live and Adobe Audition",,,,,,false,false,true,true,"duration,music_proxy"
2412,https://freesound.org/people/Andrew%20Duke/sounds/2412/,alienlanding.wav,Andrew Duke,http://creativecommons.org/licenses/by/3.0/,7.12696,44100.0,2,wav,"[""drone"", ""electronic"", ""loop"", ""pitched"", ""processed""]",this is a drone i made to simulate the sound of an alien spaceship landing; made with Adobe Audition,,,,,,false,false,true,true,"duration,music_proxy"
2413,https://freesound.org/people/Andrew%20Duke/sounds/2413/,alienlandscape.wav,Andrew Duke,http://creativecommons.org/licenses/by/3.0/,10.3866,44100.0,2,wav,"[""drone"", ""electronic"", ""hook"", ""loop"", ""sequence"", ""sustained""]",this is a soundscape i made in Audiomulch to simulate an alien planet's landscape scene,,,,,,false,false,true,true,"duration,music_proxy"
2415,https://freesound.org/people/Andrew%20Duke/sounds/2415/,breathshiver.wav,Andrew Duke,http://creativecommons.org/licenses/by/3.0/,6.41937,44100.0,2,wav,"[""drone"", ""electronic"", ""hook"", ""loop"", ""processed"", ""sustained""]","this is a drone i made (it has quivers in it, though) to simulate
someone breathing and shivering; made with Adobe Audition and Native
Instruments Reaktor",,,,,,false,false,true,true,"duration,music_proxy"
2416,https://freesound.org/people/Andrew%20Duke/sounds/2416/,bwdfwd.wav,Andrew Duke,http://creativecommons.org/licenses/by/3.0/,4.60417,44100.0,2,wav,"[""electronic"", ""hook"", ""loop"", ""processed"", ""stab""]",a stab that rises and then falls; made in Adobe Audition,,,,,,false,false,true,true,"duration,music_proxy"
2417,https://freesound.org/people/Andrew%20Duke/sounds/2417/,darkwash01.wav,Andrew Duke,http://creativecommons.org/licenses/by/3.0/,3.6,44100.0,2,wav,"[""2-bar"", ""electronic"", ""industrial"", ""loop"", ""rhythmic""]",not really a wash; dark rhythmic loop; made in Adobe Audition,,,,,,false,false,true,true,"duration,music_proxy"
2418,https://freesound.org/people/Andrew%20Duke/sounds/2418/,darkwash02.wav,Andrew Duke,http://creativecommons.org/licenses/by/3.0/,3.6,44100.0,2,wav,"[""1-bar"", ""electronic"", ""industrial"", ""loop"", ""rhythmic""]",similar name to darkwash01 but totally different sound (though similiar vibe); dark and rhythmic loop; made in Adobe Audition,,,,,,false,false,true,true,"duration,music_proxy"
2419,https://freesound.org/people/Andrew%20Duke/sounds/2419/,darkwash03.wav,Andrew Duke,http://creativecommons.org/licenses/by/3.0/,3.6,44100.0,2,wav,"[""1-bar"", ""dark"", ""eerie"", ""electronic"", ""industrial"", ""loop""]",eerie slow stablike rhythmic loop; used it in a horror film i scored a while back; made in Adobe Audition,,,,,,false,false,true,true,"duration,music_proxy"
2420,https://freesound.org/people/Andrew%20Duke/sounds/2420/,darkwash04.wav,Andrew Duke,http://creativecommons.org/licenses/by/3.0/,3.6,44100.0,2,wav,"[""1-bar"", ""dark"", ""electronic"", ""industrial"", ""loop"", ""processed""]",grungy rhythmic loop; made in Adobe Audition,,,,,,false,false,true,true,"duration,music_proxy"
2421,https://freesound.org/people/Andrew%20Duke/sounds/2421/,deathknell.wav,Andrew Duke,http://creativecommons.org/licenses/by/3.0/,16.8536,44100.0,2,wav,"[""brass"", ""field-recording"", ""horn"", ""military"", ""trumpet""]","this is a field-recording of ""taps"" being played at a Remembrance Day
service for veterans i recorded quite a few years back in Great Village
NS (where I grew up)",,,,,,false,false,true,true,"duration,music_proxy"
2422,https://freesound.org/people/Andrew%20Duke/sounds/2422/,dirt.wav,Andrew Duke,http://creativecommons.org/licenses/by/3.0/,5.95016,44100.0,2,wav,"[""1-bar"", ""click"", ""dark"", ""drone"", ""glitch"", ""loop"", ""processed""]",one of my favorite sounds: a dark glitchy drone; made in Adobe Audition,,,,,,false,false,true,true,"duration,music_proxy"
2423,https://freesound.org/people/Andrew%20Duke/sounds/2423/,doop.wav,Andrew Duke,http://creativecommons.org/licenses/by/3.0/,0.55737,44100.0,2,wav,"[""electronic"", ""stab"", ""warm""]",a warm electronic stab; maybe spread it across an octave on a keyboard and play a hook from it; made in Adobe Audition,,,,,,false,false,true,true,"duration,music_proxy"
2424,https://freesound.org/people/Andrew%20Duke/sounds/2424/,echoes.wav,Andrew Duke,http://creativecommons.org/licenses/by/3.0/,5.19338,44100.0,2,wav,"[""2-bar"", ""echoes"", ""electronic"", ""hook"", ""loop"", ""processed"", ""sequence""]",an echoey hook with a shivery sort of feel to it; made in Adobe Audition,,,,,,false,false,true,true,"duration,music_proxy"
2425,https://freesound.org/people/Andrew%20Duke/sounds/2425/,eeriepiano01.wav,Andrew Duke,http://creativecommons.org/licenses/by/3.0/,10.825,44100.0,2,wav,"[""dark"", ""eerie"", ""electronic"", ""loop"", ""piano"", ""processed"", ""sequence""]",a processed piano loop from a horror film i scored; made with Native Instruments Kontakt and Adobe Audition,,,,,,false,false,true,true,"duration,music_proxy"
2426,https://freesound.org/people/Andrew%20Duke/sounds/2426/,eeriepiano02.wav,Andrew Duke,http://creativecommons.org/licenses/by/3.0/,10.825,44100.0,2,wav,"[""dark"", ""eerie"", ""electronic"", ""loop"", ""piano"", ""processed"", ""sequence""]",a similar processed piano loop from a horror film i scored; made with Native Instruments Kontakt and Adobe Audition,,,,,,false,false,true,true,"duration,music_proxy"
2427,https://freesound.org/people/Andrew%20Duke/sounds/2427/,electrical.wav,Andrew Duke,http://creativecommons.org/licenses/by/3.0/,1.61111,44100.0,2,wav,"[""1-bar"", ""click"", ""dark"", ""electronic"", ""glitch"", ""industrial"", ""loop"", ""processed""]",a glitchy clicky rhythmic 1-bar loop; made in Audiomulch and Adobe Audition,,,,,,false,false,true,true,"duration,music_proxy"
2428,https://freesound.org/people/Andrew%20Duke/sounds/2428/,fadewash.wav,Andrew Duke,http://creativecommons.org/licenses/by/3.0/,7.7895,44100.0,2,wav,"[""1-bar"", ""dark"", ""electronic"", ""hook"", ""keys"", ""loop"", ""processed"", ""sequence""]",a dark drowsy stab from a horror film i scored; made in Native Instruments Kontakt and Adobe Audition,,,,,,false,false,true,true,"duration,music_proxy"
2429,https://freesound.org/people/Andrew%20Duke/sounds/2429/,fiddle 01.wav,Andrew Duke,http://creativecommons.org/licenses/by/3.0/,3.81968,44100.0,2,wav,"[""fiddle"", ""field-recording"", ""melody""]",an excerpt from a recording session i did with a fiddler for a tv commercial i scored,,,,,,false,false,true,true,"duration,music_proxy"
2430,https://freesound.org/people/Andrew%20Duke/sounds/2430/,fiddle 02.wav,Andrew Duke,http://creativecommons.org/licenses/by/3.0/,1.89664,44100.0,2,wav,"[""fiddle"", ""field-recording"", ""melody""]",another excerpt from a recording session i did with a fiddler for a tv commercial i scored,,,,,,false,false,true,true,"duration,music_proxy"
2431,https://freesound.org/people/Andrew%20Duke/sounds/2431/,fiddle 03.wav,Andrew Duke,http://creativecommons.org/licenses/by/3.0/,8.96921,44100.0,2,wav,"[""fiddle"", ""field-recording"", ""melody"", ""processed""]","another fiddle recording, this one less melodic and with a bit of subtle processing",,,,,,false,false,true,true,"duration,music_proxy"
2432,https://freesound.org/people/Andrew%20Duke/sounds/2432/,fiddle melody 01.wav,Andrew Duke,http://creativecommons.org/licenses/by/3.0/,11.4079,44100.0,2,wav,"[""fiddle"", ""field-recording"", ""melody""]",more fiddle,,,,,,false,false,true,true,"duration,music_proxy"
2433,https://freesound.org/people/Andrew%20Duke/sounds/2433/,fiddle melody 02.wav,Andrew Duke,http://creativecommons.org/licenses/by/3.0/,3.34562,44100.0,2,wav,"[""fiddle"", ""field-recording"", ""melody""]",even more fiddle,,,,,,false,false,true,true,"duration,music_proxy"
2434,https://freesound.org/people/Andrew%20Duke/sounds/2434/,fiddle melody 03.wav,Andrew Duke,http://creativecommons.org/licenses/by/3.0/,3.80941,44100.0,2,wav,"[""fiddle"", ""field-recording"", ""melody""]",and even more fiddle,,,,,,false,false,true,true,"duration,music_proxy"
2435,https://freesound.org/people/Andrew%20Duke/sounds/2435/,fiddle melody 04.wav,Andrew Duke,http://creativecommons.org/licenses/by/3.0/,14.6494,44100.0,2,wav,"[""fiddle"", ""field-recording"", ""melody""]",yet more fiddle,,,,,,false,false,true,true,"duration,music_proxy"
2436,https://freesound.org/people/Andrew%20Duke/sounds/2436/,fiddle melody 05.wav,Andrew Duke,http://creativecommons.org/licenses/by/3.0/,4.5795,44100.0,2,wav,"[""fiddle"", ""field-recording"", ""melody"", ""mert""]","here the fiddler is picking the strings with his fingers as opposed to
bowing it (as is heard in my other fiddle samples on this site)",,,,,,false,false,true,true,"duration,music_proxy"
2437,https://freesound.org/people/nicStage/sounds/2437/,HammerDoneLoopFS.wav,nicStage,https://creativecommons.org/licenses/by/4.0/,2.56497,44100.0,2,wav,"[""guitar"", ""loop"", ""musical"", ""processed"", ""sitar""]","heavily processed sitar / guitar / faint drum loop from a davenport
song. davenport is a musical project of 5 people generally. including
me :-)",,,,,,false,false,true,true,"duration,music_proxy"
2438,https://freesound.org/people/nicStage/sounds/2438/,lockdown.wav,nicStage,https://creativecommons.org/licenses/by/4.0/,7.97617,44100.0,2,wav,"[""beat"", ""drums"", ""loop"", ""noise"", ""percussion""]","drum set mic'd
and amplified in the same room. drums beaten with barbaric simplicity
while amplifier feeds back . . . sourced from a riotous studio session
with goblins . . .",,,,,,false,false,true,true,"duration,music_proxy"
2439,https://freesound.org/people/nicStage/sounds/2439/,lockdownBots.wav,nicStage,https://creativecommons.org/licenses/by/4.0/,2.79583,44100.0,2,wav,"[""drum"", ""glitch"", ""percussion"", ""processed""]",processed organ / snare / lite ride cymbal.  broken computer like feeling.  sourced from an abandoned studio session . . .,,,,,,false,false,true,true,"duration,music_proxy"
2440,https://freesound.org/people/nicStage/sounds/2440/,ttt.wav,nicStage,https://creativecommons.org/licenses/by/4.0/,6.73927,44100.0,1,wav,"[""drone"", ""processed"", ""sound-design"", ""voice""]",voice with acoustic guitar heavily processed and loop formatted.  drone of my voice . . .,,,,,,false,false,true,true,"duration,music_proxy"
2441,https://freesound.org/people/kerrydan/sounds/2441/,Ghost_Story.ogg,kerrydan,http://creativecommons.org/licenses/by/3.0/,70.0317,44100.0,1,ogg,"[""child"", ""ghost"", ""spoken"", ""story"", ""voice""]","Recording made in December 1983. 7-year old boy, improvising a ghost story.
Recorded on an old cassette recorder with built-in mic. Audible background noise.",,,,,,false,true,true,true,music_proxy
2442,https://freesound.org/people/Suva/sounds/2442/,AndrewDuke0016_mod.wav,Suva,http://creativecommons.org/publicdomain/zero/1.0/,1.45222,44100.0,2,wav,"[""drone"", ""loop"", ""noise""]","Remix of Andrew Duke sample: only the bit modified bassy part.

It is rhythmic type of rumbling with some higher crackles.",,,,,,false,false,true,true,"duration,music_proxy"
2443,https://freesound.org/people/equallyunequal/sounds/2443/,rumblesqueal.wav,equallyunequal,http://creativecommons.org/licenses/by/3.0/,5.0,44100.0,2,wav,"[""bass"", ""drone"", ""rumble""]",Low frequency rumble with a higher frequency drone (i guess you would call it)... ,,,,,,false,false,true,true,"duration,music_proxy"
2444,https://freesound.org/people/abductionlogic/sounds/2444/,Lighter.mp3,abductionlogic,http://creativecommons.org/publicdomain/zero/1.0/,11.0378,44100.0,2,mp3,"[""clicks"", ""field-recording"", ""noise""]","Lighter clicking with delay and reverb. Bad mic, so a bit of noise.",,,,,,false,false,true,true,"duration,music_proxy"
2445,https://freesound.org/people/abductionlogic/sounds/2445/,Noise.wav,abductionlogic,http://creativecommons.org/publicdomain/zero/1.0/,54.0049,22050.0,1,wav,"[""broken-microphone"", ""noise""]",Just a bad mic.,,,,,,false,true,true,true,music_proxy
2446,https://freesound.org/people/abductionlogic/sounds/2446/,Waterverb.mp3,abductionlogic,http://creativecommons.org/publicdomain/zero/1.0/,11.0378,44100.0,2,mp3,"[""broken"", ""lo-fi"", ""noise"", ""water""]","Water pouring with a noise gate, delay, and reverb. ",,,,,,false,false,true,true,"duration,music_proxy"
2447,https://freesound.org/people/abductionlogic/sounds/2447/,feedback.wav,abductionlogic,http://creativecommons.org/publicdomain/zero/1.0/,23.5021,22050.0,1,wav,"[""noise""]",Exactly what it says.,,,,,,false,false,true,true,"duration,music_proxy"
2448,https://freesound.org/people/Jovica/sounds/2448/,STAB 001 mastered 16 bit.wav,Jovica,https://creativecommons.org/licenses/by/4.0/,1.00007,44100.0,2,wav,"[""cartoon"", ""electronic"", ""percussive"", ""short"", ""stab""]","A short sound that could be coming form a cartoon. Created with Metaphysical Function from Native
Instruments. Further edited using Cubase SX and mastered using Wavelab.",,,,,,false,false,true,true,"duration,music_proxy"
2449,https://freesound.org/people/Jovica/sounds/2449/,STAB 002 mastered 16 bit.wav,Jovica,https://creativecommons.org/licenses/by/4.0/,1.00007,44100.0,2,wav,"[""electronic"", ""melodic"", ""spacey"", ""stab""]","An spacy electronic sound burst with some melody in it. Created with Metaphysical Function from Native
Instruments. Further edited using Cubase SX and mastered using Wavelab.",,,,,,false,false,true,true,"duration,music_proxy"
2450,https://freesound.org/people/Jovica/sounds/2450/,STAB 003 mastered 16 bit.wav,Jovica,https://creativecommons.org/licenses/by/4.0/,1.00007,44100.0,2,wav,"[""electronic"", ""melodic"", ""spacey"", ""stab""]","An spacy electronic sound burst with some melody in it. Created with Metaphysical Function from Native
Instruments. Further edited using Cubase SX and mastered using Wavelab.",,,,,,false,false,true,true,"duration,music_proxy"
2451,https://freesound.org/people/Jovica/sounds/2451/,STAB 004 mastered 16 bit.wav,Jovica,https://creativecommons.org/licenses/by/4.0/,1.00007,44100.0,2,wav,"[""electronic"", ""melodic"", ""spacey"", ""stab""]","An spacy electronic sound burst with some melody in it. Created with Metaphysical Function from Native
Instruments. Further edited using Cubase SX and mastered using Wavelab.",,,,,,false,false,true,true,"duration,music_proxy"
2452,https://freesound.org/people/Jovica/sounds/2452/,STAB 005 mastered 16 bit.wav,Jovica,https://creativecommons.org/licenses/by/4.0/,1.00007,44100.0,2,wav,"[""electronic"", ""melodic"", ""spacey"", ""stab""]","An spacy electronic sound burst with some melody in it. Created with Metaphysical Function from Native
Instruments. Further edited using Cubase SX and mastered using Wavelab.",,,,,,false,false,true,true,"duration,music_proxy"
2453,https://freesound.org/people/Jovica/sounds/2453/,STAB 006 mastered 16 bit.wav,Jovica,https://creativecommons.org/licenses/by/4.0/,1.00007,44100.0,2,wav,"[""electronic"", ""mallet"", ""metallic"", ""percussion""]","An short electronic mallet like glassy metallic sound. Created with Metaphysical Function from Native
Instruments. Further edited using Cubase SX and mastered using Wavelab.",,,,,,false,false,true,true,"duration,music_proxy"
2454,https://freesound.org/people/Jovica/sounds/2454/,STAB 007 mastered 16 bit.wav,Jovica,https://creativecommons.org/licenses/by/4.0/,1.00007,44100.0,2,wav,"[""alarm"", ""spacey""]","A spacy alarm sound. Created with Metaphysical Function from Native
Instruments. Further edited using Cubase SX and mastered using Wavelab.",,,,,,false,false,true,true,"duration,music_proxy"
2455,https://freesound.org/people/Jovica/sounds/2455/,STAB 008 mastered 16 bit.wav,Jovica,https://creativecommons.org/licenses/by/4.0/,1.00007,44100.0,2,wav,"[""electronic"", ""percussion""]","An electronic percussive sound. Created with Metaphysical Function from Native
Instruments. Further edited using Cubase SX and mastered using Wavelab.",,,,,,false,false,true,true,"duration,music_proxy"
2456,https://freesound.org/people/Jovica/sounds/2456/,STAB 009 mastered 16 bit.wav,Jovica,https://creativecommons.org/licenses/by/4.0/,1.00007,44100.0,2,wav,"[""electronic"", ""percussion""]","An electronic percussive sound. Created with Metaphysical Function from Native
Instruments. Further edited using Cubase SX and mastered using Wavelab.",,,,,,false,false,true,true,"duration,music_proxy"
2457,https://freesound.org/people/Jovica/sounds/2457/,STAB 021 mastered 16 bit.wav,Jovica,https://creativecommons.org/licenses/by/4.0/,1.00005,44100.0,2,wav,"[""effect"", ""electronic"", ""percussion""]","An electronic percussive sound. Created with Metaphysical Function from Native
Instruments. Further edited using Cubase SX and mastered using Wavelab.",,,,,,false,false,true,true,"duration,music_proxy"
2458,https://freesound.org/people/Jovica/sounds/2458/,STAB 022 mastered 16 bit.wav,Jovica,https://creativecommons.org/licenses/by/4.0/,1.00005,44100.0,2,wav,"[""electronic"", ""percussion"", ""short""]","A short percussive sound. Created with Metaphysical Function from Native
Instruments. Further edited using Cubase SX and mastered using Wavelab.",,,,,,false,false,true,true,"duration,music_proxy"
2459,https://freesound.org/people/Jovica/sounds/2459/,STAB 023 mastered 16 bit.wav,Jovica,https://creativecommons.org/licenses/by/4.0/,1.00005,44100.0,2,wav,"[""electronic"", ""percussion"", ""short""]","A short percussive sound. Created with Metaphysical Function from Native
Instruments. Further edited using Cubase SX and mastered using Wavelab.",,,,,,false,false,true,true,"duration,music_proxy"
2460,https://freesound.org/people/Jovica/sounds/2460/,STAB 024 mastered 16 bit.wav,Jovica,https://creativecommons.org/licenses/by/4.0/,1.00005,44100.0,2,wav,"[""burst"", ""effect"", ""electronic"", ""industrial""]","An industrial electronic effect. Created with Metaphysical Function from Native
Instruments. Further edited using Cubase SX and mastered using Wavelab.",,,,,,false,false,true,true,"duration,music_proxy"
2461,https://freesound.org/people/Jovica/sounds/2461/,STAB 025 mastered 16 bit.wav,Jovica,https://creativecommons.org/licenses/by/4.0/,1.00005,44100.0,2,wav,"[""electronic"", ""industrial"", ""percussion""]","An industrial percussive sound burst. Created with Metaphysical Function from Native
Instruments. Further edited using Cubase SX and mastered using Wavelab.",,,,,,false,false,true,true,"duration,music_proxy"
2462,https://freesound.org/people/Jovica/sounds/2462/,STAB 026 mastered 16 bit.wav,Jovica,https://creativecommons.org/licenses/by/4.0/,1.00005,44100.0,2,wav,"[""drums"", ""electronic"", ""industrial"", ""percussion""]","An electronic industrial percussive drum sound. Created with Metaphysical Function from Native
Instruments. Further edited using Cubase SX and mastered using Wavelab.",,,,,,false,false,true,true,"duration,music_proxy"
2463,https://freesound.org/people/Jovica/sounds/2463/,STAB 027 mastered 16 bit.wav,Jovica,https://creativecommons.org/licenses/by/4.0/,1.00005,44100.0,2,wav,"[""electronic"", ""horror"", ""industrial"", ""percussion""]","An electronic scary sound. Created with Metaphysical Function from Native
Instruments. Further edited using Cubase SX and mastered using Wavelab.",,,,,,false,false,true,true,"duration,music_proxy"
2464,https://freesound.org/people/Jovica/sounds/2464/,STAB 028 mastered 16 bit.wav,Jovica,https://creativecommons.org/licenses/by/4.0/,1.00005,44100.0,2,wav,"[""effect"", ""electronic"", ""industrial"", ""spacey""]","An electronic, spacy and industrial effect sound. Created with Metaphysical Function from Native
Instruments. Further edited using Cubase SX and mastered using Wavelab.",,,,,,false,false,true,true,"duration,music_proxy"
2465,https://freesound.org/people/Jovica/sounds/2465/,STAB 029 mastered 16 bit.wav,Jovica,https://creativecommons.org/licenses/by/4.0/,1.00005,44100.0,2,wav,"[""effect"", ""electronic"", ""percussion"", ""short""]","A short electronic percussive sound burst. Created with Metaphysical Function from Native
Instruments. Further edited using Cubase SX and mastered using Wavelab.",,,,,,false,false,true,true,"duration,music_proxy"
2466,https://freesound.org/people/Jovica/sounds/2466/,STAB 030 mastered 16 bit.wav,Jovica,https://creativecommons.org/licenses/by/4.0/,1.00005,44100.0,2,wav,"[""electronic"", ""percussion"", ""short""]","A short percussive sound. Created with Metaphysical Function from Native
Instruments. Further edited using Cubase SX and mastered using Wavelab.",,,,,,false,false,true,true,"duration,music_proxy"
2467,https://freesound.org/people/Jovica/sounds/2467/,STAB 031 mastered 16 bit.wav,Jovica,https://creativecommons.org/licenses/by/4.0/,1.00005,44100.0,2,wav,"[""electronic"", ""percussion"", ""short""]","A short percussive sound. Created with Metaphysical Function from Native
Instruments. Further edited using Cubase SX and mastered using Wavelab.",,,,,,false,false,true,true,"duration,music_proxy"
2468,https://freesound.org/people/Jovica/sounds/2468/,STAB 032 mastered 16 bit.wav,Jovica,https://creativecommons.org/licenses/by/4.0/,1.00005,44100.0,2,wav,"[""effect"", ""electronic"", ""spacey""]","A short electronic spacy effect lasting exactly 1 second. Created with Metaphysical Function from Native
Instruments. Further edited using Cubase SX and mastered using Wavelab.",,,,,,false,false,true,true,"duration,music_proxy"
2469,https://freesound.org/people/Jovica/sounds/2469/,STAB 033 mastered 16 bit.wav,Jovica,https://creativecommons.org/licenses/by/4.0/,1.00005,44100.0,2,wav,"[""effect"", ""electronic"", ""spacey""]","A short electronic spacy effect lasting exactly 1 second. Created with Metaphysical Function from Native
Instruments. Further edited using Cubase SX and mastered using Wavelab.",,,,,,false,false,true,true,"duration,music_proxy"
2470,https://freesound.org/people/Jovica/sounds/2470/,STAB 034 mastered 16 bit.wav,Jovica,https://creativecommons.org/licenses/by/4.0/,1.00005,44100.0,2,wav,"[""effect"", ""electronic"", ""spacey""]","A short electronic spacy effect lasting exactly 1 second. Created with Metaphysical Function from Native
Instruments. Further edited using Cubase SX and mastered using Wavelab.",,,,,,false,false,true,true,"duration,music_proxy"
2471,https://freesound.org/people/Jovica/sounds/2471/,STAB 035 mastered 16 bit.wav,Jovica,https://creativecommons.org/licenses/by/4.0/,1.00005,44100.0,2,wav,"[""effect"", ""electronic"", ""spacey""]","A short electronic spacy effect lasting exactly 1 second. Created with Metaphysical Function from Native
Instruments. Further edited using Cubase SX and mastered using Wavelab.",,,,,,false,false,true,true,"duration,music_proxy"
2472,https://freesound.org/people/Jovica/sounds/2472/,STAB 036 mastered 16 bit.wav,Jovica,https://creativecommons.org/licenses/by/4.0/,1.00005,44100.0,2,wav,"[""effect"", ""electronic"", ""spacey""]","A short electronic spacy effect lasting exactly 1 second. Created with Metaphysical Function from Native
Instruments. Further edited using Cubase SX and mastered using Wavelab.",,,,,,false,false,true,true,"duration,music_proxy"
2473,https://freesound.org/people/Jovica/sounds/2473/,STAB 037 mastered 16 bit.wav,Jovica,https://creativecommons.org/licenses/by/4.0/,1.00005,44100.0,2,wav,"[""electronic"", ""industrial"", ""percussion""]","A low industrial electronic percussive sound. Created with Metaphysical Function from Native
Instruments. Further edited using Cubase SX and mastered using Wavelab.",,,,,,false,false,true,true,"duration,music_proxy"
2474,https://freesound.org/people/Jovica/sounds/2474/,STAB 038 mastered 16 bit.wav,Jovica,https://creativecommons.org/licenses/by/4.0/,1.00005,44100.0,2,wav,"[""electronic"", ""industrial"", ""percussion""]","A low industrial electronic percussive sound with some high frequency
content too. Created with Metaphysical Function from Native
Instruments. Further edited using Cubase SX and mastered using Wavelab.",,,,,,false,false,true,true,"duration,music_proxy"
2475,https://freesound.org/people/Jovica/sounds/2475/,STAB 039 mastered 16 bit.wav,Jovica,https://creativecommons.org/licenses/by/4.0/,1.00005,44100.0,2,wav,"[""electronic"", ""industrial"", ""percussion""]","A short industrial electronic sound, mainly low frequencies. Created with Metaphysical Function from Native
Instruments. Further edited using Cubase SX and mastered using Wavelab.",,,,,,false,false,true,true,"duration,music_proxy"
2476,https://freesound.org/people/Jovica/sounds/2476/,STAB 040 mastered 16 bit.wav,Jovica,https://creativecommons.org/licenses/by/4.0/,1.00005,44100.0,2,wav,"[""effect"", ""electronic""]","An electronic effect with a little pitch sweep but mostly low frequency content. Created with Metaphysical Function from Native
Instruments. Further edited using Cubase SX and mastered using Wavelab.",,,,,,false,false,true,true,"duration,music_proxy"
2477,https://freesound.org/people/Jovica/sounds/2477/,STAB 041 mastered 16 bit.wav,Jovica,https://creativecommons.org/licenses/by/4.0/,1.00005,44100.0,2,wav,"[""effect"", ""electronic"", ""percussion""]","An electronic effect sound, could be used as synthetic drum sound. Created with Metaphysical Function from Native
Instruments. Further edited using Cubase SX and mastered using Wavelab.",,,,,,false,false,true,true,"duration,music_proxy"
2478,https://freesound.org/people/Jovica/sounds/2478/,STAB 042 mastered 16 bit.wav,Jovica,https://creativecommons.org/licenses/by/4.0/,1.00005,44100.0,2,wav,"[""electronic"", ""percussion"", ""short""]","A short percussive sound. Created with Metaphysical Function from Native
Instruments. Further edited using Cubase SX and mastered using Wavelab.",,,,,,false,false,true,true,"duration,music_proxy"
2479,https://freesound.org/people/Jovica/sounds/2479/,STAB 043 mastered 16 bit.wav,Jovica,https://creativecommons.org/licenses/by/4.0/,1.00005,44100.0,2,wav,"[""electronic"", ""percussion"", ""short""]","A short percussive sound. Created with Metaphysical Function from Native
Instruments. Further edited using Cubase SX and mastered using Wavelab.",,,,,,false,false,true,true,"duration,music_proxy"
2480,https://freesound.org/people/Jovica/sounds/2480/,STAB 044 mastered 16 bit.wav,Jovica,https://creativecommons.org/licenses/by/4.0/,1.00005,44100.0,2,wav,"[""electronic"", ""percussion""]","A longer electronic percussion sound. Created with Metaphysical Function from Native
Instruments. Further edited using Cubase SX and mastered using Wavelab.",,,,,,false,false,true,true,"duration,music_proxy"
2481,https://freesound.org/people/Jovica/sounds/2481/,STAB 045 mastered 16 bit.wav,Jovica,https://creativecommons.org/licenses/by/4.0/,1.00005,44100.0,2,wav,"[""electronic"", ""industrial"", ""sonar""]","An electronic industrial sound, resembling sonar sound, but with more
low frequency content. Created with Metaphysical Function from Native
Instruments. Further edited using Cubase SX and mastered using Wavelab.",,,,,,false,false,true,true,"duration,music_proxy"
2482,https://freesound.org/people/Jovica/sounds/2482/,STAB 046 mastered 16 bit.wav,Jovica,https://creativecommons.org/licenses/by/4.0/,1.00005,44100.0,2,wav,"[""electronic"", ""industrial"", ""sonar""]","En electronic industrial sound,  resembling sonar sound, but shorter than ""STAB 045 mastered 16 bit.wav"" from the same package. Created with Metaphysical Function from Native
Instruments. Further edited using Cubase SX and mastered using Wavelab.",,,,,,false,false,true,true,"duration,music_proxy"
2483,https://freesound.org/people/Jovica/sounds/2483/,STAB 047 mastered 16 bit.wav,Jovica,https://creativecommons.org/licenses/by/4.0/,1.00005,44100.0,2,wav,"[""electronic"", ""percussion"", ""short""]","A short percussive sound. Created with Metaphysical Function from Native
Instruments. Further edited using Cubase SX and mastered using Wavelab.",,,,,,false,false,true,true,"duration,music_proxy"
2484,https://freesound.org/people/Jovica/sounds/2484/,STAB 048 mastered 16 bit.wav,Jovica,https://creativecommons.org/licenses/by/4.0/,1.00005,44100.0,2,wav,"[""effect"", ""electronic"", ""percussion""]","A electronic effect sound that could be used for synthetic drumming. Created with Metaphysical Function from Native
Instruments. Further edited using Cubase SX and mastered using Wavelab.",,,,,,false,false,true,true,"duration,music_proxy"
2485,https://freesound.org/people/Jovica/sounds/2485/,STAB 049 mastered 16 bit.wav,Jovica,https://creativecommons.org/licenses/by/4.0/,1.00005,44100.0,2,wav,"[""effect"", ""electronic"", ""percussion""]","A short electronic effect, could be used in a future drumkit. Created with Metaphysical Function from Native
Instruments. Further edited using Cubase SX and mastered using Wavelab.",,,,,,false,false,true,true,"duration,music_proxy"
2486,https://freesound.org/people/Jovica/sounds/2486/,STAB 050 mastered 16 bit.wav,Jovica,https://creativecommons.org/licenses/by/4.0/,1.00005,44100.0,2,wav,"[""effect"", ""electronic"", ""spacey""]","A spacy
electronic effect, will be used in 2456 in a science fiction movie, as
the sound of footsteps on the third planet of star 235948 in the
Andromeda stellar system by the seven legged creatures who live there.
Created with Metaphysical Function from Native
Instruments. Further edited using Cubase SX and mastered using Wavelab.",,,,,,false,false,true,true,"duration,music_proxy"
2487,https://freesound.org/people/oscillator/sounds/2487/,Kick04.wav,oscillator,https://creativecommons.org/licenses/by/4.0/,1.00957,44100.0,2,wav,"[""hard-trance"", ""hardstyle"", ""kick""]",Hard thump with short reverb... -=16 bit 44.1 kHz,,,,,,false,false,true,true,"duration,music_proxy"
2488,https://freesound.org/people/oscillator/sounds/2488/,Kick06.wav,oscillator,https://creativecommons.org/licenses/by/4.0/,0.972336,44100.0,1,wav,"[""hard-trance"", ""hardstyle"", ""kick""]",Shakey electronic thud... -=16 bit 44.1 kHz,,,,,,false,false,true,true,"duration,music_proxy"
2489,https://freesound.org/people/Jovica/sounds/2489/,STAB 010 mastered 16 bit from pack 02.wav,Jovica,https://creativecommons.org/licenses/by/4.0/,1.00005,44100.0,2,wav,"[""effect"", ""electronic"", ""industrial"", ""spacey""]","An electronic effect composed of different frequencies. Difficult to
describe, but perfectly suitable for a drum kit created on Mars, or
Pluto. Created with Metaphysical Function from Native
Instruments. Further edited using Cubase SX and mastered using Wavelab.",,,,,,false,false,true,true,"duration,music_proxy"
2490,https://freesound.org/people/Jovica/sounds/2490/,STAB 011 mastered 16 bit from pack 02.wav,Jovica,https://creativecommons.org/licenses/by/4.0/,1.00005,44100.0,2,wav,"[""effect"", ""electronic"", ""industrial"", ""spacey""]","An electronic effect composed of different frequencies. Difficult to
describe, but perfectly suitable for a drum kit created on Mars, or
Pluto. Created with Metaphysical Function from Native
Instruments. Further edited using Cubase SX and mastered using Wavelab.",,,,,,false,false,true,true,"duration,music_proxy"
2491,https://freesound.org/people/Jovica/sounds/2491/,STAB 012 mastered 16 bit from pack 02.wav,Jovica,https://creativecommons.org/licenses/by/4.0/,1.00005,44100.0,2,wav,"[""electronic"", ""percussion"", ""short""]","A short electronic sound, usefull as percussion sound for a synthetic drum kit. Created with Metaphysical Function from Native
Instruments. Further edited using Cubase SX and mastered using Wavelab.",,,,,,false,false,true,true,"duration,music_proxy"
2492,https://freesound.org/people/Jovica/sounds/2492/,STAB 013 mastered 16 bit from pack 02.wav,Jovica,https://creativecommons.org/licenses/by/4.0/,1.00005,44100.0,2,wav,"[""effect"", ""electronic"", ""industrial"", ""spacey""]","An electronic effect composed of different frequencies. Difficult to
describe, but perfectly suitable for a drum kit created on Mars, or
Pluto. Created with Metaphysical Function from Native
Instruments. Further edited using Cubase SX and mastered using Wavelab.",,,,,,false,false,true,true,"duration,music_proxy"
2493,https://freesound.org/people/Jovica/sounds/2493/,STAB 014 mastered 16 bit from pack 02.wav,Jovica,https://creativecommons.org/licenses/by/4.0/,1.00005,44100.0,2,wav,"[""effect"", ""electronic"", ""industrial"", ""spacey""]","An electronic effect composed of different frequencies. Difficult to
describe, but perfectly suitable for a drum kit created on Mars, or
Pluto. Created with Metaphysical Function from Native
Instruments. Further edited using Cubase SX and mastered using Wavelab.",,,,,,false,false,true,true,"duration,music_proxy"
2494,https://freesound.org/people/Jovica/sounds/2494/,STAB 015 mastered 16 bit from pack 02.wav,Jovica,https://creativecommons.org/licenses/by/4.0/,1.00005,44100.0,2,wav,"[""effect"", ""electronic"", ""industrial"", ""spacey""]","An electronic effect composed of different frequencies. Difficult to
describe, but perfectly suitable for a drum kit created on Mars, or
Pluto. Created with Metaphysical Function from Native
Instruments. Further edited using Cubase SX and mastered using Wavelab.",,,,,,false,false,true,true,"duration,music_proxy"
2495,https://freesound.org/people/Jovica/sounds/2495/,STAB 016 mastered 16 bit from pack 02.wav,Jovica,https://creativecommons.org/licenses/by/4.0/,1.00005,44100.0,2,wav,"[""effect"", ""electronic"", ""industrial"", ""spacey""]","An electronic effect composed of different frequencies. Difficult to
describe, but perfectly suitable for a drum kit created on Mars, or
Pluto. Created with Metaphysical Function from Native
Instruments. Further edited using Cubase SX and mastered using Wavelab.",,,,,,false,false,true,true,"duration,music_proxy"
2496,https://freesound.org/people/Jovica/sounds/2496/,STAB 017 mastered 16 bit from pack 02.wav,Jovica,https://creativecommons.org/licenses/by/4.0/,1.00005,44100.0,2,wav,"[""electronic"", ""percussion"", ""short""]","A short electronic sound, usefull as percussion sound for a synthetic drum kit. Created with Metaphysical Function from Native
Instruments. Further edited using Cubase SX and mastered using Wavelab.",,,,,,false,false,true,true,"duration,music_proxy"
2497,https://freesound.org/people/Jovica/sounds/2497/,STAB 018 mastered 16 bit from pack 02.wav,Jovica,https://creativecommons.org/licenses/by/4.0/,1.00005,44100.0,2,wav,"[""electronic"", ""percussion"", ""short""]","A short electronic sound, usefull as percussion sound for a synthetic drum kit. Created with Metaphysical Function from Native
Instruments. Further edited using Cubase SX and mastered using Wavelab.",,,,,,false,false,true,true,"duration,music_proxy"
2498,https://freesound.org/people/Jovica/sounds/2498/,STAB 019 mastered 16 bit from pack 02.wav,Jovica,https://creativecommons.org/licenses/by/4.0/,1.00005,44100.0,2,wav,"[""electronic"", ""percussion"", ""short""]","An electronic sound, usefull as percussion sound for a synthetic drum kit. Created with Metaphysical Function from Native
Instruments. Further edited using Cubase SX and mastered using Wavelab.",,,,,,false,false,true,true,"duration,music_proxy"
2499,https://freesound.org/people/Jovica/sounds/2499/,STAB 020 mastered 16 bit from pack 02.wav,Jovica,https://creativecommons.org/licenses/by/4.0/,1.00005,44100.0,2,wav,"[""electronic"", ""percussion""]","An electronic sound with a one second decay time, usefull as percussion
sound for a synthetic drum kit. Created with Metaphysical Function from
Native
Instruments. Further edited using Cubase SX and mastered using Wavelab.",,,,,,false,false,true,true,"duration,music_proxy"
2502,https://freesound.org/people/sdfalk/sounds/2502/,Car door slam.wav,sdfalk,http://creativecommons.org/licenses/by/3.0/,4.68667,44100.0,1,wav,"[""car"", ""door""]",Car door open and closes in the rain,,,,,,false,false,true,true,"duration,music_proxy"
2503,https://freesound.org/people/sdfalk/sounds/2503/,Electric razor shaving a face.wav,sdfalk,http://creativecommons.org/licenses/by/3.0/,44.61,44100.0,1,wav,"[""electric"", ""razor""]",Shaving face and just the sound of the razor recorded at 16 bit 44khz,,,,,,false,true,true,true,music_proxy
2504,https://freesound.org/people/sdfalk/sounds/2504/,Industrial sounds.wav,sdfalk,http://creativecommons.org/licenses/by/3.0/,266.325,44100.0,1,wav,"[""farm"", ""machinery"", ""plant""]",recorded on a portable dat at  16 bit 44khz,,,,,,false,true,true,true,music_proxy
2505,https://freesound.org/people/sdfalk/sounds/2505/,Kitchen Ambience dishwasher on.wav,sdfalk,http://creativecommons.org/licenses/by/3.0/,107.393,44100.0,1,wav,"[""dishwasher"", ""washing""]",Recorded at 3am at 16 bit 44khz,,,,,,false,true,true,true,music_proxy
2506,https://freesound.org/people/sdfalk/sounds/2506/,Multiple key jingles.wav,sdfalk,http://creativecommons.org/licenses/by/3.0/,19.4183,44100.0,1,wav,"[""car"", ""keys""]",recorded at 16 bit 44khz,,,,,,false,false,true,true,"duration,music_proxy"
2507,https://freesound.org/people/sdfalk/sounds/2507/,Newspaper rustle.wav,sdfalk,http://creativecommons.org/licenses/by/3.0/,28.32,44100.0,1,wav,"[""newspaper""]",Reading and shifting  newspaper pages,,,,,,false,false,true,true,"duration,music_proxy"
2508,https://freesound.org/people/sdfalk/sounds/2508/,Traffic on wet roads.wav,sdfalk,http://creativecommons.org/licenses/by/3.0/,61.8817,44100.0,1,wav,"[""ambience"", ""traffic""]",Recorded via mini disc during a light rain,,,,,,false,true,true,true,music_proxy
2509,https://freesound.org/people/sdfalk/sounds/2509/,pour a cup of coffee.wav,sdfalk,http://creativecommons.org/licenses/by/3.0/,13.1783,44100.0,1,wav,"[""a"", ""coffee"", ""pour""]",POured into a heavy mug,,,,,,false,false,true,true,"duration,music_proxy"
2510,https://freesound.org/people/funhouse/sounds/2510/,Tritro.wav,funhouse,https://creativecommons.org/licenses/by/4.0/,1.37073,44100.0,2,wav,"[""field-recording"", ""fireworks"", ""sequence""]","fireworks sequence ""field recording",,,,,,false,false,true,true,"duration,music_proxy"
2511,https://freesound.org/people/funhouse/sounds/2511/,ences_maraca1.wav,funhouse,https://creativecommons.org/licenses/by/4.0/,1.04864,44100.0,2,wav,"[""field-recording"", ""fireworks"", ""light""]",can be used as a percussion maraca sound,,,,,,false,false,true,true,"duration,music_proxy"
2512,https://freesound.org/people/funhouse/sounds/2512/,tro_bassPan.wav,funhouse,https://creativecommons.org/licenses/by/4.0/,1.38658,44100.0,2,wav,"[""bass"", ""explosion"", ""field-recording"", ""fireworks"", ""pan""]",bass explosion with panorama effect from left to right,,,,,,false,false,true,true,"duration,music_proxy"
2513,https://freesound.org/people/funhouse/sounds/2513/,tro_snare1.wav,funhouse,https://creativecommons.org/licenses/by/4.0/,0.823265,44100.0,2,wav,"[""explosion"", ""field-recording"", ""fireworks"", ""snare""]",Explosion that can be used as a snare drum sound. ,,,,,,false,false,true,true,"duration,music_proxy"
2514,https://freesound.org/people/funhouse/sounds/2514/,trophaser.wav,funhouse,https://creativecommons.org/licenses/by/4.0/,0.625102,44100.0,2,wav,"[""explosion"", ""field-recording"", ""fireworks"", ""phaser"", ""processed""]",Explosion with phaser effect,,,,,,false,false,true,true,"duration,music_proxy"
2515,https://freesound.org/people/funhouse/sounds/2515/,xiulet.wav,funhouse,https://creativecommons.org/licenses/by/4.0/,0.883673,44100.0,2,wav,"[""beep"", ""field-recording"", ""fireworks"", ""light""]",whistle sound from burning,,,,,,false,false,true,true,"duration,music_proxy"
2516,https://freesound.org/people/jonnay/sounds/2516/,DropSine.wav,jonnay,http://creativecommons.org/licenses/by/3.0/,0.00356009,44100.0,1,wav,"[""oscillator"", ""sine"", ""singlecyle"", ""smooth""]","A single cycle waveform, meant to be used as a loop for sampling + synthesis.",,,,,,false,false,true,true,"duration,music_proxy"
2517,https://freesound.org/people/jonnay/sounds/2517/,HollowSquare.wav,jonnay,http://creativecommons.org/licenses/by/3.0/,0.00807256,44100.0,1,wav,"[""hollow"", ""oscillator"", ""singlecyle"", ""square""]","A single cycle waveform, meant to be used as a loop for sampling + synthesis.",,,,,,false,false,true,true,"duration,music_proxy"
2518,https://freesound.org/people/jonnay/sounds/2518/,SinedSaw.wav,jonnay,http://creativecommons.org/licenses/by/3.0/,0.00446712,44100.0,1,wav,"[""buzzy"", ""oscillator"", ""saw"", ""sine"", ""singlecyle""]","A single cycle waveform, meant to be used as a loop for sampling + synthesis.",,,,,,false,false,true,true,"duration,music_proxy"
2519,https://freesound.org/people/RHumphries/sounds/2519/,rbh rain 01.wav,RHumphries,https://creativecommons.org/licenses/by/4.0/,37.3947,48000.0,2,wav,"[""field-recording"", ""nature"", ""purist"", ""rain"", ""weather""]",rain. Stereo. Recorded with a minidisc recorder and an AT822 mic. Edited in Protools and saved as a 48/16 wav file.,,,,,,false,true,true,true,music_proxy
2520,https://freesound.org/people/RHumphries/sounds/2520/,rbh rain 02.wav,RHumphries,https://creativecommons.org/licenses/by/4.0/,66.84,48000.0,2,wav,"[""field-recording"", ""nature"", ""purist"", ""rain"", ""weather""]",rain. Stereo. Recorded with a minidisc recorder and an AT822 mic. Edited in Protools and saved as a 48/16 wav file.,,,,,,false,true,true,true,music_proxy
2521,https://freesound.org/people/RHumphries/sounds/2521/,rbh rain 03.wav,RHumphries,https://creativecommons.org/licenses/by/4.0/,42.3117,48000.0,2,wav,"[""field-recording"", ""nature"", ""purist"", ""rain"", ""weather""]",rain.Heavier. Stereo. Recorded with a minidisc recorder and an AT822 mic. Edited in Protools and saved as a 48/16 wav file.,,,,,,false,true,true,true,music_proxy
2522,https://freesound.org/people/RHumphries/sounds/2522/,rbh rain 04.wav,RHumphries,https://creativecommons.org/licenses/by/4.0/,85.2156,48000.0,2,wav,"[""field-recording"", ""nature"", ""purist"", ""rain"", ""weather""]",rain. Stereo. Recorded with a minidisc recorder and an AT822 mic. Edited in Protools and saved as a 48/16 wav file.,,,,,,false,true,true,true,music_proxy
2523,https://freesound.org/people/RHumphries/sounds/2523/,rbh thunder storm.wav,RHumphries,https://creativecommons.org/licenses/by/4.0/,210.01,48000.0,2,wav,"[""field-recording"", ""heavy-rain"", ""lightning"", ""nature"", ""purist"", ""rain"", ""siren"", ""stereo"", ""storm"", ""thunder"", ""thunder-storm"", ""weather"", ""xy""]",rain and several thunder claps. Stereo. Recorded with a minidisc recorder and an AT822 mic. Edited in Protools and saved as a 48/16 wav file.,,,,,,false,true,true,true,music_proxy
2524,https://freesound.org/people/RHumphries/sounds/2524/,rbh thunder_02.wav,RHumphries,https://creativecommons.org/licenses/by/4.0/,36.2613,48000.0,2,wav,"[""field-recording"", ""lightning"", ""nature"", ""purist"", ""rain"", ""thunder"", ""weather""]",A single thunder clap with rain. Stereo. Recorded with a minidisc recorder and an AT822 mic. Edited in Protools and saved as a 48/16 wav file.,,,,,,false,true,true,true,music_proxy
2525,https://freesound.org/people/RHumphries/sounds/2525/,rbh thunder_03.wav,RHumphries,https://creativecommons.org/licenses/by/4.0/,25.0676,48000.0,2,wav,"[""field-recording"", ""lightning"", ""nature"", ""purist"", ""rain"", ""thunder"", ""weather""]",A single thunder clap with rain. Close. Stereo. Recorded with a minidisc recorder and an AT822 mic. Edited in Protools and saved as a 48/16 wav file.,,,,,,false,false,true,true,"duration,music_proxy"
2526,https://freesound.org/people/RHumphries/sounds/2526/,rbh thunder_04 Distorted.wav,RHumphries,https://creativecommons.org/licenses/by/4.0/,24.6448,48000.0,2,wav,"[""field-recording"", ""lightning"", ""nature"", ""purist"", ""rain"", ""thunder"", ""weather""]",A single thunder clap with rain. Distorted. Stereo. Recorded with a minidisc recorder and an AT822 mic. Edited in Protools and saved as a 48/16 wav file.,,,,,,false,false,true,true,"duration,music_proxy"
2527,https://freesound.org/people/RHumphries/sounds/2527/,rbh thunder_05.wav,RHumphries,https://creativecommons.org/licenses/by/4.0/,39.3062,48000.0,2,wav,"[""field-recording"", ""lightning"", ""nature"", ""purist"", ""rain"", ""thunder"", ""weather""]",A single thunder clap with rain. Stereo. Recorded with a minidisc recorder and an AT822 mic. Edited in Protools and saved as a 48/16 wav file.,,,,,,false,true,true,true,music_proxy
2528,https://freesound.org/people/RHumphries/sounds/2528/,rbh thunder_06.wav,RHumphries,https://creativecommons.org/licenses/by/4.0/,85.9751,48000.0,2,wav,"[""field-recording"", ""lightning"", ""nature"", ""purist"", ""rain"", ""thunder"", ""weather""]",A single thunder clap with rain. Stereo. Recorded with a minidisc recorder and an AT822 mic. Edited in Protools and saved as a 48/16 wav file.,,,,,,false,true,true,true,music_proxy
2529,https://freesound.org/people/RHumphries/sounds/2529/,rbh thunder_07.wav,RHumphries,https://creativecommons.org/licenses/by/4.0/,28.5235,48000.0,2,wav,"[""field-recording"", ""lightning"", ""nature"", ""purist"", ""rain"", ""thunder"", ""weather""]",A single thunder clap with rain. Stereo. Recorded with a minidisc recorder and an AT822 mic. Edited in Protools and saved as a 48/16 wav file.,,,,,,false,false,true,true,"duration,music_proxy"
2530,https://freesound.org/people/RHumphries/sounds/2530/,rbh thunder_08.wav,RHumphries,https://creativecommons.org/licenses/by/4.0/,34.1878,48000.0,2,wav,"[""field-recording"", ""lightning"", ""nature"", ""purist"", ""rain"", ""thunder"", ""weather""]",A single thunder clap with rain. Stereo. Recorded with a minidisc recorder and an AT822 mic. Edited in Protools and saved as a 48/16 wav file.,,,,,,false,true,true,true,music_proxy
2531,https://freesound.org/people/RHumphries/sounds/2531/,rbh thunder_09.wav,RHumphries,https://creativecommons.org/licenses/by/4.0/,27.3098,48000.0,2,wav,"[""field-recording"", ""lightning"", ""nature"", ""purist"", ""rain"", ""thunder"", ""weather""]",A single thunder clap with rain. Stereo. Recorded with a minidisc recorder and an AT822 mic. Edited in Protools and saved as a 48/16 wav file.,,,,,,false,false,true,true,"duration,music_proxy"
2532,https://freesound.org/people/RHumphries/sounds/2532/,rbh thunder_10.wav,RHumphries,https://creativecommons.org/licenses/by/4.0/,40.2566,48000.0,2,wav,"[""field-recording"", ""lightning"", ""nature"", ""purist"", ""rain"", ""thunder"", ""weather""]",A single thunder clap with rain. Stereo. Recorded with a minidisc recorder and an AT822 mic. Edited in Protools and saved as a 48/16 wav file.,,,,,,false,true,true,true,music_proxy
2533,https://freesound.org/people/RHumphries/sounds/2533/,rbh thunder_11.wav,RHumphries,https://creativecommons.org/licenses/by/4.0/,58.7665,48000.0,2,wav,"[""field-recording"", ""lightning"", ""nature"", ""purist"", ""rain"", ""thunder"", ""weather""]",A single thunder clap with rain. Stereo. Recorded with a minidisc recorder and an AT822 mic. Edited in Protools and saved as a 48/16 wav file.,,,,,,false,true,true,true,music_proxy
2534,https://freesound.org/people/RHumphries/sounds/2534/,rbh thunder_12.wav,RHumphries,https://creativecommons.org/licenses/by/4.0/,54.5184,48000.0,2,wav,"[""field-recording"", ""lightning"", ""nature"", ""purist"", ""rain"", ""thunder"", ""weather""]",A single thunder clap with rain.Close. Stereo. Recorded with a minidisc recorder and an AT822 mic. Edited in Protools and saved as a 48/16 wav file.,,,,,,false,true,true,true,music_proxy
2535,https://freesound.org/people/RHumphries/sounds/2535/,rbh thunder_13.wav,RHumphries,https://creativecommons.org/licenses/by/4.0/,20.0777,48000.0,2,wav,"[""field-recording"", ""lightning"", ""nature"", ""purist"", ""rain"", ""thunder"", ""weather""]",A single thunder clap with rain. Stereo. Recorded with a minidisc recorder and an AT822 mic. Edited in Protools and saved as a 48/16 wav file.,,,,,,false,false,true,true,"duration,music_proxy"
2536,https://freesound.org/people/RHumphries/sounds/2536/,rbh morning birds 01.wav,RHumphries,https://creativecommons.org/licenses/by/4.0/,70.2467,48000.0,2,wav,"[""birds"", ""field-recording"", ""nature"", ""purist""]","Birds at 5:00 am in Washington DC. Medium perspective, many birds. Distant traffic. Stereo. Recorded with a minidisc recorder and an AT822 mic. Edited in Protools and saved as a 48/16 wav file.",,,,,,false,true,true,true,music_proxy
2537,https://freesound.org/people/RHumphries/sounds/2537/,rbh morning birds 02.wav,RHumphries,https://creativecommons.org/licenses/by/4.0/,47.5812,48000.0,2,wav,"[""birds"", ""field-recording"", ""nature"", ""purist""]","Birds at 5:00 am in Washington DC. Distant traffic, one close bird. Alternate take. Stereo. Recorded with a minidisc recorder and an AT822 mic. Edited in Protools and saved as a 48/16 wav file.",,,,,,false,true,true,true,music_proxy
2538,https://freesound.org/people/eliasheuninck/sounds/2538/,4.aif,eliasheuninck,http://creativecommons.org/publicdomain/zero/1.0/,15.6308,44100.0,1,aiff,"[""crickets"", ""night""]",crickets tsjirp at night,,,,,,false,false,true,true,"duration,music_proxy"
2539,https://freesound.org/people/eliasheuninck/sounds/2539/,bel1.aif,eliasheuninck,http://creativecommons.org/publicdomain/zero/1.0/,7.71658,44100.0,1,aiff,"[""bell"", ""doorbell""]",ring of old doorbell,,,,,,false,false,true,true,"duration,music_proxy"
2540,https://freesound.org/people/eliasheuninck/sounds/2540/,kipgeluid.aif,eliasheuninck,http://creativecommons.org/publicdomain/zero/1.0/,41.927,44100.0,1,aiff,"[""atmosphere"", ""chickens"", ""garden""]",some chickens make noise in my garden,,,,,,false,true,true,true,music_proxy
2543,https://freesound.org/people/NoiseCollector/sounds/2543/,c3.wav,NoiseCollector,http://creativecommons.org/licenses/by/3.0/,5.82263,13909.0,1,wav,"[""free"", ""magical-musical-thing"", ""mattel"", ""note"", ""sample"", ""sampler"", ""sound"", ""toy""]",The sound of the Magical Musical Thing... Remember it?,,,,,,false,false,true,true,"duration,music_proxy"
2544,https://freesound.org/people/NoiseCollector/sounds/2544/,eagledown.wav,NoiseCollector,http://creativecommons.org/licenses/by/3.0/,0.656032,44100.0,2,wav,"[""free"", ""human"", ""lsd"", ""male"", ""manipulated"", ""organism"", ""processed"", ""sample"", ""sound"", ""voice""]",Heavily mangled sound of male voice in Cool Edit 96. ,,,,,,false,false,true,true,"duration,music_proxy"
2545,https://freesound.org/people/NoiseCollector/sounds/2545/,prankbass1.wav,NoiseCollector,http://creativecommons.org/licenses/by/3.0/,1.7183,44100.0,1,wav,"[""bass"", ""boss"", ""carvin"", ""delay"", ""distortion"", ""free"", ""heavy"", ""loop"", ""metal"", ""sample"", ""solo"", ""sound""]",Snippet I found in between prank phone call tapes I made around 1987. Peavey Dynabass through Boss Pedals and Carvin Stack.,,,,,,false,false,true,true,"duration,music_proxy"
2546,https://freesound.org/people/NoiseCollector/sounds/2546/,prankbass2.wav,NoiseCollector,http://creativecommons.org/licenses/by/3.0/,3.36689,44100.0,1,wav,"[""bass"", ""delay"", ""distortion"", ""solo""]",Snippet I found in between prank phone call tapes I made around 1987. Peavey Dynabass through Boss Pedals and Carvin Stack.,,,,,,false,false,true,true,"duration,music_proxy"
2547,https://freesound.org/people/NoiseCollector/sounds/2547/,cleanchop.wav,NoiseCollector,http://creativecommons.org/licenses/by/3.0/,0.652812,44100.0,1,wav,"[""chord"", ""clean"", ""electric"", ""free"", ""guitar"", ""lipski"", ""sample"", ""sound"", ""stab"", ""vintage"", ""warfare""]",Snippet of my old guitar player taken from tape recordings of our practices around 1987. It was probably recorded through a pair of radio shack headphones hanging on the front of his amp or a built in mic on a boom box.... it is what it is...,,,,,,false,false,true,true,"duration,music_proxy"
2548,https://freesound.org/people/NoiseCollector/sounds/2548/,distpowerchord_e.wav,NoiseCollector,http://creativecommons.org/licenses/by/3.0/,3.92844,44100.0,1,wav,"[""chord"", ""distorted"", ""guitar""]",Snippet of my old guitar player taken from tape recordings of our practices around 1987. ,,,,,,false,false,true,true,"duration,music_proxy"
2549,https://freesound.org/people/NoiseCollector/sounds/2549/,lipskicleanstrum.wav,NoiseCollector,http://creativecommons.org/licenses/by/3.0/,1.85336,44100.0,1,wav,"[""chord"", ""clean"", ""guitar""]",Snippet of my old guitar player taken from tape recordings of our practices around 1987. ,,,,,,false,false,true,true,"duration,music_proxy"
2550,https://freesound.org/people/NoiseCollector/sounds/2550/,guitar 0.wav,NoiseCollector,http://creativecommons.org/licenses/by/3.0/,4.0,44100.0,1,wav,"[""acoustic"", ""chord"", ""electric"", ""environmental-sounds-research"", ""guitar""]",My friend's acoustic electric direct to sound card around 1996. Processed with some chorus in cool edit 96. I believe it was an Ibanez? ,,,,,,false,false,true,true,"duration,music_proxy"
2551,https://freesound.org/people/spluta/sounds/2551/,1DATPerc2.aif,spluta,http://creativecommons.org/publicdomain/zero/1.0/,0.0438322,44100.0,2,aiff,"[""perc""]",Percussive sound of a DAT case closing,,,,,,false,false,true,true,"duration,music_proxy"
2552,https://freesound.org/people/spluta/sounds/2552/,1cutCup2.aif,spluta,http://creativecommons.org/publicdomain/zero/1.0/,0.194512,44100.0,2,aiff,"[""perc""]",Cutting a Styrofoam cup,,,,,,false,false,true,true,"duration,music_proxy"
2553,https://freesound.org/people/spluta/sounds/2553/,1cutCup4.aif,spluta,http://creativecommons.org/publicdomain/zero/1.0/,0.306463,44100.0,2,aiff,"[""perc""]",Cutting a Styrofoam cup,,,,,,false,false,true,true,"duration,music_proxy"
2554,https://freesound.org/people/spluta/sounds/2554/,1mouseClick.aif,spluta,http://creativecommons.org/publicdomain/zero/1.0/,0.039161,44100.0,2,aiff,"[""perc""]",a percussive mouse click,,,,,,false,false,true,true,"duration,music_proxy"
2555,https://freesound.org/people/spluta/sounds/2555/,1mouseClick2.aif,spluta,http://creativecommons.org/publicdomain/zero/1.0/,0.0344218,44100.0,2,aiff,"[""perc""]",a percussive mouse click,,,,,,false,false,true,true,"duration,music_proxy"
2556,https://freesound.org/people/spluta/sounds/2556/,1plastic.aif,spluta,http://creativecommons.org/publicdomain/zero/1.0/,0.299501,44100.0,2,aiff,"[""perc"", ""plastic""]",Crumpling plastic with a percussive envelope,,,,,,false,false,true,true,"duration,music_proxy"
2557,https://freesound.org/people/spluta/sounds/2557/,1plasticHP.aif,spluta,http://creativecommons.org/publicdomain/zero/1.0/,0.299501,44100.0,2,aiff,"[""perc""]",Crumpling plastic with a percussive envelope and a HP filter,,,,,,false,false,true,true,"duration,music_proxy"
2558,https://freesound.org/people/spluta/sounds/2558/,1recorder1.aif,spluta,http://creativecommons.org/publicdomain/zero/1.0/,0.300499,44100.0,2,aiff,"[""perc""]",pressing play on a really old tape recorder,,,,,,false,false,true,true,"duration,music_proxy"
2559,https://freesound.org/people/spluta/sounds/2559/,1recorder2.aif,spluta,http://creativecommons.org/publicdomain/zero/1.0/,0.230952,44100.0,2,aiff,"[""perc""]",pressing play on a really old tape recorder,,,,,,false,false,true,true,"duration,music_proxy"
2560,https://freesound.org/people/spluta/sounds/2560/,1recorder3.aif,spluta,http://creativecommons.org/publicdomain/zero/1.0/,0.186984,44100.0,2,aiff,"[""perc""]",pressing play on a really old tape recorder,,,,,,false,false,true,true,"duration,music_proxy"
2561,https://freesound.org/people/spluta/sounds/2561/,1scissors1.aif,spluta,http://creativecommons.org/publicdomain/zero/1.0/,0.168458,44100.0,2,aiff,"[""perc""]",percussive scissors,,,,,,false,false,true,true,"duration,music_proxy"
2562,https://freesound.org/people/spluta/sounds/2562/,1scissors2.aif,spluta,http://creativecommons.org/publicdomain/zero/1.0/,0.168458,44100.0,2,aiff,"[""perc""]",percussive scissors,,,,,,false,false,true,true,"duration,music_proxy"
2563,https://freesound.org/people/spluta/sounds/2563/,1scissors3.aif,spluta,http://creativecommons.org/publicdomain/zero/1.0/,0.0679592,44100.0,2,aiff,"[""perc""]",percussive scissors,,,,,,false,false,true,true,"duration,music_proxy"
2564,https://freesound.org/people/spluta/sounds/2564/,1scissors4.aif,spluta,http://creativecommons.org/publicdomain/zero/1.0/,0.0957143,44100.0,2,aiff,"[""perc""]",pecussive scissors,,,,,,false,false,true,true,"duration,music_proxy"
2565,https://freesound.org/people/spluta/sounds/2565/,1sharpie2.aif,spluta,http://creativecommons.org/publicdomain/zero/1.0/,0.0752608,44100.0,2,aiff,"[""perc""]",a close mic-ed sharpie,,,,,,false,false,true,true,"duration,music_proxy"
2566,https://freesound.org/people/spluta/sounds/2566/,1sharpie3.aif,spluta,http://creativecommons.org/publicdomain/zero/1.0/,0.0607483,44100.0,2,aiff,"[""perc""]",a close mic-ed sharpie,,,,,,false,false,true,true,"duration,music_proxy"
2567,https://freesound.org/people/spluta/sounds/2567/,1sharpie5.aif,spluta,http://creativecommons.org/publicdomain/zero/1.0/,0.0526077,44100.0,2,aiff,"[""perc""]",a close mic-ed sharpie,,,,,,false,false,true,true,"duration,music_proxy"
2568,https://freesound.org/people/spluta/sounds/2568/,1tie1.aif,spluta,http://creativecommons.org/publicdomain/zero/1.0/,0.0563265,44100.0,2,aiff,"[""perc""]",a twistie tie,,,,,,false,false,true,true,"duration,music_proxy"
2569,https://freesound.org/people/spluta/sounds/2569/,1tie2.aif,spluta,http://creativecommons.org/publicdomain/zero/1.0/,0.044898,44100.0,2,aiff,"[""perc""]",a twistie tie,,,,,,false,false,true,true,"duration,music_proxy"
2570,https://freesound.org/people/spluta/sounds/2570/,1wrechSmall2.aif,spluta,http://creativecommons.org/publicdomain/zero/1.0/,0.132925,44100.0,2,aiff,"[""perc""]",a percussive wrench,,,,,,false,false,true,true,"duration,music_proxy"
2571,https://freesound.org/people/spluta/sounds/2571/,1wrenchSmall1.aif,spluta,http://creativecommons.org/publicdomain/zero/1.0/,0.116236,44100.0,2,aiff,"[""perc""]",a percussive wrench,,,,,,false,false,true,true,"duration,music_proxy"
2572,https://freesound.org/people/spluta/sounds/2572/,1zipperPerc.aif,spluta,http://creativecommons.org/publicdomain/zero/1.0/,0.36127,44100.0,2,aiff,"[""perc""]",a zipper with a percussive envelope,,,,,,false,false,true,true,"duration,music_proxy"
2573,https://freesound.org/people/spluta/sounds/2573/,1zipperPerc2.aif,spluta,http://creativecommons.org/publicdomain/zero/1.0/,0.282744,44100.0,2,aiff,"[""perc""]",a zipper with a percussive envelope,,,,,,false,false,true,true,"duration,music_proxy"
2574,https://freesound.org/people/spluta/sounds/2574/,1zipperPerc3.aif,spluta,http://creativecommons.org/publicdomain/zero/1.0/,0.20458,44100.0,2,aiff,"[""perc""]",a zipper with a percussive envelope,,,,,,false,false,true,true,"duration,music_proxy"
2575,https://freesound.org/people/spluta/sounds/2575/,2DATPerc.aif,spluta,http://creativecommons.org/publicdomain/zero/1.0/,0.0538322,44100.0,2,aiff,"[""perc""]",a DAT case closing,,,,,,false,false,true,true,"duration,music_proxy"
2576,https://freesound.org/people/spluta/sounds/2576/,2DATPerc3.aif,spluta,http://creativecommons.org/publicdomain/zero/1.0/,0.0471655,44100.0,2,aiff,"[""perc""]",a DAT case closing,,,,,,false,false,true,true,"duration,music_proxy"
2577,https://freesound.org/people/spluta/sounds/2577/,2cup1.aif,spluta,http://creativecommons.org/publicdomain/zero/1.0/,0.157324,44100.0,2,aiff,"[""perc""]",stabbing a foam cup with scissors,,,,,,false,false,true,true,"duration,music_proxy"
2578,https://freesound.org/people/spluta/sounds/2578/,2cutCup1.aif,spluta,http://creativecommons.org/publicdomain/zero/1.0/,0.131837,44100.0,2,aiff,"[""perc""]",stabbing a foam cup with scissors,,,,,,false,false,true,true,"duration,music_proxy"
2579,https://freesound.org/people/spluta/sounds/2579/,2cutCup3.aif,spluta,http://creativecommons.org/publicdomain/zero/1.0/,0.234059,44100.0,2,aiff,"[""perc""]",stabbing a foam cup with scissors,,,,,,false,false,true,true,"duration,music_proxy"
2580,https://freesound.org/people/spluta/sounds/2580/,2pianoLid1.aif,spluta,http://creativecommons.org/publicdomain/zero/1.0/,0.236893,44100.0,2,aiff,"[""perc""]",a mid-range piano lid closing,,,,,,false,false,true,true,"duration,music_proxy"
2581,https://freesound.org/people/spluta/sounds/2581/,2pianoLid2.aif,spluta,http://creativecommons.org/publicdomain/zero/1.0/,1.08104,44100.0,2,aiff,"[""perc""]",a mid-range piano lid closing,,,,,,false,false,true,true,"duration,music_proxy"
2582,https://freesound.org/people/spluta/sounds/2582/,2pianoMid.aif,spluta,http://creativecommons.org/publicdomain/zero/1.0/,1.08104,44100.0,2,aiff,"[""perc""]",a mid-range piano lid closing,,,,,,false,false,true,true,"duration,music_proxy"
2583,https://freesound.org/people/spluta/sounds/2583/,2sharpie1.aif,spluta,http://creativecommons.org/publicdomain/zero/1.0/,0.131451,44100.0,2,aiff,"[""perc""]",a close mic-ed sharpie,,,,,,false,false,true,true,"duration,music_proxy"
2584,https://freesound.org/people/spluta/sounds/2584/,3pianoBass2.aif,spluta,http://creativecommons.org/publicdomain/zero/1.0/,0.140068,44100.0,2,aiff,"[""perc""]",a bassy piano lid closing,,,,,,false,false,true,true,"duration,music_proxy"
2585,https://freesound.org/people/spluta/sounds/2585/,3pianoLidBass.aif,spluta,http://creativecommons.org/publicdomain/zero/1.0/,1.08104,44100.0,2,aiff,"[""perc""]",a bassy piano lid closing,,,,,,false,false,true,true,"duration,music_proxy"
2586,https://freesound.org/people/spluta/sounds/2586/,3pianoLidBass2.aif,spluta,http://creativecommons.org/publicdomain/zero/1.0/,1.08104,44100.0,2,aiff,"[""perc""]",a bassy piano lid closing,,,,,,false,false,true,true,"duration,music_proxy"
2588,https://freesound.org/people/schademans/sounds/2588/,bush1.wav,schademans,https://creativecommons.org/licenses/by/4.0/,36.6411,44100.0,1,wav,"[""bush"", ""bushes"", ""noise"", ""shrubbery""]","HOT SIGNAL.Leaf sounds I recorded with an AKG c3000. With background noise, but not really noticeable when played at lower levels.When soft (try that), the sounds are pretty subtle.",,,,,,false,true,true,true,music_proxy
2589,https://freesound.org/people/schademans/sounds/2589/,bush10.wav,schademans,https://creativecommons.org/licenses/by/4.0/,10.7508,44100.0,1,wav,"[""bush"", ""bushes"", ""noise"", ""shrubbery""]","HOT SIGNAL.Leaf sounds I recorded with an AKG c3000. With background noise, but barely noticeable when played at lower levels.When soft (try that), the sounds are pretty subtle.",,,,,,false,false,true,true,"duration,music_proxy"
2590,https://freesound.org/people/schademans/sounds/2590/,bush11.wav,schademans,https://creativecommons.org/licenses/by/4.0/,1.52671,44100.0,1,wav,"[""bush"", ""bushes"", ""noise"", ""shrubbery""]","HOT SIGNAL.Leaf sounds I recorded with an AKG c3000. With background noise, but not really noticeable when played at lower levels.When soft (try that), the sounds are pretty subtle.",,,,,,false,false,true,true,"duration,music_proxy"
2591,https://freesound.org/people/schademans/sounds/2591/,bush2.wav,schademans,https://creativecommons.org/licenses/by/4.0/,4.61497,44100.0,1,wav,"[""bush"", ""bushes"", ""noise"", ""shrubbery""]","HOT SIGNAL.Leaf sounds I recorded with an AKG c3000. With background noise, but not really noticeable when played at lower levels.When soft (try that), the sounds are pretty subtle.",,,,,,false,false,true,true,"duration,music_proxy"
2592,https://freesound.org/people/schademans/sounds/2592/,bush3.wav,schademans,https://creativecommons.org/licenses/by/4.0/,5.75855,44100.0,1,wav,"[""bush"", ""bushes"", ""noise"", ""shrubbery""]","HOT SIGNAL.Leaf sounds I recorded with an AKG c3000. With background noise, but not really noticeable when played at lower levels.When soft (try that), the sounds are pretty subtle.",,,,,,false,false,true,true,"duration,music_proxy"
2593,https://freesound.org/people/schademans/sounds/2593/,bush4.wav,schademans,https://creativecommons.org/licenses/by/4.0/,7.00082,44100.0,1,wav,"[""bush"", ""bushes"", ""noise"", ""shrubbery""]","HOT SIGNAL.Leaf sounds I recorded with an AKG c3000. With background noise, but not really noticeable when played at lower levels.When soft (try that), the sounds are pretty subtle.",,,,,,false,false,true,true,"duration,music_proxy"
2594,https://freesound.org/people/schademans/sounds/2594/,bush5.wav,schademans,https://creativecommons.org/licenses/by/4.0/,1.17261,44100.0,1,wav,"[""bush"", ""bushes"", ""noise"", ""shrubbery""]","HOT SIGNAL.Leaf sounds I recorded with an AKG c3000. With background noise, but not really noticeable when played at lower levels.When soft (try that), the sounds are pretty subtle.",,,,,,false,false,true,true,"duration,music_proxy"
2595,https://freesound.org/people/schademans/sounds/2595/,bush6.wav,schademans,https://creativecommons.org/licenses/by/4.0/,1.06812,44100.0,1,wav,"[""bush"", ""bushes"", ""noise"", ""shrubbery""]","HOT SIGNAL.Leaf sounds I recorded with an AKG c3000. With background noise, but not really noticeable when played at lower levels.When soft (try that), the sounds are pretty subtle.",,,,,,false,false,true,true,"duration,music_proxy"
2596,https://freesound.org/people/schademans/sounds/2596/,bush7.wav,schademans,https://creativecommons.org/licenses/by/4.0/,1.58041,44100.0,1,wav,"[""bush"", ""bushes"", ""noise"", ""shrubbery""]","HOT SIGNAL.Leaf sounds I recorded with an AKG c3000. With background noise, but not really noticeable when played at lower levels.When soft (try that), the sounds are pretty subtle.",,,,,,false,false,true,true,"duration,music_proxy"
2597,https://freesound.org/people/schademans/sounds/2597/,bush8.wav,schademans,https://creativecommons.org/licenses/by/4.0/,2.29587,44100.0,1,wav,"[""bush"", ""bushes"", ""leaf"", ""leaves"", ""noise"", ""shrubbery""]","HOT SIGNAL.Leaf sounds I recorded with an AKG c3000. With background noise, but not really noticeable when played at lower levels.When soft (try that), the sounds are pretty subtle.",,,,,,false,false,true,true,"duration,music_proxy"
2598,https://freesound.org/people/boojum/sounds/2598/,bal_bouncin'blues1c.wav,boojum,http://creativecommons.org/licenses/sampling+/1.0/,7.38685,44100.0,1,wav,"[""acoustic"", ""balalaika"", ""instruments"", ""melody""]","a bouncy (and very un-Russian) balalaika riff, recorded with a cheap computer mic wedged under the strings below the bridge",,,,,,false,false,true,true,"duration,music_proxy"
2599,https://freesound.org/people/boojum/sounds/2599/,bal_bouncin'blues2d.wav,boojum,http://creativecommons.org/licenses/sampling+/1.0/,7.24834,44100.0,1,wav,"[""acoustic"", ""balalaika"", ""instruments"", ""melody""]","a bouncy (and very un-Russian) balalaika riff, recorded with a cheap computer mic wedged under the strings below the bridge",,,,,,false,false,true,true,"duration,music_proxy"
2600,https://freesound.org/people/boojum/sounds/2600/,bal_bouncin'blues3.wav,boojum,http://creativecommons.org/licenses/sampling+/1.0/,6.27882,44100.0,1,wav,"[""acoustic"", ""balalaika"", ""instruments"", ""melody""]","overdriven snare-y 'twang' effect when the mic slipped during a balalaika riff, recorded with a cheap computer mic wedged under the strings below the bridge",,,,,,false,false,true,true,"duration,music_proxy"
2601,https://freesound.org/people/boojum/sounds/2601/,bal_flam1a+bx2.wav,boojum,http://creativecommons.org/licenses/sampling+/1.0/,6.97134,44100.0,1,wav,"[""acoustic"", ""balalaika"", ""flamenco"", ""instruments"", ""melody""]","a couple of hot flamenco riffs (very, very un-Russian!) on my balalaika, recorded with a cheap computer mic wedged under the strings below the bridge. Ole!",,,,,,false,false,true,true,"duration,music_proxy"
2602,https://freesound.org/people/boojum/sounds/2602/,bal_flam1ab.wav,boojum,http://creativecommons.org/licenses/sampling+/1.0/,3.09324,44100.0,1,wav,"[""acoustic"", ""balalaika"", ""flamenco"", ""instruments"", ""melody""]","flamenco riff (very, very un-Russian!) on my balalaika, recorded with a cheap computer mic wedged under the strings below the bridge.",,,,,,false,false,true,true,"duration,music_proxy"
2603,https://freesound.org/people/boojum/sounds/2603/,bal_flam1bb.wav,boojum,http://creativecommons.org/licenses/sampling+/1.0/,3.00091,44100.0,1,wav,"[""acoustic"", ""balalaika"", ""flamenco"", ""instruments"", ""melody""]","flamenco riff (very, very un-Russian!) on my balalaika, recorded with a cheap computer mic wedged under the strings below the bridge. ",,,,,,false,false,true,true,"duration,music_proxy"
2604,https://freesound.org/people/boojum/sounds/2604/,bal_flam1ca.wav,boojum,http://creativecommons.org/licenses/sampling+/1.0/,1.52354,44100.0,1,wav,"[""acoustic"", ""balalaika"", ""flamenco"", ""instruments"", ""melody""]","flamenco riff (very, very un-Russian!) on my balalaika, recorded with a cheap computer mic wedged under the strings below the bridge. ",,,,,,false,false,true,true,"duration,music_proxy"
2605,https://freesound.org/people/boojum/sounds/2605/,bal_flam1d.wav,boojum,http://creativecommons.org/licenses/sampling+/1.0/,3.37025,44100.0,1,wav,"[""acoustic"", ""balalaika"", ""flamenco"", ""instruments"", ""melody""]","flamenco riff (very, very un-Russian!) on my balalaika, recorded with a cheap computer mic wedged under the strings below the bridge. ",,,,,,false,false,true,true,"duration,music_proxy"
2606,https://freesound.org/people/boojum/sounds/2606/,bal_flam2b.wav,boojum,http://creativecommons.org/licenses/sampling+/1.0/,2.7239,44100.0,1,wav,"[""acoustic"", ""balalaika"", ""flamenco"", ""instruments"", ""melody""]","flamenco riff (very, very un-Russian!) on my balalaika, recorded with a cheap computer mic wedged under the strings below the bridge. ",,,,,,false,false,true,true,"duration,music_proxy"
2607,https://freesound.org/people/boojum/sounds/2607/,bal_flam3a.wav,boojum,http://creativecommons.org/licenses/sampling+/1.0/,6.04798,44100.0,1,wav,"[""acoustic"", ""balalaika"", ""flamenco"", ""instruments"", ""melody""]","flamenco riff (very, very un-Russian!) on my balalaika, recorded with a cheap computer mic wedged under the strings below the bridge. ",,,,,,false,false,true,true,"duration,music_proxy"
2608,https://freesound.org/people/boojum/sounds/2608/,bal_flam3e1+2.wav,boojum,http://creativecommons.org/licenses/sampling+/1.0/,5.40163,44100.0,1,wav,"[""acoustic"", ""balalaika"", ""flamenco"", ""instruments"", ""melody""]","flamenco riff (very, very un-Russian!) on my balalaika, recorded with a cheap computer mic wedged under the strings below the bridge. ",,,,,,false,false,true,true,"duration,music_proxy"
2609,https://freesound.org/people/boojum/sounds/2609/,bal_flam3f.wav,boojum,http://creativecommons.org/licenses/sampling+/1.0/,7.43302,44100.0,1,wav,"[""acoustic"", ""balalaika"", ""flamenco"", ""instruments"", ""melody""]","flamenco riff (very, very un-Russian!) on my balalaika, recorded with a cheap computer mic wedged under the strings below the bridge. ",,,,,,false,false,true,true,"duration,music_proxy"
2610,https://freesound.org/people/boojum/sounds/2610/,bal_prarie blues1b.wav,boojum,http://creativecommons.org/licenses/sampling+/1.0/,7.15601,44100.0,1,wav,"[""acoustic"", ""balalaika"", ""instruments"", ""melody""]","bendy, bluesy balalaika riff, recorded with a cheap computer mic wedged under the strings below the bridge. ",,,,,,false,false,true,true,"duration,music_proxy"
2611,https://freesound.org/people/boojum/sounds/2611/,bal_prarie blues2a.wav,boojum,http://creativecommons.org/licenses/sampling+/1.0/,6.04798,44100.0,1,wav,"[""acoustic"", ""balalaika"", ""instruments"", ""melody""]","bendy, bluesy balalaika riff, recorded with a cheap computer mic wedged under the strings below the bridge. ",,,,,,false,false,true,true,"duration,music_proxy"
2612,https://freesound.org/people/boojum/sounds/2612/,bal_bouncin'1b.wav,boojum,http://creativecommons.org/licenses/sampling+/1.0/,7.34068,44100.0,1,wav,"[""acoustic"", ""balalaika"", ""instruments"", ""melody""]","a bouncy (and very un-Russian) balalaika riff, recorded with a cheap computer mic wedged under the strings below the bridge",,,,,,false,false,true,true,"duration,music_proxy"
2613,https://freesound.org/people/boojum/sounds/2613/,bal_bouncin'2b.wav,boojum,http://creativecommons.org/licenses/sampling+/1.0/,10.5263,44100.0,1,wav,"[""acoustic"", ""balalaika"", ""instruments"", ""melody""]","a bouncy (and very un-Russian) balalaika riff, recorded with a cheap computer mic wedged under the strings below the bridge",,,,,,false,false,true,true,"duration,music_proxy"
2614,https://freesound.org/people/jonnay/sounds/2614/,AtariMicNoise.wav,jonnay,http://creativecommons.org/licenses/by/3.0/,0.0231746,44100.0,1,wav,"[""atari"", ""crunchy"", ""lofi"", ""multicycle"", ""noise"", ""oscillator"", ""square""]","Original Key is at (roughly) A1, 50 cents.

",,,,,,false,false,true,true,"duration,music_proxy"
2615,https://freesound.org/people/Jovica/sounds/2615/,133 bpm ATTACK LOOP 04 electrified analog kit variation 01 mastered 16 bit.wav,Jovica,https://creativecommons.org/licenses/by/4.0/,14.4361,44100.0,2,wav,"[""133bpm"", ""drumloop"", ""electro"", ""loop""]",This is loop 1 in a series of 16 variations. The style is pure electro. Created with the Waldorf Attack VSTi within Cubase SX. I used the Analog kit 2 preset to create this 133 bpm loop. It lasts 8 measures in 4/4. Mastered using Elemental and TC plugins within Wavelab.,,,,,,false,false,true,true,"duration,music_proxy"
2616,https://freesound.org/people/Jovica/sounds/2616/,133 bpm ATTACK LOOP 04 electrified analog kit variation 02 mastered 16 bit.wav,Jovica,https://creativecommons.org/licenses/by/4.0/,14.4361,44100.0,2,wav,"[""133bpm"", ""drumloop"", ""electro"", ""loop""]","This is loop 2 in a series of 16 variations. The style is pure electro.
The pitch of the melodic sounds is C. Created with the Waldorf Attack VSTi within Cubase SX. I used the Analog kit 2 preset to create this 133 bpm loop. It lasts 8 measures in 4/4. Mastered using Elemental and TC plugins within Wavelab.",,,,,,false,false,true,true,"duration,music_proxy"
2617,https://freesound.org/people/Jovica/sounds/2617/,133 bpm ATTACK LOOP 04 electrified analog kit variation 03 mastered 16 bit.wav,Jovica,https://creativecommons.org/licenses/by/4.0/,14.4361,44100.0,2,wav,"[""133bpm"", ""drumloop"", ""electro"", ""loop""]","This is loop 3 in a series of 16 variations. The style is pure electro.
The pitch of the melodic sounds is C. Created with the Waldorf Attack VSTi within Cubase SX. I used the Analog kit 2 preset to create this 133 bpm loop. It lasts 8 measures in 4/4. Mastered using Elemental and TC plugins within Wavelab.",,,,,,false,false,true,true,"duration,music_proxy"
2618,https://freesound.org/people/Jovica/sounds/2618/,133 bpm ATTACK LOOP 04 electrified analog kit variation 04 mastered 16 bit.wav,Jovica,https://creativecommons.org/licenses/by/4.0/,14.4361,44100.0,2,wav,"[""133bpm"", ""drumloop"", ""electro"", ""loop""]","This is loop 4 in a series of 16 variations. The style is pure electro.
The pitch of the melodic sounds is C. Created with the Waldorf Attack VSTi within Cubase SX. I used the Analog kit 2 preset to create this 133 bpm loop. It lasts 8 measures in 4/4. Mastered using Elemental and TC plugins within Wavelab.",,,,,,false,false,true,true,"duration,music_proxy"
2619,https://freesound.org/people/Jovica/sounds/2619/,133 bpm ATTACK LOOP 04 electrified analog kit variation 05 mastered 16 bit.wav,Jovica,https://creativecommons.org/licenses/by/4.0/,14.4361,44100.0,2,wav,"[""133bpm"", ""drumloop"", ""electro"", ""loop""]","This is loop 5 in a series of 16 variations. The style is pure electro.
The pitch of the melodic sounds is C. Created with the Waldorf Attack VSTi within Cubase SX. I used the Analog kit 2 preset to create this 133 bpm loop. It lasts 8 measures in 4/4. Mastered using Elemental and TC plugins within Wavelab.",,,,,,false,false,true,true,"duration,music_proxy"
2620,https://freesound.org/people/Jovica/sounds/2620/,133 bpm ATTACK LOOP 04 electrified analog kit variation 06 mastered 16 bit.wav,Jovica,https://creativecommons.org/licenses/by/4.0/,14.4361,44100.0,2,wav,"[""133bpm"", ""drumloop"", ""electro"", ""loop""]",This is loop 6 in a series of 16 variations. The style is pure electro. Created with the Waldorf Attack VSTi within Cubase SX. I used the Analog kit 2 preset to create this 133 bpm loop. It lasts 8 measures in 4/4. Mastered using Elemental and TC plugins within Wavelab.,,,,,,false,false,true,true,"duration,music_proxy"
2621,https://freesound.org/people/Jovica/sounds/2621/,133 bpm ATTACK LOOP 04 electrified analog kit variation 07 mastered 16 bit.wav,Jovica,https://creativecommons.org/licenses/by/4.0/,14.4361,44100.0,2,wav,"[""133bpm"", ""drumloop"", ""electro"", ""loop""]","This is loop 7 in a series of 16 variations. The style is pure electro.
The pitch of the melodic sounds is C. Created with the Waldorf Attack VSTi within Cubase SX. I used the Analog kit 2 preset to create this 133 bpm loop. It lasts 8 measures in 4/4. Mastered using Elemental and TC plugins within Wavelab.",,,,,,false,false,true,true,"duration,music_proxy"
2622,https://freesound.org/people/Jovica/sounds/2622/,133 bpm ATTACK LOOP 04 electrified analog kit variation 08 mastered 16 bit.wav,Jovica,https://creativecommons.org/licenses/by/4.0/,14.4361,44100.0,2,wav,"[""133bpm"", ""drumloop"", ""electro"", ""loop""]","This is loop 8 in a series of 16 variations. The style is pure electro.
The pitch of the melodic sounds is C. Created with the Waldorf Attack VSTi within Cubase SX. I used the Analog kit 2 preset to create this 133 bpm loop. It lasts 8 measures in 4/4. Mastered using Elemental and TC plugins within Wavelab.",,,,,,false,false,true,true,"duration,music_proxy"
2623,https://freesound.org/people/Jovica/sounds/2623/,133 bpm ATTACK LOOP 04 electrified analog kit variation 09 mastered 16 bit.wav,Jovica,https://creativecommons.org/licenses/by/4.0/,14.4361,44100.0,2,wav,"[""133bpm"", ""drumloop"", ""electro"", ""loop""]","This is loop 9 in a series of 16 variations. The style is pure electro.
The pitch of the melodic sounds is C. Created with the Waldorf Attack VSTi within Cubase SX. I used the Analog kit 2 preset to create this 133 bpm loop. It lasts 8 measures in 4/4. Mastered using Elemental and TC plugins within Wavelab.",,,,,,false,false,true,true,"duration,music_proxy"
2624,https://freesound.org/people/Jovica/sounds/2624/,133 bpm ATTACK LOOP 04 electrified analog kit variation 10 mastered 16 bit.wav,Jovica,https://creativecommons.org/licenses/by/4.0/,14.4361,44100.0,2,wav,"[""133bpm"", ""drumloop"", ""electro"", ""loop""]","This is loop 10 in a series of 16 variations. The style is pure
electro. The pitch of the melodic sounds is C. Created with the Waldorf
Attack VSTi within Cubase SX. I used the Analog kit 2 preset to create this 133 bpm loop. It lasts 8 measures in 4/4. Mastered using Elemental and TC plugins within Wavelab.",,,,,,false,false,true,true,"duration,music_proxy"
2625,https://freesound.org/people/Jovica/sounds/2625/,133 bpm ATTACK LOOP 04 electrified analog kit variation 11 mastered 16 bit.wav,Jovica,https://creativecommons.org/licenses/by/4.0/,14.4361,44100.0,2,wav,"[""133bpm"", ""drumloop"", ""electro"", ""loop""]","This is loop 11 in a series of 16 variations. The style is pure
electro. The pitch of the melodic sounds is C. Created with the Waldorf
Attack VSTi within Cubase SX. I used the Analog kit 2 preset to create this 133 bpm loop. It lasts 8 measures in 4/4. Mastered using Elemental and TC plugins within Wavelab.",,,,,,false,false,true,true,"duration,music_proxy"
2626,https://freesound.org/people/Jovica/sounds/2626/,133 bpm ATTACK LOOP 04 electrified analog kit variation 12 mastered 16 bit.wav,Jovica,https://creativecommons.org/licenses/by/4.0/,14.4361,44100.0,2,wav,"[""133bpm"", ""drumloop"", ""electro"", ""loop""]","This is loop 12 in a series of 16 variations. The style is pure
electro. The pitch of the melodic sounds is C. Created with the Waldorf
Attack VSTi within Cubase SX. I used the Analog kit 2 preset to create this 133 bpm loop. It lasts 8 measures in 4/4. Mastered using Elemental and TC plugins within Wavelab.",,,,,,false,false,true,true,"duration,music_proxy"
2627,https://freesound.org/people/Jovica/sounds/2627/,133 bpm ATTACK LOOP 04 electrified analog kit variation 13 mastered 16 bit.wav,Jovica,https://creativecommons.org/licenses/by/4.0/,14.4361,44100.0,2,wav,"[""133bpm"", ""drumloop"", ""electro"", ""loop""]","This is loop 13 in a series of 16 variations. The style is pure
electro. The pitch of the melodic sounds is C. Created with the Waldorf
Attack VSTi within Cubase SX. I used the Analog kit 2 preset to create this 133 bpm loop. It lasts 8 measures in 4/4. Mastered using Elemental and TC plugins within Wavelab.",,,,,,false,false,true,true,"duration,music_proxy"
2628,https://freesound.org/people/Jovica/sounds/2628/,133 bpm ATTACK LOOP 04 electrified analog kit variation 14 mastered 16 bit.wav,Jovica,https://creativecommons.org/licenses/by/4.0/,14.4361,44100.0,2,wav,"[""133bpm"", ""drumloop"", ""electro"", ""loop""]","This is loop 14 in a series of 16 variations. The style is pure
electro. The pitch of the melodic sounds is C. Created with the Waldorf
Attack VSTi within Cubase SX. I used the Analog kit 2 preset to create this 133 bpm loop. It lasts 8 measures in 4/4. Mastered using Elemental and TC plugins within Wavelab.",,,,,,false,false,true,true,"duration,music_proxy"
2629,https://freesound.org/people/Jovica/sounds/2629/,133 bpm ATTACK LOOP 04 electrified analog kit variation 15 mastered 16 bit.wav,Jovica,https://creativecommons.org/licenses/by/4.0/,14.4361,44100.0,2,wav,"[""133bpm"", ""drumloop"", ""electro"", ""loop""]","This is loop 15 in a series of 16 variations. The style is pure
electro. The pitch of the melodic sounds is C. Created with the Waldorf
Attack VSTi within Cubase SX. I used the Analog kit 2 preset to create this 133 bpm loop. It lasts 8 measures in 4/4. Mastered using Elemental and TC plugins within Wavelab.",,,,,,false,false,true,true,"duration,music_proxy"
2630,https://freesound.org/people/Jovica/sounds/2630/,133 bpm ATTACK LOOP 04 electrified analog kit variation 16 mastered 16 bit.wav,Jovica,https://creativecommons.org/licenses/by/4.0/,14.4361,44100.0,2,wav,"[""133bpm"", ""drumloop"", ""electro"", ""loop""]","This is loop 16 in a series of 16 variations. The style is pure
electro. The pitch of the melodic sounds is C. Created with the Waldorf
Attack VSTi within Cubase SX. I used the Analog kit 2 preset to create this 133 bpm loop. It lasts 8 measures in 4/4. Mastered using Elemental and TC plugins within Wavelab.",,,,,,false,false,true,true,"duration,music_proxy"
2641,https://freesound.org/people/Ceacy/sounds/2641/,aille.wav,Ceacy,http://creativecommons.org/licenses/sampling+/1.0/,0.32712,44100.0,1,wav,"[""aille"", ""hurt"", ""pain"", ""shout"", ""yell""]","A pain shout.
Human voice briefly groaning.",,,,,,false,false,true,true,"duration,music_proxy"
2642,https://freesound.org/people/Ceacy/sounds/2642/,sword.wav,Ceacy,http://creativecommons.org/licenses/sampling+/1.0/,0.847574,44100.0,1,wav,"[""hit"", ""sword""]","The sound of a sword.
High resonant Clinck of a metallic sword hitting something ",,,,,,false,false,true,true,"duration,music_proxy"
2644,https://freesound.org/people/dmooney/sounds/2644/,TAPE02.WAV,dmooney,http://creativecommons.org/licenses/sampling+/1.0/,1.10297,44100.0,1,wav,"[""dropout"", ""reel-to-reel"", ""switch""]",Originally recorded 1971 with cheap equipment in noisy environment. 1.1 sec. Tape momentarily silent. Sound of recorder switch(?). ,,,,,,false,false,true,true,"duration,music_proxy"
2645,https://freesound.org/people/dmooney/sounds/2645/,TAPE03.WAV,dmooney,http://creativecommons.org/licenses/sampling+/1.0/,0.481837,44100.0,1,wav,"[""reel-to-reel"", ""stretched"", ""tape""]",Originally recorded 1971 with cheap equipment in noisy environment. 0.48 sec. Stretched tape sound with soft hit.,,,,,,false,false,true,true,"duration,music_proxy"
2647,https://freesound.org/people/dmooney/sounds/2647/,TAPE05.WAV,dmooney,http://creativecommons.org/licenses/sampling+/1.0/,0.635646,44100.0,1,wav,"[""reel-to-reel"", ""stretched"", ""tape"", ""voice""]",Originally recorded 1971 with cheap equipment in noisy environment. 0.64 sec. Stretched tape sound enveloped by vocal sound.,,,,,,false,false,true,true,"duration,music_proxy"
2648,https://freesound.org/people/dmooney/sounds/2648/,TAPE06.WAV,dmooney,http://creativecommons.org/licenses/sampling+/1.0/,0.688617,44100.0,1,wav,"[""reel-to-reel"", ""stretched"", ""tape"", ""voice""]",Originally recorded 1971 with cheap equipment in noisy environment. 0.69 sec. Stretched tape sound through vocal sound.,,,,,,false,false,true,true,"duration,music_proxy"
2649,https://freesound.org/people/dmooney/sounds/2649/,TAPE07.WAV,dmooney,http://creativecommons.org/licenses/sampling+/1.0/,0.25381,44100.0,1,wav,"[""reel-to-reel"", ""stretched"", ""tape""]","Originally recorded 1971 with cheap equipment in noisy environment. 0.25 sec. Quick stretched tape sound, slight pitch bend down.",,,,,,false,false,true,true,"duration,music_proxy"
2650,https://freesound.org/people/dmooney/sounds/2650/,TAPE08.WAV,dmooney,http://creativecommons.org/licenses/sampling+/1.0/,0.203197,44100.0,1,wav,"[""reel-to-reel"", ""stretched"", ""tape""]","Originally recorded 1971 with cheap equipment in noisy environment. 0.2 sec. Kind of a ""whipet"" sound of streteched tape. Two distinct pitches.",,,,,,false,false,true,true,"duration,music_proxy"
2651,https://freesound.org/people/dmooney/sounds/2651/,TAPE09.WAV,dmooney,http://creativecommons.org/licenses/sampling+/1.0/,0.35678,44100.0,1,wav,"[""reel-to-reel"", ""stretched"", ""tape"", ""voice"", ""zipper""]",Originally recorded 1971 with cheap equipment in noisy environment. 0.36 sec. Stretched tape zipper sound with brief vocal sound at end.,,,,,,false,false,true,true,"duration,music_proxy"
2652,https://freesound.org/people/dmooney/sounds/2652/,TAPE10.WAV,dmooney,http://creativecommons.org/licenses/sampling+/1.0/,0.182132,44100.0,1,wav,"[""reel-to-reel"", ""stretched"", ""tape""]",Originally recorded 1971 with cheap equipment in noisy environment. 0.18 sec. Quick stretched tape sound. Ends abruptly.,,,,,,false,false,true,true,"duration,music_proxy"
2653,https://freesound.org/people/dmooney/sounds/2653/,TAPE11.WAV,dmooney,http://creativecommons.org/licenses/sampling+/1.0/,0.0914286,44100.0,1,wav,"[""reel-to-reel"", ""stretched"", ""tape""]","Originally recorded 1971 with cheap equipment in noisy environment. 0.09 sec. Very fast stretched tape ""twip"". Try panning this one.",,,,,,false,false,true,true,"duration,music_proxy"
2654,https://freesound.org/people/dmooney/sounds/2654/,TAPE12.WAV,dmooney,http://creativecommons.org/licenses/sampling+/1.0/,0.542766,44100.0,1,wav,"[""reel-to-reel"", ""stretched"", ""tape"", ""zipper""]",Originally recorded 1971 with cheap equipment in noisy environment. 0.54 sec. Stretched tape. Good zipper sound. Quick pitch rise at end.,,,,,,false,false,true,true,"duration,music_proxy"
2655,https://freesound.org/people/dmooney/sounds/2655/,TAPE13.WAV,dmooney,http://creativecommons.org/licenses/sampling+/1.0/,0.223878,44100.0,1,wav,"[""reel-to-reel"", ""stretched"", ""tape""]",Originally recorded 1971 with cheap equipment in noisy environment. 0.22 sec. Strong stretched tape sound with a solid hit.,,,,,,false,false,true,true,"duration,music_proxy"
2656,https://freesound.org/people/dmooney/sounds/2656/,TAPE14.WAV,dmooney,http://creativecommons.org/licenses/sampling+/1.0/,0.228209,44100.0,1,wav,"[""reel-to-reel"", ""stretched"", ""tape""]",Originally recorded 1971 with cheap equipment in noisy environment. 0.23 sec. Good quick stretched tape sound with quick pitch rise at end.,,,,,,false,false,true,true,"duration,music_proxy"
2657,https://freesound.org/people/dmooney/sounds/2657/,TAPE15.WAV,dmooney,http://creativecommons.org/licenses/sampling+/1.0/,1.05442,44100.0,1,wav,"[""dropout"", ""reel-to-reel"", ""stretched"", ""tape"", ""voice""]",Originally recorded 1971 with cheap equipment in noisy environment. 1.05 sec. Voice dives into muffled silence and buzz. Stretched tape.,,,,,,false,false,true,true,"duration,music_proxy"
2658,https://freesound.org/people/dmooney/sounds/2658/,TAPE16.WAV,dmooney,http://creativecommons.org/licenses/sampling+/1.0/,0.268503,44100.0,1,wav,"[""reel-to-reel"", ""stretched"", ""tape"", ""zipper""]",Originally recorded 1971 with cheap equipment in noisy environment. 0.27 sec. Quick zipper sound of stretched tape with quick tones and hit at end.,,,,,,false,false,true,true,"duration,music_proxy"
2659,https://freesound.org/people/dmooney/sounds/2659/,TAPE17.WAV,dmooney,http://creativecommons.org/licenses/sampling+/1.0/,1.31773,44100.0,1,wav,"[""reel-to-reel"", ""stretched"", ""tape"", ""zipper""]","Originally recorded 1971 with cheap equipment in noisy environment. 1.32 sec. Winding up zipper sound, stretched tape.",,,,,,false,false,true,true,"duration,music_proxy"
2660,https://freesound.org/people/dmooney/sounds/2660/,TAPE18.WAV,dmooney,http://creativecommons.org/licenses/sampling+/1.0/,0.700544,44100.0,1,wav,"[""reel-to-reel"", ""speed-up"", ""tape""]",Originally recorded 1971 with cheap equipment in noisy environment. 0.7 sec. Reel-to-reel tape turned on and coming up to speed.,,,,,,false,false,true,true,"duration,music_proxy"
2661,https://freesound.org/people/dmooney/sounds/2661/,TAPE19.WAV,dmooney,http://creativecommons.org/licenses/sampling+/1.0/,0.0471655,44100.0,1,wav,"[""reel-to-reel"", ""stretched"", ""tape""]",Originally recorded 1971 with cheap equipment in noisy environment. 0.05 sec. Very quick high pitched stretched tape sound.,,,,,,false,false,true,true,"duration,music_proxy"
2662,https://freesound.org/people/dmooney/sounds/2662/,TAPE20.WAV,dmooney,http://creativecommons.org/licenses/sampling+/1.0/,3.59912,44100.0,1,wav,"[""recorder"", ""reel-to-reel"", ""tape""]",Originally recorded 1971 with cheap equipment in noisy environment. 3.6 sec. Tape recorder off and on. A hum leads in and out.,,,,,,false,false,true,true,"duration,music_proxy"
2663,https://freesound.org/people/dmooney/sounds/2663/,TAPE21.WAV,dmooney,http://creativecommons.org/licenses/sampling+/1.0/,0.417959,44100.0,1,wav,"[""reel-to-reel"", ""stretched"", ""tape""]","Originally recorded 1971 with cheap equipment in noisy environment. 0.42 sec. A kind of whirring sound, stretched tape.",,,,,,false,false,true,true,"duration,music_proxy"
2664,https://freesound.org/people/dmooney/sounds/2664/,TAPE22.WAV,dmooney,http://creativecommons.org/licenses/sampling+/1.0/,0.534059,44100.0,1,wav,"[""dropout"", ""reel-to-reel"", ""stretched"", ""tape""]","Originally recorded 1971 with cheap equipment in noisy environment. 0.53 sec. Audio dropout with a scraping sound, from stretched tape.",,,,,,false,false,true,true,"duration,music_proxy"
2665,https://freesound.org/people/dmooney/sounds/2665/,TAPE23.WAV,dmooney,http://creativecommons.org/licenses/sampling+/1.0/,0.819977,44100.0,1,wav,"[""dropout"", ""reel-to-reel"", ""stretched"", ""tape""]",Originally recorded 1971 with cheap equipment in noisy environment. 0.82 sec. Signal dropou with a clunk sound at end. Recorder switch(?).,,,,,,false,false,true,true,"duration,music_proxy"
2666,https://freesound.org/people/dmooney/sounds/2666/,TAPE24.WAV,dmooney,http://creativecommons.org/licenses/sampling+/1.0/,0.235442,44100.0,1,wav,"[""reel-to-reel"", ""stretched"", ""tape""]","Originally recorded 1971 with cheap equipment in noisy environment. 0.24 sec. Good quick ""twip"" of stretched tape.",,,,,,false,false,true,true,"duration,music_proxy"
2667,https://freesound.org/people/dmooney/sounds/2667/,TAPE25.WAV,dmooney,http://creativecommons.org/licenses/sampling+/1.0/,0.12644,44100.0,1,wav,"[""reel-to-reel"", ""stretched"", ""tape""]",Originally recorded 1971 with cheap equipment in noisy environment. 0.13 sec. Quick and noisy stretched tape sound.,,,,,,false,false,true,true,"duration,music_proxy"
2668,https://freesound.org/people/dmooney/sounds/2668/,TAPE26.WAV,dmooney,http://creativecommons.org/licenses/sampling+/1.0/,0.252041,44100.0,1,wav,"[""reel-to-reel"", ""stretched"", ""tape""]",Originally recorded 1971 with cheap equipment in noisy environment. [Time not known]. Stretched tape anomaly.,,,,,,false,false,true,true,"duration,music_proxy"
2669,https://freesound.org/people/dmooney/sounds/2669/,TAPE27.WAV,dmooney,http://creativecommons.org/licenses/sampling+/1.0/,0.240499,44100.0,1,wav,"[""football"", ""reel-to-reel"", ""stretched"", ""tape""]",Originally recorded 1971 with cheap equipment in noisy environment. 0.24 sec. Quick stretched tape sound with lo-fi American football game in background.,,,,,,false,false,true,true,"duration,music_proxy"
2670,https://freesound.org/people/dmooney/sounds/2670/,TAPE28.WAV,dmooney,http://creativecommons.org/licenses/sampling+/1.0/,0.78542,44100.0,1,wav,"[""dropout"", ""reel-to-reel"", ""stretched"", ""tape"", ""voice""]",Originally recorded 1971 with cheap equipment in noisy environment. 0.79 sec. Quick signal dropout with vocal content.,,,,,,false,false,true,true,"duration,music_proxy"
2671,https://freesound.org/people/dmooney/sounds/2671/,TAPE29.WAV,dmooney,http://creativecommons.org/licenses/sampling+/1.0/,1.00066,44100.0,1,wav,"[""dropout"", ""reel-to-reel"", ""stretched"", ""tape"", ""voice""]",Originally recorded 1971 with cheap equipment in noisy environment. 1.0 sec. Quick signal dropout with some vocal content.,,,,,,false,false,true,true,"duration,music_proxy"
2672,https://freesound.org/people/dmooney/sounds/2672/,TAPE30.WAV,dmooney,http://creativecommons.org/licenses/sampling+/1.0/,1.11785,44100.0,1,wav,"[""dropout"", ""football"", ""reel-to-reel"", ""stretched"", ""tape"", ""voice""]",Originally recorded 1971 with cheap equipment in noisy environment. 1.12 sec. Quick signal dropout with vocal lead in and American football ambient fade out.,,,,,,false,false,true,true,"duration,music_proxy"
2673,https://freesound.org/people/dmooney/sounds/2673/,TAPE31.WAV,dmooney,http://creativecommons.org/licenses/sampling+/1.0/,1.4661,44100.0,1,wav,"[""recorder"", ""reel-to-reel"", ""tape""]",Originally recorded 1971 with cheap equipment in noisy environment. 1.47 sec. Recorder switch and reel-to-reel tape coming up to speed.,,,,,,false,false,true,true,"duration,music_proxy"
2674,https://freesound.org/people/dmooney/sounds/2674/,TAPE32.WAV,dmooney,http://creativecommons.org/licenses/sampling+/1.0/,0.307755,44100.0,1,wav,"[""recorder"", ""reel-to-reel"", ""switch"", ""tape""]",Originally recorded 1971 with cheap equipment in noisy environment. 0.31 sec. Reel-to-reel recorder switched off.,,,,,,false,false,true,true,"duration,music_proxy"
2675,https://freesound.org/people/dmooney/sounds/2675/,TAPE33.WAV,dmooney,http://creativecommons.org/licenses/sampling+/1.0/,0.131859,44100.0,1,wav,"[""reel-to-reel"", ""stretched"", ""tape""]","Originally recorded 1971 with cheap equipment in noisy environment. 0.13 sec. Quick stretched tape ""twip.""",,,,,,false,false,true,true,"duration,music_proxy"
2676,https://freesound.org/people/dmooney/sounds/2676/,TAPE34.WAV,dmooney,http://creativecommons.org/licenses/sampling+/1.0/,0.270862,44100.0,1,wav,"[""recorder"", ""reel-to-reel"", ""tape""]",Originally recorded 1971 with cheap equipment in noisy environment. 0.27 sec. Mid-high tone when reel-to-reel tape stops.,,,,,,false,false,true,true,"duration,music_proxy"
2677,https://freesound.org/people/dmooney/sounds/2677/,TAPE35.WAV,dmooney,http://creativecommons.org/licenses/sampling+/1.0/,3.41032,44100.0,1,wav,"[""football"", ""reel-to-reel"", ""tape""]",Originally recorded 1971 with cheap equipment in noisy environment. 3.41 sec. Reel-to-reel tape coming up to speed with lo-fi American football crowd noise.,,,,,,false,false,true,true,"duration,music_proxy"
2678,https://freesound.org/people/dmooney/sounds/2678/,TAPE36.WAV,dmooney,http://creativecommons.org/licenses/sampling+/1.0/,3.28753,44100.0,1,wav,"[""reel-to-reel"", ""tape"", ""voice""]",Originally recorded 1971 with cheap equipment in noisy environment. 3.29 sec. Reel-to-reel tape coming up to speed with some vocal content.,,,,,,false,false,true,true,"duration,music_proxy"
2679,https://freesound.org/people/dmooney/sounds/2679/,TAPE37.WAV,dmooney,http://creativecommons.org/licenses/sampling+/1.0/,1.95571,44100.0,1,wav,"[""reel-to-reel"", ""tape"", ""television""]",Originally recorded 1971 with cheap equipment in noisy environment. 1.96 sec. Reel-to-reel tape recorder coming up to speed with music from television. Music is from The Violent Men.,,,,,,false,false,true,true,"duration,music_proxy"
2680,https://freesound.org/people/Sugus/sounds/2680/,Cops.wav,Sugus,http://creativecommons.org/licenses/sampling+/1.0/,6.00054,22050.0,1,wav,"[""beating"", ""hitting""]",hitting a mike with my finger,,,,,,false,false,true,true,"duration,music_proxy"
2689,https://freesound.org/people/Pingel/sounds/2689/,th_loud.wav,Pingel,http://creativecommons.org/publicdomain/zero/1.0/,15.511,44100.0,2,wav,"[""close"", ""field-recording"", ""loud"", ""purist"", ""thunder"", ""wheather""]",A very loud thunder clap with a distance of about 400 feet.,,,,,,false,false,true,true,"duration,music_proxy"
2690,https://freesound.org/people/Anton/sounds/2690/,wind1.wav,Anton,https://creativecommons.org/licenses/by/4.0/,21.6693,48000.0,2,wav,"[""environmental-sounds-research"", ""noise"", ""synthetic"", ""wind""]","Synthetic wind created by one of my own pd patches. Basically its just
white noise filtered with sweeping bandpass filters. I guess this is
for the ultra-lazy type of sound designer.",,,,,,false,false,true,true,"duration,music_proxy"
2691,https://freesound.org/people/Jovica/sounds/2691/,115 BPM STAB LOOP 01 mastered 16 bit.wav,Jovica,https://creativecommons.org/licenses/by/4.0/,8.34785,44100.0,2,wav,"[""115bpm"", ""dance"", ""drumloop"", ""electronic"", ""loop"", ""weird""]","I have been creative with some samples I uploaded earlier. I took the 'STAB PACK 01' samples and loaded them into Battery 2 for some mangling. Afterwards I programmed some loops with these sounds within Cubase SX. I also added some more regular electronic drumsounds from the Micro Tonic VSTi.
Lot's of different plugins were used to change the sound in various
directions. Mastering was done in Wavelab using plugins from my TC
Powercore and Elemental Audio. All loops are 4 measures in 4/4 long and
have 115 bpm as tempo.
This is loop 1 of 33 with a real uptempo happy dance feel in it.",,,,,,false,false,true,true,"duration,music_proxy"
2692,https://freesound.org/people/Jovica/sounds/2692/,115 BPM STAB LOOP 02 mastered 16 bit.wav,Jovica,https://creativecommons.org/licenses/by/4.0/,8.34785,44100.0,2,wav,"[""115bpm"", ""dance"", ""drumloop"", ""electronic"", ""loop"", ""weird""]","I have been creative with some samples I uploaded earlier. I took the 'STAB PACK 01' samples and loaded them into Battery 2 for some mangling. Afterwards I programmed some loops with these sounds within Cubase SX. I also added some more regular electronic drumsounds from the Micro Tonic VSTi.
Lot's of different plugins were used to change the sound in various
directions. Mastering was done in Wavelab using plugins from my TC
Powercore and Elemental Audio. All loops are 4 measures in 4/4 long and
have 115 bpm as tempo.
This is loop 2 of 33 with a lofi feel in it and some background industrial sounds.",,,,,,false,false,true,true,"duration,music_proxy"
2693,https://freesound.org/people/Jovica/sounds/2693/,115 BPM STAB LOOP 03 mastered 16 bit.wav,Jovica,https://creativecommons.org/licenses/by/4.0/,8.34782,44100.0,2,wav,"[""115bpm"", ""dance"", ""drumloop"", ""electronic"", ""loop"", ""weird""]","I have been creative with some samples I uploaded earlier. I took the 'STAB PACK 01' samples and loaded them into Battery 2 for some mangling. Afterwards I programmed some loops with these sounds within Cubase SX. I also added some more regular electronic drumsounds from the Micro Tonic VSTi.
Lot's of different plugins were used to change the sound in various
directions. Mastering was done in Wavelab using plugins from my TC
Powercore and Elemental Audio. All loops are 4 measures in 4/4 long and
have 115 bpm as tempo.
This is loop 3 of 33 with an experimental industrial feel in it.",,,,,,false,false,true,true,"duration,music_proxy"
2694,https://freesound.org/people/Jovica/sounds/2694/,115 BPM STAB LOOP 04 mastered 16 bit.wav,Jovica,https://creativecommons.org/licenses/by/4.0/,8.34782,44100.0,2,wav,"[""115bpm"", ""dance"", ""drumloop"", ""electronic"", ""loop"", ""weird""]","I have been creative with some samples I uploaded earlier. I took the 'STAB PACK 01' samples and loaded them into Battery 2 for some mangling. Afterwards I programmed some loops with these sounds within Cubase SX. I also added some more regular electronic drumsounds from the Micro Tonic VSTi.
Lot's of different plugins were used to change the sound in various
directions. Mastering was done in Wavelab using plugins from my TC
Powercore and Elemental Audio. All loops are 4 measures in 4/4 long and
have 115 bpm as tempo.
This is loop 4 of 33 with an experimental feel in it and some nice special effects.",,,,,,false,false,true,true,"duration,music_proxy"
2695,https://freesound.org/people/Jovica/sounds/2695/,115 BPM STAB LOOP 05 mastered 16 bit.wav,Jovica,https://creativecommons.org/licenses/by/4.0/,8.34785,44100.0,2,wav,"[""115bpm"", ""dance"", ""drumloop"", ""electronic"", ""loop"", ""weird""]","I have been creative with some samples I uploaded earlier. I took the 'STAB PACK 01' samples and loaded them into Battery 2 for some mangling. Afterwards I programmed some loops with these sounds within Cubase SX. I also added some more regular electronic drumsounds from the Micro Tonic VSTi.
Lot's of different plugins were used to change the sound in various
directions. Mastering was done in Wavelab using plugins from my TC
Powercore and Elemental Audio. All loops are 4 measures in 4/4 long and
have 115 bpm as tempo.
This is loop 5 of 33 with an experimental industrial feel in it.",,,,,,false,false,true,true,"duration,music_proxy"
2696,https://freesound.org/people/Jovica/sounds/2696/,115 BPM STAB LOOP 06 mastered 16 bit.wav,Jovica,https://creativecommons.org/licenses/by/4.0/,8.34785,44100.0,2,wav,"[""115bpm"", ""dance"", ""drumloop"", ""electronic"", ""loop"", ""weird""]","I have been creative with some samples I uploaded earlier. I took the 'STAB PACK 01' samples and loaded them into Battery 2 for some mangling. Afterwards I programmed some loops with these sounds within Cubase SX. I also added some more regular electronic drumsounds from the Micro Tonic VSTi.
Lot's of different plugins were used to change the sound in various
directions. Mastering was done in Wavelab using plugins from my TC
Powercore and Elemental Audio. All loops are 4 measures in 4/4 long and
have 115 bpm as tempo.
This is loop 6 of 33 with an experimental industrial feel in it.",,,,,,false,false,true,true,"duration,music_proxy"
2697,https://freesound.org/people/Jovica/sounds/2697/,115 BPM STAB LOOP 07 mastered 16 bit.wav,Jovica,https://creativecommons.org/licenses/by/4.0/,8.34782,44100.0,2,wav,"[""115bpm"", ""dance"", ""drumloop"", ""electronic"", ""loop"", ""weird""]","I have been creative with some samples I uploaded earlier. I took the 'STAB PACK 01' samples and loaded them into Battery 2 for some mangling. Afterwards I programmed some loops with these sounds within Cubase SX. I also added some more regular electronic drumsounds from the Micro Tonic VSTi.
Lot's of different plugins were used to change the sound in various
directions. Mastering was done in Wavelab using plugins from my TC
Powercore and Elemental Audio. All loops are 4 measures in 4/4 long and
have 115 bpm as tempo.
This is loop 7 of 33 with a experimental feel in it and some nice special effects.",,,,,,false,false,true,true,"duration,music_proxy"
2698,https://freesound.org/people/Jovica/sounds/2698/,115 BPM STAB LOOP 08 mastered 16 bit.wav,Jovica,https://creativecommons.org/licenses/by/4.0/,8.34782,44100.0,2,wav,"[""115bpm"", ""dance"", ""drumloop"", ""electronic"", ""loop"", ""weird""]","I have been creative with some samples I uploaded earlier. I took the 'STAB PACK 01' samples and loaded them into Battery 2 for some mangling. Afterwards I programmed some loops with these sounds within Cubase SX. I also added some more regular electronic drumsounds from the Micro Tonic VSTi.
Lot's of different plugins were used to change the sound in various
directions. Mastering was done in Wavelab using plugins from my TC
Powercore and Elemental Audio. All loops are 4 measures in 4/4 long and
have 115 bpm as tempo.
This is loop 8 of 33 with a distorted guitar without guitar feel in it.",,,,,,false,false,true,true,"duration,music_proxy"
2699,https://freesound.org/people/Jovica/sounds/2699/,115 BPM STAB LOOP 09 mastered 16 bit.wav,Jovica,https://creativecommons.org/licenses/by/4.0/,8.34785,44100.0,2,wav,"[""115bpm"", ""dance"", ""drumloop"", ""electronic"", ""loop"", ""weird""]","I have been creative with some samples I uploaded earlier. I took the 'STAB PACK 01' samples and loaded them into Battery 2 for some mangling. Afterwards I programmed some loops with these sounds within Cubase SX. I also added some more regular electronic drumsounds from the Micro Tonic VSTi.
Lot's of different plugins were used to change the sound in various
directions. Mastering was done in Wavelab using plugins from my TC
Powercore and Elemental Audio. All loops are 4 measures in 4/4 long and
have 115 bpm as tempo.
This is loop 9 of 33 with an experimental industrial feel in it.
",,,,,,false,false,true,true,"duration,music_proxy"
2700,https://freesound.org/people/Jovica/sounds/2700/,115 BPM STAB LOOP 10 mastered 16 bit.wav,Jovica,https://creativecommons.org/licenses/by/4.0/,8.34785,44100.0,2,wav,"[""115bpm"", ""dance"", ""drumloop"", ""electronic"", ""loop"", ""weird""]","I have been creative with some samples I uploaded earlier. I took the 'STAB PACK 01' samples and loaded them into Battery 2 for some mangling. Afterwards I programmed some loops with these sounds within Cubase SX. I also added some more regular electronic drumsounds from the Micro Tonic VSTi.
Lot's of different plugins were used to change the sound in various
directions. Mastering was done in Wavelab using plugins from my TC
Powercore and Elemental Audio. All loops are 4 measures in 4/4 long and
have 115 bpm as tempo.
This is loop 10 of 33 with a uptempo experimental groove in it.",,,,,,false,false,true,true,"duration,music_proxy"
2701,https://freesound.org/people/Jovica/sounds/2701/,115 BPM STAB LOOP 11 mastered 16 bit.wav,Jovica,https://creativecommons.org/licenses/by/4.0/,8.34782,44100.0,2,wav,"[""115bpm"", ""dance"", ""drumloop"", ""electronic"", ""loop"", ""weird""]","I have been creative with some samples I uploaded earlier. I took the 'STAB PACK 01' samples and loaded them into Battery 2 for some mangling. Afterwards I programmed some loops with these sounds within Cubase SX. I also added some more regular electronic drumsounds from the Micro Tonic VSTi.
Lot's of different plugins were used to change the sound in various
directions. Mastering was done in Wavelab using plugins from my TC
Powercore and Elemental Audio. All loops are 4 measures in 4/4 long and
have 115 bpm as tempo.
This is loop 11 of 33 with a dance groove in it and a high frequency experimental sound.",,,,,,false,false,true,true,"duration,music_proxy"
2702,https://freesound.org/people/Jovica/sounds/2702/,115 BPM STAB LOOP 12 mastered 16 bit.wav,Jovica,https://creativecommons.org/licenses/by/4.0/,8.34782,44100.0,2,wav,"[""115bpm"", ""dance"", ""drumloop"", ""electronic"", ""loop"", ""weird""]","I have been creative with some samples I uploaded earlier. I took the 'STAB PACK 01' samples and loaded them into Battery 2 for some mangling. Afterwards I programmed some loops with these sounds within Cubase SX. I also added some more regular electronic drumsounds from the Micro Tonic VSTi.
Lot's of different plugins were used to change the sound in various
directions. Mastering was done in Wavelab using plugins from my TC
Powercore and Elemental Audio. All loops are 4 measures in 4/4 long and
have 115 bpm as tempo.
This is loop 12 of 33 with a heavy dance groove in it.",,,,,,false,false,true,true,"duration,music_proxy"
2703,https://freesound.org/people/Jovica/sounds/2703/,115 BPM STAB LOOP 13 mastered 16 bit.wav,Jovica,https://creativecommons.org/licenses/by/4.0/,8.34785,44100.0,2,wav,"[""115bpm"", ""dance"", ""drumloop"", ""electronic"", ""loop"", ""weird""]","I have been creative with some samples I uploaded earlier. I took the 'STAB PACK 01' samples and loaded them into Battery 2 for some mangling. Afterwards I programmed some loops with these sounds within Cubase SX. I also added some more regular electronic drumsounds from the Micro Tonic VSTi.
Lot's of different plugins were used to change the sound in various
directions. Mastering was done in Wavelab using plugins from my TC
Powercore and Elemental Audio. All loops are 4 measures in 4/4 long and
have 115 bpm as tempo.
This is loop 13 of 33 with a experimental groove to dance to.",,,,,,false,false,true,true,"duration,music_proxy"
2704,https://freesound.org/people/Jovica/sounds/2704/,115 BPM STAB LOOP 14 mastered 16 bit.wav,Jovica,https://creativecommons.org/licenses/by/4.0/,8.34785,44100.0,2,wav,"[""115bpm"", ""dance"", ""drumloop"", ""electronic"", ""loop"", ""weird""]","I have been creative with some samples I uploaded earlier. I took the 'STAB PACK 01' samples and loaded them into Battery 2 for some mangling. Afterwards I programmed some loops with these sounds within Cubase SX. I also added some more regular electronic drumsounds from the Micro Tonic VSTi.
Lot's of different plugins were used to change the sound in various
directions. Mastering was done in Wavelab using plugins from my TC
Powercore and Elemental Audio. All loops are 4 measures in 4/4 long and
have 115 bpm as tempo.
This is loop 14 of 33 with lot's of underground electro groove in it. Some nice melody too.",,,,,,false,false,true,true,"duration,music_proxy"
2705,https://freesound.org/people/Jovica/sounds/2705/,115 BPM STAB LOOP 15 mastered 16 bit.wav,Jovica,https://creativecommons.org/licenses/by/4.0/,8.34782,44100.0,2,wav,"[""115bpm"", ""dance"", ""drumloop"", ""electronic"", ""loop"", ""weird""]","I have been creative with some samples I uploaded earlier. I took the 'STAB PACK 01' samples and loaded them into Battery 2 for some mangling. Afterwards I programmed some loops with these sounds within Cubase SX. I also added some more regular electronic drumsounds from the Micro Tonic VSTi.
Lot's of different plugins were used to change the sound in various
directions. Mastering was done in Wavelab using plugins from my TC
Powercore and Elemental Audio. All loops are 4 measures in 4/4 long and
have 115 bpm as tempo.
This is loop 15 of 33 with an underground electro dance feel.",,,,,,false,false,true,true,"duration,music_proxy"
2706,https://freesound.org/people/Jovica/sounds/2706/,115 BPM STAB LOOP 16 mastered 16 bit.wav,Jovica,https://creativecommons.org/licenses/by/4.0/,8.34782,44100.0,2,wav,"[""115bpm"", ""dance"", ""drumloop"", ""electronic"", ""loop"", ""weird""]","I have been creative with some samples I uploaded earlier. I took the 'STAB PACK 01' samples and loaded them into Battery 2 for some mangling. Afterwards I programmed some loops with these sounds within Cubase SX. I also added some more regular electronic drumsounds from the Micro Tonic VSTi.
Lot's of different plugins were used to change the sound in various
directions. Mastering was done in Wavelab using plugins from my TC
Powercore and Elemental Audio. All loops are 4 measures in 4/4 long and
have 115 bpm as tempo.
This is loop 16 of 33 with an underground dance feel and some sweeping behind it.",,,,,,false,false,true,true,"duration,music_proxy"
2707,https://freesound.org/people/Jovica/sounds/2707/,115 BPM STAB LOOP 17 mastered 16 bit.wav,Jovica,https://creativecommons.org/licenses/by/4.0/,8.34785,44100.0,2,wav,"[""115bpm"", ""dance"", ""drumloop"", ""electronic"", ""loop"", ""weird""]","I have been creative with some samples I uploaded earlier. I took the 'STAB PACK 01' samples and loaded them into Battery 2 for some mangling. Afterwards I programmed some loops with these sounds within Cubase SX. I also added some more regular electronic drumsounds from the Micro Tonic VSTi.
Lot's of different plugins were used to change the sound in various
directions. Mastering was done in Wavelab using plugins from my TC
Powercore and Elemental Audio. All loops are 4 measures in 4/4 long and
have 115 bpm as tempo.
This is loop 17 of 33 with an urge to rave but only at 115 BPM.",,,,,,false,false,true,true,"duration,music_proxy"
2708,https://freesound.org/people/Jovica/sounds/2708/,115 BPM STAB LOOP 18 mastered 16 bit.wav,Jovica,https://creativecommons.org/licenses/by/4.0/,8.34785,44100.0,2,wav,"[""115bpm"", ""dance"", ""drumloop"", ""electronic"", ""loop"", ""weird""]","I have been creative with some samples I uploaded earlier. I took the 'STAB PACK 01' samples and loaded them into Battery 2 for some mangling. Afterwards I programmed some loops with these sounds within Cubase SX. I also added some more regular electronic drumsounds from the Micro Tonic VSTi.
Lot's of different plugins were used to change the sound in various
directions. Mastering was done in Wavelab using plugins from my TC
Powercore and Elemental Audio. All loops are 4 measures in 4/4 long and
have 115 bpm as tempo.
This is loop 18 of 33 with an urge to rave but only at 115 BPM.",,,,,,false,false,true,true,"duration,music_proxy"
2709,https://freesound.org/people/Jovica/sounds/2709/,115 BPM STAB LOOP 19 mastered 16 bit.wav,Jovica,https://creativecommons.org/licenses/by/4.0/,8.34782,44100.0,2,wav,"[""115bpm"", ""dance"", ""drumloop"", ""electronic"", ""loop"", ""weird""]","I have been creative with some samples I uploaded earlier. I took the 'STAB PACK 01' samples and loaded them into Battery 2 for some mangling. Afterwards I programmed some loops with these sounds within Cubase SX. I also added some more regular electronic drumsounds from the Micro Tonic VSTi.
Lot's of different plugins were used to change the sound in various
directions. Mastering was done in Wavelab using plugins from my TC
Powercore and Elemental Audio. All loops are 4 measures in 4/4 long and
have 115 bpm as tempo.
This is loop 19 of 33 with some experimental very rythmic groove.",,,,,,false,false,true,true,"duration,music_proxy"
2710,https://freesound.org/people/Jovica/sounds/2710/,115 BPM STAB LOOP 20 mastered 16 bit.wav,Jovica,https://creativecommons.org/licenses/by/4.0/,8.34782,44100.0,2,wav,"[""115bpm"", ""dance"", ""drumloop"", ""electronic"", ""loop"", ""weird""]","I have been creative with some samples I uploaded earlier. I took the 'STAB PACK 01' samples and loaded them into Battery 2 for some mangling. Afterwards I programmed some loops with these sounds within Cubase SX. I also added some more regular electronic drumsounds from the Micro Tonic VSTi.
Lot's of different plugins were used to change the sound in various
directions. Mastering was done in Wavelab using plugins from my TC
Powercore and Elemental Audio. All loops are 4 measures in 4/4 long and
have 115 bpm as tempo.
This is loop 20 of 33 with some distorted kicks and weird sounds.",,,,,,false,false,true,true,"duration,music_proxy"
2711,https://freesound.org/people/Jovica/sounds/2711/,115 BPM STAB LOOP 21 mastered 16 bit.wav,Jovica,https://creativecommons.org/licenses/by/4.0/,8.34785,44100.0,2,wav,"[""115bpm"", ""dance"", ""drumloop"", ""electronic"", ""loop"", ""weird""]","I have been creative with some samples I uploaded earlier. I took the 'STAB PACK 01' samples and loaded them into Battery 2 for some mangling. Afterwards I programmed some loops with these sounds within Cubase SX. I also added some more regular electronic drumsounds from the Micro Tonic VSTi.
Lot's of different plugins were used to change the sound in various
directions. Mastering was done in Wavelab using plugins from my TC
Powercore and Elemental Audio. All loops are 4 measures in 4/4 long and
have 115 bpm as tempo.
This is loop 21 of 33 with some nice interruptions that give this some extra swing.",,,,,,false,false,true,true,"duration,music_proxy"
2712,https://freesound.org/people/Jovica/sounds/2712/,115 BPM STAB LOOP 22 mastered 16 bit.wav,Jovica,https://creativecommons.org/licenses/by/4.0/,8.34785,44100.0,2,wav,"[""115bpm"", ""dance"", ""drumloop"", ""electronic"", ""loop"", ""weird""]","I have been creative with some samples I uploaded earlier. I took the 'STAB PACK 01' samples and loaded them into Battery 2 for some mangling. Afterwards I programmed some loops with these sounds within Cubase SX. I also added some more regular electronic drumsounds from the Micro Tonic VSTi.
Lot's of different plugins were used to change the sound in various
directions. Mastering was done in Wavelab using plugins from my TC
Powercore and Elemental Audio. All loops are 4 measures in 4/4 long and
have 115 bpm as tempo.
This is loop 22 of 33 with an underground electro dance feel.",,,,,,false,false,true,true,"duration,music_proxy"
2713,https://freesound.org/people/Jovica/sounds/2713/,115 BPM STAB LOOP 23 mastered 16 bit.wav,Jovica,https://creativecommons.org/licenses/by/4.0/,8.34785,44100.0,2,wav,"[""115bpm"", ""dance"", ""drumloop"", ""electronic"", ""loop"", ""weird""]","I have been creative with some samples I uploaded earlier. I took the 'STAB PACK 01' samples and loaded them into Battery 2 for some mangling. Afterwards I programmed some loops with these sounds within Cubase SX. I also added some more regular electronic drumsounds from the Micro Tonic VSTi.
Lot's of different plugins were used to change the sound in various
directions. Mastering was done in Wavelab using plugins from my TC
Powercore and Elemental Audio. All loops are 4 measures in 4/4 long and
have 115 bpm as tempo.
This is loop 23 of 33 with an underground electro dance feel.",,,,,,false,false,true,true,"duration,music_proxy"
2714,https://freesound.org/people/Jovica/sounds/2714/,115 BPM STAB LOOP 24 mastered 16 bit.wav,Jovica,https://creativecommons.org/licenses/by/4.0/,8.34782,44100.0,2,wav,"[""115bpm"", ""dance"", ""drumloop"", ""electronic"", ""loop"", ""weird""]","I have been creative with some samples I uploaded earlier. I took the 'STAB PACK 01' samples and loaded them into Battery 2 for some mangling. Afterwards I programmed some loops with these sounds within Cubase SX. I also added some more regular electronic drumsounds from the Micro Tonic VSTi.
Lot's of different plugins were used to change the sound in various
directions. Mastering was done in Wavelab using plugins from my TC
Powercore and Elemental Audio. All loops are 4 measures in 4/4 long and
have 115 bpm as tempo.
This is loop 24 of 33 with an experimental industrial feel in it.",,,,,,false,false,true,true,"duration,music_proxy"
2715,https://freesound.org/people/Jovica/sounds/2715/,115 BPM STAB LOOP 25 mastered 16 bit.wav,Jovica,https://creativecommons.org/licenses/by/4.0/,8.34782,44100.0,2,wav,"[""115bpm"", ""dance"", ""drumloop"", ""electronic"", ""loop"", ""weird""]","I have been creative with some samples I uploaded earlier. I took the 'STAB PACK 01' samples and loaded them into Battery 2 for some mangling. Afterwards I programmed some loops with these sounds within Cubase SX. I also added some more regular electronic drumsounds from the Micro Tonic VSTi.
Lot's of different plugins were used to change the sound in various
directions. Mastering was done in Wavelab using plugins from my TC
Powercore and Elemental Audio. All loops are 4 measures in 4/4 long and
have 115 bpm as tempo.
This is loop 25 of 33 with an experimental feel in it and some nice special effects.",,,,,,false,false,true,true,"duration,music_proxy"
2716,https://freesound.org/people/Jovica/sounds/2716/,115 BPM STAB LOOP 26 mastered 16 bit.wav,Jovica,https://creativecommons.org/licenses/by/4.0/,8.34785,44100.0,2,wav,"[""115bpm"", ""dance"", ""drumloop"", ""electronic"", ""loop"", ""weird""]","I have been creative with some samples I uploaded earlier. I took the 'STAB PACK 01' samples and loaded them into Battery 2 for some mangling. Afterwards I programmed some loops with these sounds within Cubase SX. I also added some more regular electronic drumsounds from the Micro Tonic VSTi.
Lot's of different plugins were used to change the sound in various
directions. Mastering was done in Wavelab using plugins from my TC
Powercore and Elemental Audio. All loops are 4 measures in 4/4 long and
have 115 bpm as tempo.
This is loop 26 of 33 with lot's of underground electro groove in it.",,,,,,false,false,true,true,"duration,music_proxy"
2717,https://freesound.org/people/Jovica/sounds/2717/,115 BPM STAB LOOP 27 mastered 16 bit.wav,Jovica,https://creativecommons.org/licenses/by/4.0/,8.34785,44100.0,2,wav,"[""115bpm"", ""dance"", ""drumloop"", ""electronic"", ""loop"", ""weird""]","I have been creative with some samples I uploaded earlier. I took the 'STAB PACK 01' samples and loaded them into Battery 2 for some mangling. Afterwards I programmed some loops with these sounds within Cubase SX. I also added some more regular electronic drumsounds from the Micro Tonic VSTi.
Lot's of different plugins were used to change the sound in various
directions. Mastering was done in Wavelab using plugins from my TC
Powercore and Elemental Audio. All loops are 4 measures in 4/4 long and
have 115 bpm as tempo.
This is loop 27 of 33 with an experimental feel in it and some nice special effects.",,,,,,false,false,true,true,"duration,music_proxy"
2718,https://freesound.org/people/Jovica/sounds/2718/,115 BPM STAB LOOP 28 mastered 16 bit.wav,Jovica,https://creativecommons.org/licenses/by/4.0/,8.34782,44100.0,2,wav,"[""115bpm"", ""dance"", ""drumloop"", ""electronic"", ""loop"", ""weird""]","I have been creative with some samples I uploaded earlier. I took the 'STAB PACK 01' samples and loaded them into Battery 2 for some mangling. Afterwards I programmed some loops with these sounds within Cubase SX. I also added some more regular electronic drumsounds from the Micro Tonic VSTi.
Lot's of different plugins were used to change the sound in various
directions. Mastering was done in Wavelab using plugins from my TC
Powercore and Elemental Audio. All loops are 4 measures in 4/4 long and
have 115 bpm as tempo.
This is loop 28 of 33 with an urge to rave but only at 115 BPM.",,,,,,false,false,true,true,"duration,music_proxy"
2719,https://freesound.org/people/Jovica/sounds/2719/,115 BPM STAB LOOP 29 mastered 16 bit.wav,Jovica,https://creativecommons.org/licenses/by/4.0/,8.34782,44100.0,2,wav,"[""115bpm"", ""dance"", ""drumloop"", ""electronic"", ""loop"", ""weird""]","I have been creative with some samples I uploaded earlier. I took the 'STAB PACK 01' samples and loaded them into Battery 2 for some mangling. Afterwards I programmed some loops with these sounds within Cubase SX. I also added some more regular electronic drumsounds from the Micro Tonic VSTi.
Lot's of different plugins were used to change the sound in various
directions. Mastering was done in Wavelab using plugins from my TC
Powercore and Elemental Audio. All loops are 4 measures in 4/4 long and
have 115 bpm as tempo.
This is loop 29 of 33 with an underground electro dance feel. All of it with some reverb.",,,,,,false,false,true,true,"duration,music_proxy"
2720,https://freesound.org/people/Jovica/sounds/2720/,115 BPM STAB LOOP 30 mastered 16 bit.wav,Jovica,https://creativecommons.org/licenses/by/4.0/,8.34785,44100.0,2,wav,"[""115bpm"", ""dance"", ""drumloop"", ""electronic"", ""loop"", ""weird""]","I have been creative with some samples I uploaded earlier. I took the 'STAB PACK 01' samples and loaded them into Battery 2 for some mangling. Afterwards I programmed some loops with these sounds within Cubase SX. I also added some more regular electronic drumsounds from the Micro Tonic VSTi.
Lot's of different plugins were used to change the sound in various
directions. Mastering was done in Wavelab using plugins from my TC
Powercore and Elemental Audio. All loops are 4 measures in 4/4 long and
have 115 bpm as tempo.
This is loop 30 of 33 with an experimental industrial feel in it. With a rising sound.",,,,,,false,false,true,true,"duration,music_proxy"
2721,https://freesound.org/people/Jovica/sounds/2721/,115 BPM STAB LOOP 31 mastered 16 bit.wav,Jovica,https://creativecommons.org/licenses/by/4.0/,8.34785,44100.0,2,wav,"[""115bpm"", ""dance"", ""drumloop"", ""electronic"", ""loop"", ""weird""]","I have been creative with some samples I uploaded earlier. I took the 'STAB PACK 01' samples and loaded them into Battery 2 for some mangling. Afterwards I programmed some loops with these sounds within Cubase SX. I also added some more regular electronic drumsounds from the Micro Tonic VSTi.
Lot's of different plugins were used to change the sound in various
directions. Mastering was done in Wavelab using plugins from my TC
Powercore and Elemental Audio. All loops are 4 measures in 4/4 long and
have 115 bpm as tempo.
This is loop 31 of 33 with heavy distorted beats. Pure core.",,,,,,false,false,true,true,"duration,music_proxy"
2722,https://freesound.org/people/Jovica/sounds/2722/,115 BPM STAB LOOP 32 mastered 16 bit.wav,Jovica,https://creativecommons.org/licenses/by/4.0/,8.34782,44100.0,2,wav,"[""115bpm"", ""dance"", ""drumloop"", ""electronic"", ""loop"", ""weird""]","I have been creative with some samples I uploaded earlier. I took the 'STAB PACK 01' samples and loaded them into Battery 2 for some mangling. Afterwards I programmed some loops with these sounds within Cubase SX. I also added some more regular electronic drumsounds from the Micro Tonic VSTi.
Lot's of different plugins were used to change the sound in various
directions. Mastering was done in Wavelab using plugins from my TC
Powercore and Elemental Audio. All loops are 4 measures in 4/4 long and
have 115 bpm as tempo.
This is loop 32 of 33 with a very experimental industrial feel in it.",,,,,,false,false,true,true,"duration,music_proxy"
2723,https://freesound.org/people/Jovica/sounds/2723/,115 BPM STAB LOOP 33 mastered 16 bit.wav,Jovica,https://creativecommons.org/licenses/by/4.0/,8.34782,44100.0,2,wav,"[""115bpm"", ""dance"", ""drumloop"", ""electronic"", ""loop"", ""weird""]","I have been creative with some samples I uploaded earlier. I took the 'STAB PACK 01' samples and loaded them into Battery 2 for some mangling. Afterwards I programmed some loops with these sounds within Cubase SX. I also added some more regular electronic drumsounds from the Micro Tonic VSTi.
Lot's of different plugins were used to change the sound in various
directions. Mastering was done in Wavelab using plugins from my TC
Powercore and Elemental Audio. All loops are 4 measures in 4/4 long and
have 115 bpm as tempo.
This is loop 33 of 33 with an underground electro dance feel.",,,,,,false,false,true,true,"duration,music_proxy"
2724,https://freesound.org/people/mattj/sounds/2724/,automantakesadip.ogg,mattj,http://creativecommons.org/publicdomain/zero/1.0/,68.9517,44100.0,2,ogg,"[""composition"", ""electronic"", ""filtered"", ""glitch"", ""industrial"", ""noisy""]","Composition made using SoundEdit 16 on Mac. Mainly done using the
SoundEdit 16 generated tones put through many different filters.",,,,,,false,true,true,true,music_proxy
2725,https://freesound.org/people/mattj/sounds/2725/,ballofstringtheory.ogg,mattj,http://creativecommons.org/publicdomain/zero/1.0/,88.695,44100.0,2,ogg,"[""composition"", ""electronic"", ""filtered"", ""glitch"", ""industrial"", ""noisy""]","Composition made using SoundEdit 16 on Mac. Mainly done using the
SoundEdit 16 generated tones put through many different filters.",,,,,,false,true,true,true,music_proxy
2726,https://freesound.org/people/mattj/sounds/2726/,chalk.ogg,mattj,http://creativecommons.org/publicdomain/zero/1.0/,144.347,44100.0,2,ogg,"[""electronic"", ""filtered"", ""repetitive"", ""slow"", ""voice""]",Composition made using SoundEdit 16 on Mac. This is a human voice saying an unknown word slowed down and looped. ,,,,,,false,true,true,true,music_proxy
2727,https://freesound.org/people/mattj/sounds/2727/,clockwatching.ogg,mattj,http://creativecommons.org/publicdomain/zero/1.0/,30.2467,44100.0,2,ogg,"[""ambient"", ""electronic"", ""field-recording"", ""glitch"", ""industrial"", ""spooky""]","Composition made using SoundEdit 16 on Mac. This is is a field
recording of the ambient noise in an office slowed down and filtered
multiple times.",,,,,,false,true,true,true,music_proxy
2728,https://freesound.org/people/mattj/sounds/2728/,frequenting.ogg,mattj,http://creativecommons.org/publicdomain/zero/1.0/,73.94,44100.0,2,ogg,"[""composition"", ""electronic"", ""filtered"", ""glitch"", ""industrial"", ""noisy""]",Composition made using SoundEdit 16 on Mac. ,,,,,,false,true,true,true,music_proxy
2729,https://freesound.org/people/mattj/sounds/2729/,irregularasclockwork.ogg,mattj,http://creativecommons.org/publicdomain/zero/1.0/,110.162,44100.0,2,ogg,"[""electronic"", ""filtered"", ""glitch"", ""industrial"", ""noisy"", ""repetitive""]","Composition made using SoundEdit 16 on Mac. Mainly done using the
SoundEdit 16 generated tones put through many different filters.",,,,,,false,true,true,true,music_proxy
2730,https://freesound.org/people/mattj/sounds/2730/,radoxbomb.ogg,mattj,http://creativecommons.org/publicdomain/zero/1.0/,56.185,44100.0,2,ogg,"[""electronic"", ""filtered"", ""glitch"", ""industrial"", ""noisy""]","Composition made using SoundEdit 16 on Mac. Mainly done using the
SoundEdit 16 generated tones put through many different filters.",,,,,,false,true,true,true,music_proxy
2731,https://freesound.org/people/stk/sounds/2731/,binAudio_01000.wav,stk,https://creativecommons.org/licenses/by/4.0/,0.145873,44100.0,1,wav,"[""dangerous"", ""glitch"", ""lofi""]","Series of short glitches derived from opening windows binaries in a wave editor.
Mind your speakers!",,,,,,false,false,true,true,"duration,music_proxy"
2732,https://freesound.org/people/stk/sounds/2732/,binAudio_01001.wav,stk,https://creativecommons.org/licenses/by/4.0/,0.700952,44100.0,1,wav,"[""dangerous"", ""glitch"", ""lofi""]","Series of short glitches derived from opening windows binaries in a wave editor.
Mind your speakers!",,,,,,false,false,true,true,"duration,music_proxy"
2733,https://freesound.org/people/stk/sounds/2733/,binAudio_01002.wav,stk,https://creativecommons.org/licenses/by/4.0/,0.102336,44100.0,1,wav,"[""dangerous"", ""glitch"", ""lofi""]","Series of short glitches derived from opening windows binaries in a wave editor.
Mind your speakers!",,,,,,false,false,true,true,"duration,music_proxy"
2734,https://freesound.org/people/stk/sounds/2734/,binAudio_01003.wav,stk,https://creativecommons.org/licenses/by/4.0/,0.325102,44100.0,1,wav,"[""dangerous"", ""glitch"", ""lofi""]","Series of short glitches derived from opening windows binaries in a wave editor.
Mind your speakers!",,,,,,false,false,true,true,"duration,music_proxy"
2735,https://freesound.org/people/stk/sounds/2735/,binAudio_01004.wav,stk,https://creativecommons.org/licenses/by/4.0/,0.306213,44100.0,1,wav,"[""dangerous"", ""glitch"", ""lofi""]","Series of short glitches derived from opening windows binaries in a wave editor.
Mind your speakers!",,,,,,false,false,true,true,"duration,music_proxy"
2736,https://freesound.org/people/stk/sounds/2736/,binAudio_01005.wav,stk,https://creativecommons.org/licenses/by/4.0/,0.381678,44100.0,1,wav,"[""dangerous"", ""glitch"", ""lofi""]","Series of short glitches derived from opening windows binaries in a wave editor.
Mind your speakers!",,,,,,false,false,true,true,"duration,music_proxy"
2737,https://freesound.org/people/stk/sounds/2737/,binAudio_01006.wav,stk,https://creativecommons.org/licenses/by/4.0/,0.39619,44100.0,1,wav,"[""dangerous"", ""glitch"", ""lofi""]","Series of short glitches derived from opening windows binaries in a wave editor.
Mind your speakers!",,,,,,false,false,true,true,"duration,music_proxy"
2738,https://freesound.org/people/stk/sounds/2738/,binAudio_01007.wav,stk,https://creativecommons.org/licenses/by/4.0/,0.824308,44100.0,1,wav,"[""dangerous"", ""glitch"", ""lofi""]","Series of short glitches derived from opening windows binaries in a wave editor.
Mind your speakers!",,,,,,false,false,true,true,"duration,music_proxy"
2739,https://freesound.org/people/stk/sounds/2739/,binAudio_01008.wav,stk,https://creativecommons.org/licenses/by/4.0/,0.142222,44100.0,1,wav,"[""dangerous"", ""glitch"", ""lofi""]","Series of short glitches derived from opening windows binaries in a wave editor.
Mind your speakers!",,,,,,false,false,true,true,"duration,music_proxy"
2740,https://freesound.org/people/stk/sounds/2740/,binAudio_01009.wav,stk,https://creativecommons.org/licenses/by/4.0/,0.165442,44100.0,1,wav,"[""dangerous"", ""glitch"", ""lofi""]","Series of short glitches derived from opening windows binaries in a wave editor.
Mind your speakers!",,,,,,false,false,true,true,"duration,music_proxy"
2741,https://freesound.org/people/stk/sounds/2741/,binAudio_01010.wav,stk,https://creativecommons.org/licenses/by/4.0/,0.0124263,44100.0,1,wav,"[""dangerous"", ""glitch"", ""lofi""]","Series of short glitches derived from opening windows binaries in a wave editor.
Mind your speakers!",,,,,,false,false,true,true,"duration,music_proxy"
2742,https://freesound.org/people/stk/sounds/2742/,binAudio_01011.wav,stk,https://creativecommons.org/licenses/by/4.0/,0.232222,44100.0,1,wav,"[""dangerous"", ""glitch"", ""lofi""]","Series of short glitches derived from opening windows binaries in a wave editor.
Mind your speakers!",,,,,,false,false,true,true,"duration,music_proxy"
2743,https://freesound.org/people/stk/sounds/2743/,binAudio_01012.wav,stk,https://creativecommons.org/licenses/by/4.0/,0.0812698,44100.0,1,wav,"[""dangerous"", ""glitch"", ""lofi""]","Series of short glitches derived from opening windows binaries in a wave editor.
Mind your speakers!",,,,,,false,false,true,true,"duration,music_proxy"
2744,https://freesound.org/people/stk/sounds/2744/,binAudio_02000.wav,stk,https://creativecommons.org/licenses/by/4.0/,0.16254,44100.0,1,wav,"[""dangerous"", ""glitch"", ""lofi""]","Series of short glitches derived from opening windows binaries in a wave editor.
Mind your speakers!",,,,,,false,false,true,true,"duration,music_proxy"
2745,https://freesound.org/people/stk/sounds/2745/,binAudio_02001.wav,stk,https://creativecommons.org/licenses/by/4.0/,0.162562,44100.0,1,wav,"[""dangerous"", ""glitch"", ""lofi""]","Series of short glitches derived from opening windows binaries in a wave editor.
Mind your speakers!",,,,,,false,false,true,true,"duration,music_proxy"
2746,https://freesound.org/people/stk/sounds/2746/,binAudio_03000.wav,stk,https://creativecommons.org/licenses/by/4.0/,0.25542,44100.0,1,wav,"[""dangerous"", ""glitch"", ""lofi""]","Series of short glitches derived from opening windows binaries in a wave editor.
Mind your speakers!",,,,,,false,false,true,true,"duration,music_proxy"
2747,https://freesound.org/people/stk/sounds/2747/,binAudio_03001.wav,stk,https://creativecommons.org/licenses/by/4.0/,0.145125,44100.0,1,wav,"[""dangerous"", ""glitch"", ""lofi""]","Series of short glitches derived from opening windows binaries in a wave editor.
Mind your speakers!",,,,,,false,false,true,true,"duration,music_proxy"
2748,https://freesound.org/people/stk/sounds/2748/,binAudio_03002.wav,stk,https://creativecommons.org/licenses/by/4.0/,0.214785,44100.0,1,wav,"[""dangerous"", ""glitch"", ""lofi""]","Series of short glitches derived from opening windows binaries in a wave editor.
Mind your speakers!",,,,,,false,false,true,true,"duration,music_proxy"
2749,https://freesound.org/people/stk/sounds/2749/,binAudio_04000.wav,stk,https://creativecommons.org/licenses/by/4.0/,0.609546,44100.0,1,wav,"[""dangerous"", ""glitch"", ""lofi""]","Series of short glitches derived from opening windows binaries in a wave editor.
Mind your speakers!",,,,,,false,false,true,true,"duration,music_proxy"
2750,https://freesound.org/people/stk/sounds/2750/,binAudio_04001.wav,stk,https://creativecommons.org/licenses/by/4.0/,0.197392,44100.0,1,wav,"[""dangerous"", ""glitch"", ""lofi""]","Series of short glitches derived from opening windows binaries in a wave editor.
Mind your speakers!",,,,,,false,false,true,true,"duration,music_proxy"
2751,https://freesound.org/people/stk/sounds/2751/,binAudio_04002.wav,stk,https://creativecommons.org/licenses/by/4.0/,0.435397,44100.0,1,wav,"[""dangerous"", ""glitch"", ""lofi""]","Series of short glitches derived from opening windows binaries in a wave editor.
Mind your speakers!",,,,,,false,false,true,true,"duration,music_proxy"
2752,https://freesound.org/people/stk/sounds/2752/,binAudio_05000.wav,stk,https://creativecommons.org/licenses/by/4.0/,0.227846,44100.0,1,wav,"[""dangerous"", ""glitch"", ""lofi""]","Series of short glitches derived from opening windows binaries in a wave editor.
Mind your speakers!",,,,,,false,false,true,true,"duration,music_proxy"
2753,https://freesound.org/people/stk/sounds/2753/,binAudio_06000.wav,stk,https://creativecommons.org/licenses/by/4.0/,0.50068,44100.0,1,wav,"[""dangerous"", ""glitch"", ""lofi""]","Series of short glitches derived from opening windows binaries in a wave editor.
Mind your speakers!",,,,,,false,false,true,true,"duration,music_proxy"
2754,https://freesound.org/people/stk/sounds/2754/,binAudio_06001.wav,stk,https://creativecommons.org/licenses/by/4.0/,0.179955,44100.0,1,wav,"[""dangerous"", ""glitch"", ""lofi""]","Series of short glitches derived from opening windows binaries in a wave editor.
Mind your speakers!",,,,,,false,false,true,true,"duration,music_proxy"
2755,https://freesound.org/people/stk/sounds/2755/,binAudio_07000.wav,stk,https://creativecommons.org/licenses/by/4.0/,0.28737,44100.0,1,wav,"[""dangerous"", ""glitch"", ""lofi""]","Series of short glitches derived from opening windows binaries in a wave editor.
Mind your speakers!",,,,,,false,false,true,true,"duration,music_proxy"
2756,https://freesound.org/people/stk/sounds/2756/,binAudio_07001.wav,stk,https://creativecommons.org/licenses/by/4.0/,0.0060771,44100.0,1,wav,"[""dangerous"", ""glitch"", ""lofi""]","Series of short glitches derived from opening windows binaries in a wave editor.
Mind your speakers!",,,,,,false,false,true,true,"duration,music_proxy"
2757,https://freesound.org/people/stk/sounds/2757/,binAudio_08000.wav,stk,https://creativecommons.org/licenses/by/4.0/,0.0667574,44100.0,1,wav,"[""dangerous"", ""glitch"", ""lofi""]","Series of short glitches derived from opening windows binaries in a wave editor.
Mind your speakers!",,,,,,false,false,true,true,"duration,music_proxy"
2758,https://freesound.org/people/stk/sounds/2758/,binAudio_08001.wav,stk,https://creativecommons.org/licenses/by/4.0/,0.0334014,44100.0,1,wav,"[""dangerous"", ""glitch"", ""lofi""]","Series of short glitches derived from opening windows binaries in a wave editor.
Mind your speakers!",,,,,,false,false,true,true,"duration,music_proxy"
2759,https://freesound.org/people/stk/sounds/2759/,binAudio_08002.wav,stk,https://creativecommons.org/licenses/by/4.0/,0.0348299,44100.0,1,wav,"[""dangerous"", ""glitch"", ""lofi""]","Series of short glitches derived from opening windows binaries in a wave editor.
Mind your speakers!",,,,,,false,false,true,true,"duration,music_proxy"
2760,https://freesound.org/people/stk/sounds/2760/,binAudio_08003.wav,stk,https://creativecommons.org/licenses/by/4.0/,0.146576,44100.0,1,wav,"[""dangerous"", ""glitch"", ""lofi""]","Series of short glitches derived from opening windows binaries in a wave editor.
Mind your speakers!",,,,,,false,false,true,true,"duration,music_proxy"
2761,https://freesound.org/people/stk/sounds/2761/,binAudio_08004.wav,stk,https://creativecommons.org/licenses/by/4.0/,0.101066,44100.0,1,wav,"[""dangerous"", ""glitch"", ""lofi""]","Series of short glitches derived from opening windows binaries in a wave editor.
Mind your speakers!",,,,,,false,false,true,true,"duration,music_proxy"
2762,https://freesound.org/people/stk/sounds/2762/,binAudio_09000.wav,stk,https://creativecommons.org/licenses/by/4.0/,0.0836281,44100.0,1,wav,"[""dangerous"", ""glitch"", ""lofi""]","Series of short glitches derived from opening windows binaries in a wave editor.
Mind your speakers!",,,,,,false,false,true,true,"duration,music_proxy"
2763,https://freesound.org/people/stk/sounds/2763/,binAudio_0900000.wav,stk,https://creativecommons.org/licenses/by/4.0/,0.0644218,44100.0,1,wav,"[""dangerous"", ""glitch"", ""lofi""]","Series of short glitches derived from opening windows binaries in a wave editor.
Mind your speakers!",,,,,,false,false,true,true,"duration,music_proxy"
2764,https://freesound.org/people/stk/sounds/2764/,binAudio_09001.wav,stk,https://creativecommons.org/licenses/by/4.0/,0.0656689,44100.0,1,wav,"[""dangerous"", ""glitch"", ""lofi""]","Series of short glitches derived from opening windows binaries in a wave editor.
Mind your speakers!",,,,,,false,false,true,true,"duration,music_proxy"
2765,https://freesound.org/people/stk/sounds/2765/,binAudio_09002.wav,stk,https://creativecommons.org/licenses/by/4.0/,1.37179,44100.0,1,wav,"[""dangerous"", ""glitch"", ""lofi""]","Series of short glitches derived from opening windows binaries in a wave editor.
Mind your speakers!
high pitched, sounds allmost like a sine. dc offset at the start",,,,,,false,false,true,true,"duration,music_proxy"
2766,https://freesound.org/people/stk/sounds/2766/,binAudio_09003.wav,stk,https://creativecommons.org/licenses/by/4.0/,0.0754649,44100.0,1,wav,"[""dangerous"", ""glitch"", ""lofi""]","Series of short glitches derived from opening windows binaries in a wave editor.
Mind your speakers!",,,,,,false,false,true,true,"duration,music_proxy"
2767,https://freesound.org/people/stk/sounds/2767/,binAudio_09004.wav,stk,https://creativecommons.org/licenses/by/4.0/,0.0653288,44100.0,1,wav,"[""dangerous"", ""glitch"", ""lofi""]","Series of short glitches derived from opening windows binaries in a wave editor.
Mind your speakers!",,,,,,false,false,true,true,"duration,music_proxy"
2768,https://freesound.org/people/stk/sounds/2768/,binAudio_09005.wav,stk,https://creativecommons.org/licenses/by/4.0/,0.0667574,44100.0,1,wav,"[""dangerous"", ""glitch"", ""lofi""]","Series of short glitches derived from opening windows binaries in a wave editor.
Mind your speakers!",,,,,,false,false,true,true,"duration,music_proxy"
2769,https://freesound.org/people/stk/sounds/2769/,binAudio_09006.wav,stk,https://creativecommons.org/licenses/by/4.0/,0.278639,44100.0,1,wav,"[""dangerous"", ""glitch"", ""lofi""]","Series of short glitches derived from opening windows binaries in a wave editor.
Mind your speakers!",,,,,,false,false,true,true,"duration,music_proxy"
2770,https://freesound.org/people/stk/sounds/2770/,binAudio_09007.wav,stk,https://creativecommons.org/licenses/by/4.0/,0.0812698,44100.0,1,wav,"[""dangerous"", ""glitch"", ""lofi""]","Series of short glitches derived from opening windows binaries in a wave editor.
Mind your speakers!",,,,,,false,false,true,true,"duration,music_proxy"
2771,https://freesound.org/people/stk/sounds/2771/,binAudio_10000.wav,stk,https://creativecommons.org/licenses/by/4.0/,0.766259,44100.0,1,wav,"[""dangerous"", ""glitch"", ""lofi""]","Series of short glitches derived from opening windows binaries in a wave editor.
Mind your speakers!",,,,,,false,false,true,true,"duration,music_proxy"
2772,https://freesound.org/people/stk/sounds/2772/,binAudio_10001.wav,stk,https://creativecommons.org/licenses/by/4.0/,0.16254,44100.0,1,wav,"[""dangerous"", ""glitch"", ""lofi""]","Series of short glitches derived from opening windows binaries in a wave editor.
Mind your speakers!",,,,,,false,false,true,true,"duration,music_proxy"
2773,https://freesound.org/people/stk/sounds/2773/,binAudio_11000.wav,stk,https://creativecommons.org/licenses/by/4.0/,0.0261224,44100.0,1,wav,"[""dangerous"", ""glitch"", ""lofi""]","Series of short glitches derived from opening windows binaries in a wave editor.
Mind your speakers!",,,,,,false,false,true,true,"duration,music_proxy"
2774,https://freesound.org/people/stk/sounds/2774/,binAudio_11001.wav,stk,https://creativecommons.org/licenses/by/4.0/,0.238753,44100.0,1,wav,"[""dangerous"", ""glitch"", ""lofi""]","Series of short glitches derived from opening windows binaries in a wave editor.
Mind your speakers!",,,,,,false,false,true,true,"duration,music_proxy"
2775,https://freesound.org/people/stk/sounds/2775/,binAudio_11002.wav,stk,https://creativecommons.org/licenses/by/4.0/,0.133515,44100.0,1,wav,"[""dangerous"", ""glitch"", ""lofi""]","Series of short glitches derived from opening windows binaries in a wave editor.
Mind your speakers!",,,,,,false,false,true,true,"duration,music_proxy"
2776,https://freesound.org/people/stk/sounds/2776/,binAudio_12000.wav,stk,https://creativecommons.org/licenses/by/4.0/,0.538413,44100.0,1,wav,"[""dangerous"", ""glitch"", ""lofi""]","Series of short glitches derived from opening windows binaries in a wave editor.
Mind your speakers!",,,,,,false,false,true,true,"duration,music_proxy"
2777,https://freesound.org/people/stk/sounds/2777/,binAudio_13000.wav,stk,https://creativecommons.org/licenses/by/4.0/,0.554376,44100.0,1,wav,"[""dangerous"", ""glitch"", ""lofi""]","Series of short glitches derived from opening windows binaries in a wave editor.
Mind your speakers!",,,,,,false,false,true,true,"duration,music_proxy"
2778,https://freesound.org/people/stk/sounds/2778/,binAudio_14000.wav,stk,https://creativecommons.org/licenses/by/4.0/,0.0569615,44100.0,1,wav,"[""dangerous"", ""glitch"", ""lofi""]","Series of short glitches derived from opening windows binaries in a wave editor.
Mind your speakers!",,,,,,false,false,true,true,"duration,music_proxy"
2779,https://freesound.org/people/stk/sounds/2779/,binAudio_14001.wav,stk,https://creativecommons.org/licenses/by/4.0/,0.00653061,44100.0,1,wav,"[""dangerous"", ""glitch"", ""lofi""]","Series of short glitches derived from opening windows binaries in a wave editor.
Mind your speakers!",,,,,,false,false,true,true,"duration,music_proxy"
2780,https://freesound.org/people/indzin/sounds/2780/,CLAP_YT3_02.wav,indzin,http://creativecommons.org/licenses/sampling+/1.0/,0.345397,44100.0,1,wav,"[""clap"", ""house""]",Clap House,,,,,,false,false,true,true,"duration,music_proxy"
2781,https://freesound.org/people/indzin/sounds/2781/,HI_C_03E.wav,indzin,http://creativecommons.org/licenses/sampling+/1.0/,0.145079,44100.0,1,wav,"[""hat"", ""open""]",Hat Open,,,,,,false,false,true,true,"duration,music_proxy"
2782,https://freesound.org/people/indzin/sounds/2782/,STFX2X26.wav,indzin,http://creativecommons.org/licenses/sampling+/1.0/,0.116825,44100.0,1,wav,"[""perc""]",Percursão,,,,,,false,false,true,true,"duration,music_proxy"
2783,https://freesound.org/people/indzin/sounds/2783/,Synth 011.wav,indzin,http://creativecommons.org/licenses/sampling+/1.0/,1.338,44100.0,1,wav,"[""house"", ""synth""]",Synt House,,,,,,false,false,true,true,"duration,music_proxy"
2784,https://freesound.org/people/indzin/sounds/2784/,Synth 107.wav,indzin,http://creativecommons.org/licenses/sampling+/1.0/,0.270091,44100.0,1,wav,"[""synth""]",Synt,,,,,,false,false,true,true,"duration,music_proxy"
2785,https://freesound.org/people/indzin/sounds/2785/,Synths018C.wav,indzin,http://creativecommons.org/licenses/sampling+/1.0/,9.72932,44100.0,1,wav,"[""introduction"", ""synth""]",Synt to introduction,,,,,,false,false,true,true,"duration,music_proxy"
2786,https://freesound.org/people/NoiseCollector/sounds/2786/,badass.wav,NoiseCollector,http://creativecommons.org/licenses/by/3.0/,2.34712,44100.0,1,wav,"[""free"", ""granny"", ""granular"", ""rising"", ""sample"", ""sound"", ""ufo"", ""voice""]",Granular file synthesised in granulab and subjected to intense scrutiny in my imaginary quality control facility... ,,,,,,false,false,true,true,"duration,music_proxy"
2787,https://freesound.org/people/NoiseCollector/sounds/2787/,badass2.wav,NoiseCollector,http://creativecommons.org/licenses/by/3.0/,2.66349,44100.0,1,wav,"[""granular"", ""siren"", ""voice"", ""wobbling""]",Granular file synthesised in granulab and subjected to intense scrutiny in my imaginary quality control facility... ,,,,,,false,false,true,true,"duration,music_proxy"
2788,https://freesound.org/people/NoiseCollector/sounds/2788/,granularalienchat.wav,NoiseCollector,http://creativecommons.org/licenses/by/3.0/,2.01397,22050.0,2,wav,"[""alien"", ""granular"", ""stereo"", ""voice""]",Granular file synthesised in granulab and subjected to intense scrutiny in my imaginary quality control facility... ,,,,,,false,false,true,true,"duration,music_proxy"
2789,https://freesound.org/people/NoiseCollector/sounds/2789/,granularaliengirl.wav,NoiseCollector,http://creativecommons.org/licenses/by/3.0/,7.42086,44100.0,1,wav,"[""alien"", ""female"", ""granular"", ""voice""]",Granular file synthesised in granulab and subjected to intense scrutiny in my imaginary quality control facility... ,,,,,,false,false,true,true,"duration,music_proxy"
2790,https://freesound.org/people/NoiseCollector/sounds/2790/,anderstein scratch.wav,NoiseCollector,http://creativecommons.org/licenses/by/3.0/,3.80478,44100.0,1,wav,"[""analogx"", ""anderstein"", ""dj"", ""free"", ""hip-hop"", ""rap"", ""sample"", ""scratch"", ""sound"", ""vinyl"", ""voice""]",Scratch made with AnalogX program and voice recorded on old cordless phone on 1400 AM to tape around 1988. ,,,,,,false,false,true,true,"duration,music_proxy"
2791,https://freesound.org/people/NoiseCollector/sounds/2791/,CRASH.wav,NoiseCollector,http://creativecommons.org/licenses/by/3.0/,1.02635,44100.0,1,wav,"[""crash"", ""drum"", ""free"", ""kit"", ""lofi"", ""one-shot"", ""percussion"", ""sample"", ""sampler"", ""sound"", ""warfare""]",One shots stripped from old band practice cassettes on boombox with built in mic or realistic tape deck through headphones...,,,,,,false,false,true,true,"duration,music_proxy"
2792,https://freesound.org/people/NoiseCollector/sounds/2792/,CRASH2.wav,NoiseCollector,http://creativecommons.org/licenses/by/3.0/,1.66528,44100.0,1,wav,"[""crash"", ""drum"", ""kick"", ""kit"", ""lofi""]",One shots stripped from old band practice cassettes on boombox with built in mic or realistic tape deck through headphones...,,,,,,false,false,true,true,"duration,music_proxy"
2793,https://freesound.org/people/NoiseCollector/sounds/2793/,HIHAT.wav,NoiseCollector,http://creativecommons.org/licenses/by/3.0/,0.181814,44100.0,1,wav,"[""drum"", ""hihat"", ""kit"", ""lofi""]",One shots stripped from old band practice cassettes on boombox with built in mic or realistic tape deck through headphones...,,,,,,false,false,true,true,"duration,music_proxy"
2794,https://freesound.org/people/NoiseCollector/sounds/2794/,KICK.wav,NoiseCollector,http://creativecommons.org/licenses/by/3.0/,0.212132,44100.0,1,wav,"[""drum"", ""kick"", ""kit"", ""lofi""]",One shots stripped from old band practice cassettes on boombox with built in mic or realistic tape deck through headphones...,,,,,,false,false,true,true,"duration,music_proxy"
2795,https://freesound.org/people/NoiseCollector/sounds/2795/,KICK2.wav,NoiseCollector,http://creativecommons.org/licenses/by/3.0/,0.0766213,44100.0,1,wav,"[""drum"", ""kick"", ""kit"", ""lofi""]",One shots stripped from old band practice cassettes on boombox with built in mic or realistic tape deck through headphones...,,,,,,false,false,true,true,"duration,music_proxy"
2796,https://freesound.org/people/NoiseCollector/sounds/2796/,KICKDOUBLE.wav,NoiseCollector,http://creativecommons.org/licenses/by/3.0/,0.394376,44100.0,1,wav,"[""drum"", ""kick"", ""kit"", ""lofi""]",One shots stripped from old band practice cassettes on boombox with built in mic or realistic tape deck through headphones...,,,,,,false,false,true,true,"duration,music_proxy"
2797,https://freesound.org/people/NoiseCollector/sounds/2797/,RIDE.wav,NoiseCollector,http://creativecommons.org/licenses/by/3.0/,0.524558,44100.0,1,wav,"[""drum"", ""kit"", ""lofi"", ""ride""]",One shots stripped from old band practice cassettes on boombox with built in mic or realistic tape deck through headphones...,,,,,,false,false,true,true,"duration,music_proxy"
2798,https://freesound.org/people/NoiseCollector/sounds/2798/,RIDE2.wav,NoiseCollector,http://creativecommons.org/licenses/by/3.0/,0.479478,44100.0,1,wav,"[""drum"", ""kit"", ""lofi"", ""ride""]",One shots stripped from old band practice cassettes on boombox with built in mic or realistic tape deck through headphones...,,,,,,false,false,true,true,"duration,music_proxy"
2799,https://freesound.org/people/NoiseCollector/sounds/2799/,ROTO.wav,NoiseCollector,http://creativecommons.org/licenses/by/3.0/,0.825442,44100.0,1,wav,"[""drum"", ""kit"", ""lofi"", ""roto""]",One shots stripped from old band practice cassettes on boombox with built in mic or realistic tape deck through headphones...,,,,,,false,false,true,true,"duration,music_proxy"
2800,https://freesound.org/people/NoiseCollector/sounds/2800/,ROTORIM.wav,NoiseCollector,http://creativecommons.org/licenses/by/3.0/,0.645964,44100.0,1,wav,"[""drum"", ""kit"", ""lofi"", ""rim"", ""roto""]",One shots stripped from old band practice cassettes on boombox with built in mic or realistic tape deck through headphones... ,,,,,,false,false,true,true,"duration,music_proxy"
2801,https://freesound.org/people/NoiseCollector/sounds/2801/,SNARE.wav,NoiseCollector,http://creativecommons.org/licenses/by/3.0/,0.231746,44100.0,1,wav,"[""drum"", ""kit"", ""lofi"", ""snare""]",One shots stripped from old band practice cassettes on boombox with built in mic or realistic tape deck through headphones...,,,,,,false,false,true,true,"duration,music_proxy"
2802,https://freesound.org/people/NoiseCollector/sounds/2802/,SNARE2.wav,NoiseCollector,http://creativecommons.org/licenses/by/3.0/,0.363333,44100.0,1,wav,"[""drum"", ""kit"", ""lofi"", ""snare""]",One shots stripped from old band practice cassettes on boombox with built in mic or realistic tape deck through headphones...,,,,,,false,false,true,true,"duration,music_proxy"
2803,https://freesound.org/people/NoiseCollector/sounds/2803/,SNARE3.wav,NoiseCollector,http://creativecommons.org/licenses/by/3.0/,0.188231,44100.0,1,wav,"[""drum"", ""kit"", ""lofi"", ""snare""]",One shots stripped from old band practice cassettes on boombox with built in mic or realistic tape deck through headphones...,,,,,,false,false,true,true,"duration,music_proxy"
2804,https://freesound.org/people/NoiseCollector/sounds/2804/,SNARE4.wav,NoiseCollector,http://creativecommons.org/licenses/by/3.0/,0.14678,44100.0,1,wav,"[""drum"", ""kit"", ""lofi"", ""snare""]",One shots stripped from old band practice cassettes on boombox with built in mic or realistic tape deck through headphones... Should have normalized...sorry.,,,,,,false,false,true,true,"duration,music_proxy"
2805,https://freesound.org/people/NoiseCollector/sounds/2805/,STICK.wav,NoiseCollector,http://creativecommons.org/licenses/by/3.0/,0.1422,44100.0,1,wav,"[""drum"", ""kit"", ""lofi"", ""stick""]",One shots stripped from old band practice cassettes on boombox with built in mic or realistic tape deck through headphones...,,,,,,false,false,true,true,"duration,music_proxy"
2806,https://freesound.org/people/NoiseCollector/sounds/2806/,TOMS.wav,NoiseCollector,http://creativecommons.org/licenses/by/3.0/,0.796916,44100.0,1,wav,"[""drum"", ""kit"", ""lofi"", ""loop"", ""tom""]",Loop stripped from old band practice cassettes on boombox with built in mic or realistic tape deck through headphones...,,,,,,false,false,true,true,"duration,music_proxy"
2807,https://freesound.org/people/NoiseCollector/sounds/2807/,TOMS2.wav,NoiseCollector,http://creativecommons.org/licenses/by/3.0/,0.423084,44100.0,1,wav,"[""drum"", ""kit"", ""lofi"", ""loop"", ""tom""]",Loop stripped from old band practice cassettes on boombox with built in mic or realistic tape deck through headphones...,,,,,,false,false,true,true,"duration,music_proxy"
2808,https://freesound.org/people/NoiseCollector/sounds/2808/,analognoise.wav,NoiseCollector,http://creativecommons.org/licenses/by/3.0/,2.3583,44100.0,1,wav,"[""bass"", ""noise"", ""synth""]",Multisamples from Subsynth software. ,,,,,,false,false,true,true,"duration,music_proxy"
2809,https://freesound.org/people/NoiseCollector/sounds/2809/,analognoise2.wav,NoiseCollector,http://creativecommons.org/licenses/by/3.0/,3.94948,44100.0,1,wav,"[""bass"", ""noise"", ""synth""]",Multisamples from Subsynth software.,,,,,,false,false,true,true,"duration,music_proxy"
2810,https://freesound.org/people/NoiseCollector/sounds/2810/,analognoise3.wav,NoiseCollector,http://creativecommons.org/licenses/by/3.0/,3.43011,44100.0,1,wav,"[""bass"", ""noise"", ""synth""]",Multisamples from Subsynth software.,,,,,,false,false,true,true,"duration,music_proxy"
2811,https://freesound.org/people/NoiseCollector/sounds/2811/,analognoise4.wav,NoiseCollector,http://creativecommons.org/licenses/by/3.0/,3.23683,44100.0,1,wav,"[""bass"", ""noise"", ""synth""]",Multisamples from Subsynth software.,,,,,,false,false,true,true,"duration,music_proxy"
2812,https://freesound.org/people/NoiseCollector/sounds/2812/,analognoise5.wav,NoiseCollector,http://creativecommons.org/licenses/by/3.0/,2.86855,44100.0,1,wav,"[""bass"", ""noise"", ""synth""]",Multisamples from Subsynth software.,,,,,,false,false,true,true,"duration,music_proxy"
2813,https://freesound.org/people/NoiseCollector/sounds/2813/,analognoise6.wav,NoiseCollector,http://creativecommons.org/licenses/by/3.0/,4.08898,44100.0,1,wav,"[""bass"", ""noise"", ""synth""]",Multisamples from Subsynth software.,,,,,,false,false,true,true,"duration,music_proxy"
2814,https://freesound.org/people/NoiseCollector/sounds/2814/,analognoise7.wav,NoiseCollector,http://creativecommons.org/licenses/by/3.0/,3.21646,44100.0,1,wav,"[""bass"", ""noise"", ""synth""]",Multisamples from Subsynth software.,,,,,,false,false,true,true,"duration,music_proxy"
2815,https://freesound.org/people/NoiseCollector/sounds/2815/,analognoise8.wav,NoiseCollector,http://creativecommons.org/licenses/by/3.0/,3.05696,44100.0,1,wav,"[""bass"", ""noise"", ""synth""]",Multisamples from Subsynth software.,,,,,,false,false,true,true,"duration,music_proxy"
2816,https://freesound.org/people/NoiseCollector/sounds/2816/,analognoise9.wav,NoiseCollector,http://creativecommons.org/licenses/by/3.0/,1.53785,44100.0,1,wav,"[""bass"", ""noise"", ""synth""]",Multisamples from Subsynth software.,,,,,,false,false,true,true,"duration,music_proxy"
2817,https://freesound.org/people/NoiseCollector/sounds/2817/,GRANhitscale.wav,NoiseCollector,http://creativecommons.org/licenses/by/3.0/,10.2815,22050.0,1,wav,"[""granular"", ""male"", ""voice""]",Notes of a snippet of a wav made by Granulab of a man's voice.,,,,,,false,false,true,true,"duration,music_proxy"
2818,https://freesound.org/people/NoiseCollector/sounds/2818/,gran.wav,NoiseCollector,http://creativecommons.org/licenses/by/3.0/,0.708571,44100.0,1,wav,"[""constructed"", ""granular"", ""random""]",My first granular wav made by cutting and pasting tiny snippets of random sound files in cool edit 96 (by hand... before I downloaded granulab),,,,,,false,false,true,true,"duration,music_proxy"
2819,https://freesound.org/people/NoiseCollector/sounds/2819/,DootDaDoot.wav,NoiseCollector,http://creativecommons.org/licenses/by/3.0/,5.16644,44100.0,1,wav,"[""cardboard"", ""didj"", ""doot"", ""horn"", ""trumpet"", ""tube""]","Wrapping paper center tube, blown perpendicular to true north at a 47 degree rising angle recorded direct to PC via cheap realistic dynamic mic with one eye closed at 71 degrees Fahrenheit. ",,,,,,false,false,true,true,"duration,music_proxy"
2820,https://freesound.org/people/NoiseCollector/sounds/2820/,anderstein2.wav,NoiseCollector,http://creativecommons.org/licenses/by/3.0/,0.858844,44100.0,1,wav,"[""anderstein"", ""vocoder"", ""voice""]",Snippet of prank call tape vocoded with analogx software modulated with bonewah or comic trumpet noise from cartoon. ,,,,,,false,false,true,true,"duration,music_proxy"
2821,https://freesound.org/people/NoiseCollector/sounds/2821/,attgirl1stretch.wav,NoiseCollector,http://creativecommons.org/licenses/by/3.0/,1.31311,22050.0,1,wav,"[""female"", ""free"", ""girl"", ""robot"", ""sample"", ""sound"", ""speech"", ""synthesized"", ""woman""]",Processed sample of text to speech from internet that I use in my my songs as background accents for vocals.,,,,,,false,false,true,true,"duration,music_proxy"
2822,https://freesound.org/people/NoiseCollector/sounds/2822/,attgirl8scale.wav,NoiseCollector,http://creativecommons.org/licenses/by/3.0/,1.97125,22050.0,1,wav,"[""female"", ""girl"", ""speech"", ""synthesized""]",Processed sample of text to speech from internet that I use in my my songs as background accents for vocals.,,,,,,false,false,true,true,"duration,music_proxy"
2823,https://freesound.org/people/NoiseCollector/sounds/2823/,attgirlstretch.wav,NoiseCollector,http://creativecommons.org/licenses/by/3.0/,3.11347,22050.0,1,wav,"[""female"", ""girl"", ""speech"", ""synthesized""]",Processed sample of text to speech from internet that I use in my my songs as background accents for vocals.,,,,,,false,false,true,true,"duration,music_proxy"
2824,https://freesound.org/people/NoiseCollector/sounds/2824/,attgirlstretchdwn.wav,NoiseCollector,http://creativecommons.org/licenses/by/3.0/,3.59678,22050.0,1,wav,"[""female"", ""girl"", ""speech"", ""synthesized""]",Processed sample of text to speech from internet that I use in my my songs as background accents for vocals.,,,,,,false,false,true,true,"duration,music_proxy"
2825,https://freesound.org/people/NoiseCollector/sounds/2825/,attgirlstretchup.wav,NoiseCollector,http://creativecommons.org/licenses/by/3.0/,4.38132,22050.0,1,wav,"[""female"", ""girl"", ""speech"", ""synthesized""]",Processed sample of text to speech from internet that I use in my my songs as background accents for vocals.,,,,,,false,false,true,true,"duration,music_proxy"
2826,https://freesound.org/people/NoiseCollector/sounds/2826/,enrylmiss.wav,NoiseCollector,http://creativecommons.org/licenses/by/3.0/,3.55599,44100.0,1,wav,"[""erny"", ""speech"", ""synthesized""]",Backing vocals made with Analogx Sayit.,,,,,,false,false,true,true,"duration,music_proxy"
2828,https://freesound.org/people/NoiseCollector/sounds/2828/,ernygonna.wav,NoiseCollector,http://creativecommons.org/licenses/by/3.0/,1.26399,44100.0,1,wav,"[""erny"", ""speech"", ""synthesized""]",Processed sample of text to speech from internet that I use in my my songs as background accents for vocals.,,,,,,false,false,true,true,"duration,music_proxy"
2830,https://freesound.org/people/NoiseCollector/sounds/2830/,hesevil.wav,NoiseCollector,http://creativecommons.org/licenses/by/3.0/,8.39832,44100.0,1,wav,"[""erny"", ""female"", ""funk"", ""girl"", ""speech"", ""synthesized""]",Processed sample of text to speech from internet that I use in my my songs as background accents for vocals.,,,,,,false,false,true,true,"duration,music_proxy"
2832,https://freesound.org/people/NoiseCollector/sounds/2832/,ttsahelpfire.wav,NoiseCollector,http://creativecommons.org/licenses/by/3.0/,2.72342,44100.0,1,wav,"[""speech"", ""synthesized""]",Processed sample of text to speech from internet that I use in my my songs as background accents for vocals.,,,,,,false,false,true,true,"duration,music_proxy"
2837,https://freesound.org/people/jascha/sounds/2837/,kick_1.wav,jascha,https://creativecommons.org/licenses/by/4.0/,0.182132,44100.0,1,wav,"[""drum"", ""eq"", ""fx"", ""kick"", ""voice""]","Recorded my own voice with plop effect, which means the input was a little overdrawn.Recorded with a AKG C1000S and M-Audio Ozonic and added many dynamics mastering for use in electronic music.",,,,,,false,false,true,true,"duration,music_proxy"
2841,https://freesound.org/people/NoiseCollector/sounds/2841/,valcoustclean.wav,NoiseCollector,http://creativecommons.org/licenses/by/3.0/,3.20698,44100.0,1,wav,"[""acoustic"", ""chord"", ""free"", ""guitar"", ""sample"", ""sound"", ""strum"", ""valdo""]","Found original file of ""guitar 0"", minus the effects.",,,,,,false,false,true,true,"duration,music_proxy"
2842,https://freesound.org/people/NoiseCollector/sounds/2842/,scannerbuz.wav,NoiseCollector,http://creativecommons.org/licenses/by/3.0/,2.20447,44100.0,2,wav,"[""atari"", ""burst"", ""buzz"", ""free"", ""noise"", ""sample"", ""scanner"", ""sound""]",Recorded direct to soundcard from scanner. Great for fake Atari 2600 sounds. ,,,,,,false,false,true,true,"duration,music_proxy"
2843,https://freesound.org/people/NoiseCollector/sounds/2843/,scannerclk.wav,NoiseCollector,http://creativecommons.org/licenses/by/3.0/,0.092449,44100.0,2,wav,"[""burst"", ""click"", ""noise"", ""scanner""]",Recorded direct to soundcard from scanner. Great for fake Atari 2600 sounds. ,,,,,,false,false,true,true,"duration,music_proxy"
2844,https://freesound.org/people/NoiseCollector/sounds/2844/,scannereng.wav,NoiseCollector,http://creativecommons.org/licenses/by/3.0/,1.33537,44100.0,2,wav,"[""burst"", ""engine"", ""noise"", ""scanner""]",Recorded direct to soundcard from scanner. Great for fake Atari 2600 sounds. ,,,,,,false,false,true,true,"duration,music_proxy"
2845,https://freesound.org/people/NoiseCollector/sounds/2845/,scannerenj.wav,NoiseCollector,http://creativecommons.org/licenses/by/3.0/,4.08669,44100.0,2,wav,"[""burst"", ""engine"", ""noise"", ""scanner""]",Recorded direct to soundcard from scanner. Great for fake Atari 2600 sounds. ,,,,,,false,false,true,true,"duration,music_proxy"
2846,https://freesound.org/people/NoiseCollector/sounds/2846/,scannerhrn.wav,NoiseCollector,http://creativecommons.org/licenses/by/3.0/,1.45762,44100.0,2,wav,"[""burst"", ""horn"", ""noise"", ""scanner""]",Recorded direct to soundcard from scanner. Great for fake Atari 2600 sounds. ,,,,,,false,false,true,true,"duration,music_proxy"
2847,https://freesound.org/people/NoiseCollector/sounds/2847/,scannersrn.wav,NoiseCollector,http://creativecommons.org/licenses/by/3.0/,0.524399,44100.0,2,wav,"[""burst"", ""noise"", ""scanner"", ""siren""]",Recorded direct to soundcard from scanner. Great for fake Atari 2600 sounds. ,,,,,,false,false,true,true,"duration,music_proxy"
2853,https://freesound.org/people/bevai/sounds/2853/,waterjug.mp3,bevai,http://creativecommons.org/licenses/sampling+/1.0/,32.893,48000.0,2,mp3,"[""dark"", ""night"", ""ocean"", ""river"", ""splash"", ""water""]",me shaking a jug of water in front of the mic threw some effects on it and it sounds crazy.,,,,,,false,true,true,true,music_proxy
2854,https://freesound.org/people/nathanshadow/sounds/2854/,beat_loop.mp3,nathanshadow,http://creativecommons.org/licenses/sampling+/1.0/,1.97331,44100.0,2,mp3,"[""bass"", ""beat"", ""hip-hop"", ""loop""]",Simple but effective background loop.,,,,,,false,false,true,true,"duration,music_proxy"
2855,https://freesound.org/people/nathanshadow/sounds/2855/,horror_ambient_001.wav,nathanshadow,http://creativecommons.org/licenses/sampling+/1.0/,24.651,44100.0,2,wav,"[""ambient"", ""horror"", ""scary""]",Ambient horror music especially for the freesoundproject from Nathan Green of shadowshade.com,,,,,,false,false,true,true,"duration,music_proxy"
2856,https://freesound.org/people/prz/sounds/2856/,s1.wav,prz,http://creativecommons.org/publicdomain/zero/1.0/,0.435374,44100.0,1,wav,"[""basket"", ""rubber"", ""sole"", ""sport"", ""tennis"", ""whistle""]",springcourt rubber sole whistle on a smooth surface,,,,,,false,false,true,true,"duration,music_proxy"
2857,https://freesound.org/people/prz/sounds/2857/,s2.wav,prz,http://creativecommons.org/publicdomain/zero/1.0/,0.505034,44100.0,1,wav,"[""basket"", ""rubber"", ""sole"", ""sport"", ""tennis"", ""whistle""]",springcourt rubber sole whistle on a smooth surface,,,,,,false,false,true,true,"duration,music_proxy"
2859,https://freesound.org/people/prz/sounds/2859/,zigzag.wav,prz,http://creativecommons.org/publicdomain/zero/1.0/,0.859184,44100.0,1,wav,"[""basket"", ""rubber"", ""sole"", ""sport"", ""tennis"", ""whistle""]",springcourt rubber sole whistle on a smooth surface,,,,,,false,false,true,true,"duration,music_proxy"
2860,https://freesound.org/people/prz/sounds/2860/,zigzig.wav,prz,http://creativecommons.org/publicdomain/zero/1.0/,0.665873,44100.0,1,wav,"[""basket"", ""brake"", ""rubber"", ""sole"", ""sport"", ""tennis"", ""tire"", ""whistle""]",springcourt rubber sole whistle on a smooth surface,,,,,,false,false,true,true,"duration,music_proxy"
2871,https://freesound.org/people/deleted_user_2304/sounds/2871/,dozer sample.wav,deleted_user_2304,http://creativecommons.org/licenses/sampling+/1.0/,102.273,44100.0,2,wav,"[""bulldozer"", ""construction"", ""dozer"", ""field-recording"", ""fx"", ""machine"", ""sound""]","This is a stereo 16bit, 44.1 of a bulldozer. Recorded August 20,2005.",,,,,,false,true,true,true,music_proxy
2872,https://freesound.org/people/nkuitse/sounds/2872/,djh.aiff,nkuitse,http://creativecommons.org/publicdomain/zero/1.0/,9.81093,22050.0,1,aiff,"[""gong"", ""happy-birthday"", ""hum"", ""moan"", ""pluck"", ""twang""]","A mix of sounds: some plucked notes and a gong generated using csound, plus a recorded hum/moan.  Made for my sister on her birthday.",,,,,,false,false,true,true,"duration,music_proxy"
2874,https://freesound.org/people/conny/sounds/2874/,1456_07SWORD03_X4.wav,conny,http://creativecommons.org/licenses/sampling+/1.0/,1.32937,44100.0,1,wav,"[""pvoc"", ""sword"", ""time-stretch""]","A sword sound time stretched with pvoc x4.
Distortion in the beginning, probably clipping being more pronounced when stretched.
From the sword pack by lostchocolatelab (should be in the remix tree but I missed a step...)",,,,,,false,false,true,true,"duration,music_proxy"
2875,https://freesound.org/people/Halleck/sounds/2875/,drums1.ogg,Halleck,https://creativecommons.org/licenses/by/4.0/,24.4506,44100.0,1,ogg,"[""drum"", ""hard"", ""instruments"", ""lofi"", ""percussion"", ""repetitions"", ""string"", ""unprocessed""]","Several solo beats on an elk-hide drum. Recorded with a cheap Labtec LVA-8450 headset. Mono, unprocessed.",,,,,,false,false,true,true,"duration,music_proxy"
2876,https://freesound.org/people/Halleck/sounds/2876/,whoosh.ogg,Halleck,https://creativecommons.org/licenses/by/4.0/,11.5532,44100.0,1,ogg,"[""effect"", ""field-recording"", ""fx"", ""lofi"", ""repetitions"", ""string"", ""swish"", ""unprocessed""]","Swooshing noises made by swinging a long wooden dowel. Recorded on a crappy Dell Inspiron 8000 internal mic. Mono, unprocessed.",,,,,,false,false,true,true,"duration,music_proxy"
2877,https://freesound.org/people/Halleck/sounds/2877/,clang_pots.ogg,Halleck,https://creativecommons.org/licenses/by/4.0/,4.90104,11025.0,1,ogg,"[""clang"", ""effect"", ""fx"", ""hard"", ""indoor"", ""kitchen"", ""lofi"", ""metal"", ""metallic"", ""noise"", ""purist"", ""unprocessed""]","Loaf pans dropped onto a baking pan (suspended over a crate) to create clanging noises. Recorded with a cheap Labtec LVA-8450 headset. Mono, unprocessed.",,,,,,false,false,true,true,"duration,music_proxy"
2878,https://freesound.org/people/Halleck/sounds/2878/,wind_gurgle.ogg,Halleck,https://creativecommons.org/licenses/by/4.0/,10.4326,44100.0,1,ogg,"[""creepy"", ""distorted"", ""gurgle"", ""mouth"", ""processed"", ""weird"", ""wind""]","Weird distorted voice. Kind of sounds like wind and gurgling. Recorded with a cheap Labtec LVA-8450 headset, processed in Audacity.",,,,,,false,false,true,true,"duration,music_proxy"
2879,https://freesound.org/people/deleted_user_2304/sounds/2879/,sonic_train_sample1.wav,deleted_user_2304,http://creativecommons.org/licenses/sampling+/1.0/,43.3793,44100.0,2,wav,"[""field-recording"", ""train-yard""]","This pack contains 4 stereo wav samples, 16bit, 44.1. Recorded with an AT835b Shotgun and Edirol R4 Location Recorder. Spent some time with a Diesel locomotive as it moved railcars around the yard.",,,,,,false,true,true,true,music_proxy
2880,https://freesound.org/people/deleted_user_2304/sounds/2880/,sonic_train_sample2.wav,deleted_user_2304,http://creativecommons.org/licenses/sampling+/1.0/,49.4919,44100.0,2,wav,"[""field-recording"", ""train-yard""]","This pack contains 4 stereo wav samples, 16bit, 44.1. Recorded with an AT835b Shotgun and Edirol R4 Location Recorder. Spent some time with a Diesel locomotive as it moved railcars around the yard.",,,,,,false,true,true,true,music_proxy
2881,https://freesound.org/people/deleted_user_2304/sounds/2881/,sonic_train_sample3.wav,deleted_user_2304,http://creativecommons.org/licenses/sampling+/1.0/,55.1129,44100.0,2,wav,"[""field-recording"", ""train-yard""]","This pack contains 4 stereo wav samples, 16bit, 44.1. Recorded with an AT835b Shotgun and Edirol R4 Location Recorder. Spent some time with a Diesel locomotive as it moved railcars around the yard.",,,,,,false,true,true,true,music_proxy
2882,https://freesound.org/people/deleted_user_2304/sounds/2882/,sonic_train_sample4.wav,deleted_user_2304,http://creativecommons.org/licenses/sampling+/1.0/,47.5725,44100.0,2,wav,"[""field-recording"", ""train-yard""]","This pack contains 4 stereo wav samples, 16bit, 44.1. Recorded with an AT835b Shotgun and Edirol R4 Location Recorder. Spent some time with a Diesel locomotive as it moved railcars around the yard.",,,,,,false,true,true,true,music_proxy
2883,https://freesound.org/people/deleted_user_2304/sounds/2883/,sonic_melon_sample.wav,deleted_user_2304,http://creativecommons.org/licenses/sampling+/1.0/,32.3374,44100.0,2,wav,"[""blood"", ""field-recording"", ""foley"", ""gore"", ""knife"", ""melon"", ""stab"", ""stabbing""]","This is a stereo wav, 16bit, 44.1 sample of stabbing a water melon. Good for body stabbing sounds. Also if you're looking at this on the map..it's my apartment :) ",,,,,,false,true,true,true,music_proxy
2885,https://freesound.org/people/deleted_user_2304/sounds/2885/,sonic_truck_sample.mp3,deleted_user_2304,http://creativecommons.org/licenses/sampling+/1.0/,52.9121,44100.0,2,mp3,"[""field-recording"", ""offroad"", ""truck""]","This is an stereo mp3 sample of an off road truck starting up, idle as well as idle from the front grill.",,,,,,false,true,true,true,music_proxy
2886,https://freesound.org/people/deleted_user_2304/sounds/2886/,sonic_wtcc_bay_door.mp3,deleted_user_2304,http://creativecommons.org/licenses/sampling+/1.0/,85.5651,44100.0,2,mp3,"[""door"", ""elevator"", ""field-recording""]",This is a stereo mp3 containing various mic positions of a large freight elevator door.,,,,,,false,true,true,true,music_proxy
2887,https://freesound.org/people/ao_ks/sounds/2887/,01_ProgressiveSID_C1.wav,ao_ks,http://creativecommons.org/licenses/sampling+/1.0/,4.36324,44100.0,1,wav,"[""lead"", ""sid""]",This is a C64 type lead recorded from an Elektron SID Station and is extracted from TranSID free reason refill series made by Kreativ Sounds (www.kreativsounds.com),,,,,,false,false,true,true,"duration,music_proxy"
2888,https://freesound.org/people/ao_ks/sounds/2888/,02_ProgressiveSID_C2.wav,ao_ks,http://creativecommons.org/licenses/sampling+/1.0/,4.38234,44100.0,1,wav,"[""lead"", ""sid""]",This is a C64 type lead recorded from an Elektron SID Station and is extracted from TranSID free reason refill series made by Kreativ Sounds (www.kreativsounds.com),,,,,,false,false,true,true,"duration,music_proxy"
2889,https://freesound.org/people/ao_ks/sounds/2889/,03_ProgressiveSID_C3.wav,ao_ks,http://creativecommons.org/licenses/sampling+/1.0/,4.40601,44100.0,1,wav,"[""lead"", ""sid""]",This is a C64 type lead recorded from an Elektron SID Station and is extracted from TranSID free reason refill series made by Kreativ Sounds (www.kreativsounds.com),,,,,,false,false,true,true,"duration,music_proxy"
2890,https://freesound.org/people/ao_ks/sounds/2890/,04_ProgressiveSID_C4.wav,ao_ks,http://creativecommons.org/licenses/sampling+/1.0/,2.91776,44100.0,1,wav,"[""lead"", ""sid""]",This is a C64 type lead recorded from an Elektron SID Station and is extracted from TranSID free reason refill series made by Kreativ Sounds (www.kreativsounds.com),,,,,,false,false,true,true,"duration,music_proxy"
2891,https://freesound.org/people/ao_ks/sounds/2891/,05_ProgressiveSID_C5.wav,ao_ks,http://creativecommons.org/licenses/sampling+/1.0/,2.91642,44100.0,1,wav,"[""lead"", ""sid""]",This is a C64 type lead recorded from an Elektron SID Station and is extracted from TranSID free reason refill series made by Kreativ Sounds (www.kreativsounds.com),,,,,,false,false,true,true,"duration,music_proxy"
2892,https://freesound.org/people/ao_ks/sounds/2892/,06_ProgressiveSID_C6.wav,ao_ks,http://creativecommons.org/licenses/sampling+/1.0/,2.87211,44100.0,1,wav,"[""lead"", ""sid""]",This is a C64 type lead recorded from an Elektron SID Station and is extracted from TranSID free reason refill series made by Kreativ Sounds (www.kreativsounds.com),,,,,,false,false,true,true,"duration,music_proxy"
2893,https://freesound.org/people/ao_ks/sounds/2893/,FRhodesBass_C0.wav,ao_ks,http://creativecommons.org/licenses/sampling+/1.0/,0.869342,44100.0,1,wav,"[""bass"", ""rhodes""]",These are low freq multisamples recorded from a Fender Rhodes and are extracted from Vintage Keys free reason refills series made by Kreativ Sounds (www.kreativsounds.com),,,,,,false,false,true,true,"duration,music_proxy"
2894,https://freesound.org/people/ao_ks/sounds/2894/,FRhodesBass_C1.wav,ao_ks,http://creativecommons.org/licenses/sampling+/1.0/,0.855488,44100.0,1,wav,"[""bass"", ""rhodes""]",These are low freq multisamples recorded from a Fender Rhodes and are extracted from Vintage Keys free reason refills series made by Kreativ Sounds (www.kreativsounds.com),,,,,,false,false,true,true,"duration,music_proxy"
2895,https://freesound.org/people/ao_ks/sounds/2895/,FRhodesBass_C2.wav,ao_ks,http://creativecommons.org/licenses/sampling+/1.0/,0.799864,44100.0,1,wav,"[""bass"", ""rhodes""]",These are low freq multisamples recorded from a Fender Rhodes and are extracted from Vintage Keys free reason refills series made by Kreativ Sounds (www.kreativsounds.com),,,,,,false,false,true,true,"duration,music_proxy"
2896,https://freesound.org/people/ao_ks/sounds/2896/,FRhodesBass_C3.wav,ao_ks,http://creativecommons.org/licenses/sampling+/1.0/,0.809478,44100.0,1,wav,"[""bass"", ""rhodes""]",These are low freq multisamples recorded from a Fender Rhodes and are extracted from Vintage Keys free reason refills series made by Kreativ Sounds (www.kreativsounds.com),,,,,,false,false,true,true,"duration,music_proxy"
2906,https://freesound.org/people/Freed/sounds/2906/,020604D.mp3,Freed,https://creativecommons.org/licenses/by/4.0/,26.9986,44100.0,2,mp3,"[""layer"", ""noise"", ""repetitions"", ""voice""]","Female breathing sound in an overlapping sequence while modulating density, pitch and spectra",,,,,,false,false,true,true,"duration,music_proxy"
2907,https://freesound.org/people/Freed/sounds/2907/,021001I.mp3,Freed,https://creativecommons.org/licenses/by/4.0/,5.73494,44100.0,2,mp3,"[""environmental"", ""kitchen"", ""noise"", ""vectors""]",Sequence of noise transitions taken from environmental sounds (kitchen),,,,,,false,false,true,true,"duration,music_proxy"
2908,https://freesound.org/people/Freed/sounds/2908/,021001L.mp3,Freed,https://creativecommons.org/licenses/by/4.0/,5.42147,44100.0,2,mp3,"[""environmental"", ""kitchen"", ""noise"", ""vectors""]","One noise transition filtering from dark to light, noise source taken from environmental sounds (kitchen)",,,,,,false,false,true,true,"duration,music_proxy"
2909,https://freesound.org/people/Freed/sounds/2909/,021001N.mp3,Freed,https://creativecommons.org/licenses/by/4.0/,6.23127,44100.0,2,mp3,"[""environmental"", ""kitchen"", ""noise""]",Sequence of rather aggressively filtered sounds taken from kitchen sounds,,,,,,false,false,true,true,"duration,music_proxy"
2910,https://freesound.org/people/Freed/sounds/2910/,030502A.mp3,Freed,https://creativecommons.org/licenses/by/4.0/,27.6517,44100.0,2,mp3,"[""electronic"", ""layer""]",Harmonic transitions with glissando sounds of sine and sawtooth wave forms; medium to high range,,,,,,false,false,true,true,"duration,music_proxy"
2911,https://freesound.org/people/Freed/sounds/2911/,030502B.mp3,Freed,https://creativecommons.org/licenses/by/4.0/,31.5178,44100.0,2,mp3,"[""electronic"", ""layer""]",Harmonic transitions with glissando sounds of reactangle wave forms; medium to high range,,,,,,false,true,true,true,music_proxy
2912,https://freesound.org/people/Freed/sounds/2912/,030604B.mp3,Freed,https://creativecommons.org/licenses/by/4.0/,21.3823,44100.0,2,mp3,"[""filter"", ""orchestra""]",Filtered orchestra sound sequence (dark to bright and visa versa),,,,,,false,false,true,true,"duration,music_proxy"
2913,https://freesound.org/people/Freed/sounds/2913/,030604C.mp3,Freed,https://creativecommons.org/licenses/by/4.0/,28.8794,44100.0,2,mp3,"[""filter"", ""orchestra"", ""repetitions""]","Filtered orchestra sound sequence, various filter positions (dark to bright), added light pitch shift, overlapping sounds",,,,,,false,false,true,true,"duration,music_proxy"
2914,https://freesound.org/people/Freed/sounds/2914/,030604D.mp3,Freed,https://creativecommons.org/licenses/by/4.0/,19.1096,44100.0,2,mp3,"[""filter"", ""orchestra"", ""repetitions""]","Filtered orchestra sequence of shortened sounds (almost staccato), rhythmical, various filter positions (dark to bright)",,,,,,false,false,true,true,"duration,music_proxy"
2915,https://freesound.org/people/Freed/sounds/2915/,030604F.mp3,Freed,https://creativecommons.org/licenses/by/4.0/,18.117,44100.0,2,mp3,"[""bass"", ""electronic"", ""repetitions""]","Filtered sequence of electronic bass sound, variable metric repetitions",,,,,,false,false,true,true,"duration,music_proxy"
2916,https://freesound.org/people/Freed/sounds/2916/,030604G.mp3,Freed,https://creativecommons.org/licenses/by/4.0/,20.3113,44100.0,2,mp3,"[""bass"", ""electronic"", ""repetitions""]","Filtered sequence of electronic bass sound, variable metric repetitions, variable duration of sound, pitch modulation",,,,,,false,false,true,true,"duration,music_proxy"
2917,https://freesound.org/people/Freed/sounds/2917/,030604H.mp3,Freed,https://creativecommons.org/licenses/by/4.0/,19.0051,44100.0,2,mp3,"[""bass"", ""electronic"", ""repetitions""]","Filtered sequence of electronic bass sound, variable metric repetitions, overlapping duration of sound, pitch modulation",,,,,,false,false,true,true,"duration,music_proxy"
2918,https://freesound.org/people/Freed/sounds/2918/,030604I.mp3,Freed,https://creativecommons.org/licenses/by/4.0/,25.2223,44100.0,2,mp3,"[""orchestra"", ""repetitions"", ""reverb""]","Orchestra sound extremely filtered (dark to bright), repetitive sequence with metric modulation, large reverb",,,,,,false,false,true,true,"duration,music_proxy"
2919,https://freesound.org/people/Freed/sounds/2919/,030604J.mp3,Freed,https://creativecommons.org/licenses/by/4.0/,22.4272,44100.0,2,mp3,"[""orchestra"", ""repetitions"", ""reverb""]","Orchestra sound extremely filtered (dark to bright), repetitive sequence with metric modulation, reverb modulation between large and dry reverb",,,,,,false,false,true,true,"duration,music_proxy"
2920,https://freesound.org/people/Freed/sounds/2920/,040604A.mp3,Freed,https://creativecommons.org/licenses/by/4.0/,26.5545,44100.0,2,mp3,"[""bass"", ""electronic"", ""repetitions""]","Electronic sound of an octave, filtered sequence, metric modulation",,,,,,false,false,true,true,"duration,music_proxy"
2921,https://freesound.org/people/Freed/sounds/2921/,040604B.mp3,Freed,https://creativecommons.org/licenses/by/4.0/,15.0345,44100.0,2,mp3,"[""orchestra"", ""repetitions""]",Irregular repetitions of strongly filtered orchestra sound grains,,,,,,false,false,true,true,"duration,music_proxy"
2922,https://freesound.org/people/Freed/sounds/2922/,040604C.mp3,Freed,https://creativecommons.org/licenses/by/4.0/,17.1243,44100.0,2,mp3,"[""bass"", ""electronic"", ""repetitions""]","Electronic bass sound with irregular repetitions, filtered spectral variations",,,,,,false,false,true,true,"duration,music_proxy"
2923,https://freesound.org/people/Freed/sounds/2923/,040604D.mp3,Freed,https://creativecommons.org/licenses/by/4.0/,23.028,44100.0,2,mp3,"[""orchestra"", ""repetitions""]",Irregular repetitions of irregularly filtered orchestra sound grains,,,,,,false,false,true,true,"duration,music_proxy"
2924,https://freesound.org/people/Freed/sounds/2924/,040604E.mp3,Freed,https://creativecommons.org/licenses/by/4.0/,21.2256,44100.0,2,mp3,"[""bass"", ""electronic"", ""repetitions"", ""sequence""]","Irregular bass sound sequence, various pitches, metric, and filter positions",,,,,,false,false,true,true,"duration,music_proxy"
2925,https://freesound.org/people/Freed/sounds/2925/,040604F.mp3,Freed,https://creativecommons.org/licenses/by/4.0/,27.2598,44100.0,2,mp3,"[""bass"", ""electronic"", ""repetitions"", ""sequence""]",Electronic bass sound pendulum with variations of spectra and rhythm,,,,,,false,false,true,true,"duration,music_proxy"
2927,https://freesound.org/people/Freed/sounds/2927/,040903I.mp3,Freed,https://creativecommons.org/licenses/by/4.0/,8.29494,44100.0,2,mp3,"[""bass"", ""sequence"", ""spread""]","Crazy sequence of slightly aggressive bass tones, variated by ADSR and filers",,,,,,false,false,true,true,"duration,music_proxy"
2928,https://freesound.org/people/Freed/sounds/2928/,040903J.mp3,Freed,https://creativecommons.org/licenses/by/4.0/,13.9113,44100.0,2,mp3,"[""bass"", ""sequence"", ""spread""]","Sequence of slightly aggressive and very deep bass tones, variated by ADSR and filers",,,,,,false,false,true,true,"duration,music_proxy"
2929,https://freesound.org/people/Freed/sounds/2929/,050604A.mp3,Freed,https://creativecommons.org/licenses/by/4.0/,20.3896,44100.0,2,mp3,"[""drums"", ""repetitions""]",Drum sequence with variable metrics and filter positions,,,,,,false,false,true,true,"duration,music_proxy"
2930,https://freesound.org/people/Freed/sounds/2930/,050701C.mp3,Freed,https://creativecommons.org/licenses/by/4.0/,16.3929,44100.0,2,mp3,"[""noise"", ""vectors"", ""voice""]","Fantasy voice built of noisy grains, higher spectra, variable vectors (bend, length, filter, range, etc.)",,,,,,false,false,true,true,"duration,music_proxy"
2931,https://freesound.org/people/conny/sounds/2931/,DATSEND.wav,conny,http://creativecommons.org/licenses/sampling+/1.0/,1.57898,44100.0,2,wav,"[""car"", ""datsun-180b"", ""engine"", ""field-recording"", ""stop""]","A Datsun 180B engine tuned off.
Field recording with Audio Technica mic in 1989 to Fostex 4 chan cassette recorder. Sampled from tape with Roland Workstation W30 at 30 kHz. Converted to wav with SDISK and converted to 44100 kHz through Ableton Live 4.",,,,,,false,false,true,true,"duration,music_proxy"
2932,https://freesound.org/people/conny/sounds/2932/,DATSGAS.wav,conny,http://creativecommons.org/licenses/sampling+/1.0/,1.57898,44100.0,2,wav,"[""car"", ""datsun-180b"", ""engine"", ""field-recording"", ""gas""]","A Datsun 180B engine getting gas.
Field recording with Audio Technica mic in 1989 to Fostex 4 chan cassette recorder. Sampled from tape with Roland Workstation W30 at 30 kHz. Converted to wav with SDISK and converted to 44100 kHz trought Ableton Live 4.",,,,,,false,false,true,true,"duration,music_proxy"
2933,https://freesound.org/people/conny/sounds/2933/,DATSON.wav,conny,http://creativecommons.org/licenses/sampling+/1.0/,2.86723,44100.0,2,wav,"[""car"", ""datsun-180b"", ""engine"", ""field-recording"", ""start""]","A Datsun 180B engine getting being started.
Field recording with Audio Technica mic in 1989 to Fostex 4 chan cassette recorder. Sampled from tape with Roland Workstation W30 at 30 kHz. Converted to wav with SDISK and converted to 44100 kHz trought Ableton Live 4.",,,,,,false,false,true,true,"duration,music_proxy"
2934,https://freesound.org/people/conny/sounds/2934/,DATSOST.wav,conny,http://creativecommons.org/licenses/sampling+/1.0/,2.04803,44100.0,2,wav,"[""bad-start"", ""car"", ""datsun-180b"", ""engine"", ""field-recording""]","A Datsun 180B engine that don't get started.
Field recording with Audio Technica mic in 1989 to Fostex 4 chan cassette recorder. Sampled from tape with Roland Workstation W30 at 30 kHz. Converted to wav with SDISK and converted to 44100 kHz trought Ableton Live 4.",,,,,,false,false,true,true,"duration,music_proxy"
2935,https://freesound.org/people/conny/sounds/2935/,DATSUN_D.wav,conny,http://creativecommons.org/licenses/sampling+/1.0/,0.819229,44100.0,2,wav,"[""car"", ""closing"", ""datsun-180b"", ""door"", ""field-recording""]","A Datsun 180B door being closed.
Field recording with Audio Technica mic in 1989 to Fostex 4 chan cassette recorder. Sampled from tape with Roland Workstation W30 at 30 kHz. Converted to wav with SDISK and converted to 44100 kHz trought Ableton Live 4.",,,,,,false,false,true,true,"duration,music_proxy"
2936,https://freesound.org/people/conny/sounds/2936/,DATSUN_M.wav,conny,http://creativecommons.org/licenses/sampling+/1.0/,0.278707,44100.0,2,wav,"[""car"", ""datsun-180b"", ""engine"", ""field-recording"", ""water-pump""]","A Datsun 180B pump for watering the windshield being used.
Field recording with Audio Technica mic in 1989 to Fostex 4 chan cassette recorder. Sampled from tape with Roland Workstation W30 at 30 kHz. Converted to wav with SDISK and converted to 44100 kHz trought Ableton Live 4.",,,,,,false,false,true,true,"duration,music_proxy"
2937,https://freesound.org/people/conny/sounds/2937/,DATSUN_T.wav,conny,http://creativecommons.org/licenses/sampling+/1.0/,0.819229,44100.0,2,wav,"[""car"", ""datsun-180b"", ""field-recording"", ""horn""]","A Datsun 180B horn.
Field recording with Audio Technica mic in 1989 to Fostex 4 chan cassette recorder. Sampled from tape with Roland Workstation W30 at 30 kHz. Converted to wav with SDISK and converted to 44100 kHz trought Ableton Live 4.",,,,,,false,false,true,true,"duration,music_proxy"
2938,https://freesound.org/people/conny/sounds/2938/,DATSUN_V.wav,conny,http://creativecommons.org/licenses/sampling+/1.0/,1.57898,44100.0,2,wav,"[""car"", ""datsun-180b"", ""field-recording"", ""wipers""]","Datsun 180B wipers.
Field recording with Audio Technica mic in 1989 to Fostex 4 chan cassette recorder. Sampled from tape with Roland Workstation W30 at 30 kHz. Converted to wav with SDISK and converted to 44100 kHz trought Ableton Live 4.",,,,,,false,false,true,true,"duration,music_proxy"
2939,https://freesound.org/people/conny/sounds/2939/,MOTORUS.wav,conny,http://creativecommons.org/licenses/sampling+/1.0/,2.04803,44100.0,2,wav,"[""car"", ""datsun-180b"", ""engine"", ""field-recording"", ""gas""]","A Datsun 180B engine getting a lot of gas.
Field recording with Audio Technica mic in 1989 to Fostex 4 chan cassette recorder. Sampled from tape with Roland Workstation W30 at 30 kHz. Converted to wav with SDISK and converted to 44100 kHz trought Ableton Live 4.",,,,,,false,false,true,true,"duration,music_proxy"
2940,https://freesound.org/people/conny/sounds/2940/,NYCKLAR.wav,conny,http://creativecommons.org/licenses/sampling+/1.0/,1.57898,44100.0,2,wav,"[""car"", ""datsun-180b"", ""field-recording"", ""keys""]","Datsun 180B keys.
Field recording with Audio Technica mic in 1989 to Fostex 4 chan cassette recorder. Sampled from tape with Roland Workstation W30 at 30 kHz. Converted to wav with SDISK and converted to 44100 kHz trought Ableton Live 4.",,,,,,false,false,true,true,"duration,music_proxy"
2941,https://freesound.org/people/Zeno%20Izen/sounds/2941/,Sound 1.wav,Zeno Izen,http://creativecommons.org/publicdomain/zero/1.0/,19.1193,44100.0,2,wav,"[""electronic"", ""noise"", ""processed""]",1. Loud groan and screech with reverb.,,,,,,false,false,true,true,"duration,music_proxy"
2942,https://freesound.org/people/Zeno%20Izen/sounds/2942/,Sound 10.wav,Zeno Izen,http://creativecommons.org/publicdomain/zero/1.0/,5.63853,44100.0,2,wav,"[""electronic"", ""noise"", ""processed""]","10. Different bent rumble.
",,,,,,false,false,true,true,"duration,music_proxy"
2943,https://freesound.org/people/Zeno%20Izen/sounds/2943/,Sound 11.wav,Zeno Izen,http://creativecommons.org/publicdomain/zero/1.0/,10.8302,44100.0,2,wav,"[""electronic"", ""noise"", ""processed""]","11. Bent rumble with reverb stabs underneath.

",,,,,,false,false,true,true,"duration,music_proxy"
2944,https://freesound.org/people/Zeno%20Izen/sounds/2944/,Sound 12.wav,Zeno Izen,http://creativecommons.org/publicdomain/zero/1.0/,11.6201,44100.0,2,wav,"[""electronic"", ""noise"", ""processed""]","12. As above plus reversed-echo bent rumble x bent rumble.
",,,,,,false,false,true,true,"duration,music_proxy"
2945,https://freesound.org/people/Zeno%20Izen/sounds/2945/,Sound 13.wav,Zeno Izen,http://creativecommons.org/publicdomain/zero/1.0/,4.82213,44100.0,2,wav,"[""electronic"", ""noise"", ""processed""]","13. Quirkly spittle noise.
",,,,,,false,false,true,true,"duration,music_proxy"
2946,https://freesound.org/people/Zeno%20Izen/sounds/2946/,Sound 14.wav,Zeno Izen,http://creativecommons.org/publicdomain/zero/1.0/,1.16719,44100.0,2,wav,"[""electronic"", ""noise"", ""processed""]","14. One oscillation of bass.
",,,,,,false,false,true,true,"duration,music_proxy"
2947,https://freesound.org/people/Zeno%20Izen/sounds/2947/,Sound 15.wav,Zeno Izen,http://creativecommons.org/publicdomain/zero/1.0/,4.84136,44100.0,2,wav,"[""electronic"", ""noise"", ""processed""]","15. High buzz shares echochamber with spittly oscillation of bass.
",,,,,,false,false,true,true,"duration,music_proxy"
2948,https://freesound.org/people/Zeno%20Izen/sounds/2948/,Sound 2.wav,Zeno Izen,http://creativecommons.org/publicdomain/zero/1.0/,11.8212,44100.0,2,wav,"[""electronic"", ""noise"", ""processed""]","2. Pulsing grainy bass.
",,,,,,false,false,true,true,"duration,music_proxy"
2949,https://freesound.org/people/Zeno%20Izen/sounds/2949/,Sound 3.wav,Zeno Izen,http://creativecommons.org/publicdomain/zero/1.0/,11.8212,44100.0,2,wav,"[""electronic"", ""noise"", ""processed""]","3. Undulating grainy bass.
",,,,,,false,false,true,true,"duration,music_proxy"
2950,https://freesound.org/people/Zeno%20Izen/sounds/2950/,Sound 4.wav,Zeno Izen,http://creativecommons.org/publicdomain/zero/1.0/,11.7536,44100.0,2,wav,"[""electronic"", ""noise"", ""processed""]","4. Chopping waves of shimmering whine.
",,,,,,false,false,true,true,"duration,music_proxy"
2951,https://freesound.org/people/Zeno%20Izen/sounds/2951/,Sound 5.wav,Zeno Izen,http://creativecommons.org/publicdomain/zero/1.0/,21.2695,44100.0,2,wav,"[""electronic"", ""noise"", ""processed""]","5. Crunchy tone with a little LFO.
",,,,,,false,false,true,true,"duration,music_proxy"
2952,https://freesound.org/people/Zeno%20Izen/sounds/2952/,Sound 6.wav,Zeno Izen,http://creativecommons.org/publicdomain/zero/1.0/,7.17358,44100.0,2,wav,"[""electronic"", ""noise"", ""processed""]","6.  Short rough hell stomp.
",,,,,,false,false,true,true,"duration,music_proxy"
2953,https://freesound.org/people/Zeno%20Izen/sounds/2953/,Sound 7.wav,Zeno Izen,http://creativecommons.org/publicdomain/zero/1.0/,7.93054,44100.0,2,wav,"[""electronic"", ""noise"", ""processed""]","7. Hisses chirps and gurgles vs. distortion machine.
",,,,,,false,false,true,true,"duration,music_proxy"
2954,https://freesound.org/people/Zeno%20Izen/sounds/2954/,Sound 8.wav,Zeno Izen,http://creativecommons.org/publicdomain/zero/1.0/,29.2628,44100.0,2,wav,"[""electronic"", ""noise"", ""processed""]",8. Distortion rumble underlying squeeks.,,,,,,false,false,true,true,"duration,music_proxy"
2955,https://freesound.org/people/Zeno%20Izen/sounds/2955/,Sound 9.wav,Zeno Izen,http://creativecommons.org/publicdomain/zero/1.0/,4.57181,44100.0,2,wav,"[""electronic"", ""noise"", ""processed""]",9. Bent rumble.,,,,,,false,false,true,true,"duration,music_proxy"
2956,https://freesound.org/people/Freed/sounds/2956/,060604A.mp3,Freed,https://creativecommons.org/licenses/by/4.0/,29.8198,44100.0,2,mp3,"[""accord"", ""orchestra"", ""percussion"", ""repetitions""]","Extra short orchestra sound with modulated pitch, metrics, and filter",,,,,,false,false,true,true,"duration,music_proxy"
2957,https://freesound.org/people/Freed/sounds/2957/,060604B.mp3,Freed,https://creativecommons.org/licenses/by/4.0/,24.9349,44100.0,2,mp3,"[""accord"", ""orchestra"", ""percussion"", ""repetitions""]","Very short orchestra sound with modulated pitch, metrics, and filter",,,,,,false,false,true,true,"duration,music_proxy"
2958,https://freesound.org/people/Freed/sounds/2958/,060604C.mp3,Freed,https://creativecommons.org/licenses/by/4.0/,26.2411,44100.0,2,mp3,"[""click"", ""percussion"", ""repetitions""]","Super short orchestra sound with modulated pitch, metrics, and filter",,,,,,false,false,true,true,"duration,music_proxy"
2959,https://freesound.org/people/Freed/sounds/2959/,060604D.mp3,Freed,https://creativecommons.org/licenses/by/4.0/,26.2411,44100.0,2,mp3,"[""accord"", ""orchestra"", ""percussion"", ""repetitions""]","Fluttering short orchestra sound with modulated pitch, metrics, and filter",,,,,,false,false,true,true,"duration,music_proxy"
2960,https://freesound.org/people/Freed/sounds/2960/,060604E.mp3,Freed,https://creativecommons.org/licenses/by/4.0/,24.9349,44100.0,2,mp3,"[""accord"", ""orchestra"", ""percussion"", ""repetitions""]","Strong fluttering short orchestra sound with modulated pitch, metrics, and filter",,,,,,false,false,true,true,"duration,music_proxy"
2961,https://freesound.org/people/Freed/sounds/2961/,060604F.mp3,Freed,https://creativecommons.org/licenses/by/4.0/,27.73,44100.0,2,mp3,"[""accord"", ""orchestra"", ""percussion"", ""repetitions""]","Short percussive orchestra sound with modulated pitch, metrics, and filter; background tail, sometimes interrupted",,,,,,false,false,true,true,"duration,music_proxy"
2962,https://freesound.org/people/Jovica/sounds/2962/,STAB 051 mastered 16 bit.wav,Jovica,https://creativecommons.org/licenses/by/4.0/,1.00005,44100.0,2,wav,"[""electronic"", ""percussion"", ""stab""]","Electronic percussion created with Metaphysical Function from Native Instruments within Cubase SX.
Mastering done within Wavelab using Elemental Audio and TC plugins. A
synthetic sound resembling a low frequency electronic gong.",,,,,,false,false,true,true,"duration,music_proxy"
2963,https://freesound.org/people/Jovica/sounds/2963/,STAB 052 mastered 16 bit.wav,Jovica,https://creativecommons.org/licenses/by/4.0/,1.00005,44100.0,2,wav,"[""electronic"", ""percussion"", ""stab""]","Electronic percussion created with Metaphysical Function from Native Instruments within Cubase SX.
Mastering done within Wavelab using Elemental Audio and TC plugins. An
electronic percussive sound ideal for creating synthetic drums.",,,,,,false,false,true,true,"duration,music_proxy"
2964,https://freesound.org/people/Jovica/sounds/2964/,STAB 053 mastered 16 bit.wav,Jovica,https://creativecommons.org/licenses/by/4.0/,1.00005,44100.0,2,wav,"[""electronic"", ""percussion"", ""stab""]","Electronic percussion created with Metaphysical Function from Native Instruments within Cubase SX. Mastering done within Wavelab using Elemental Audio and TC plugins. A weird spacy short electronic effect for synthetic soundsculpturing.
",,,,,,false,false,true,true,"duration,music_proxy"
2965,https://freesound.org/people/Jovica/sounds/2965/,STAB 054 mastered 16 bit.wav,Jovica,https://creativecommons.org/licenses/by/4.0/,1.00005,44100.0,2,wav,"[""electronic"", ""percussion"", ""stab""]","Electronic percussion created with Metaphysical Function from Native Instruments within Cubase SX.
Mastering done within Wavelab using Elemental Audio and TC plugins. A
weird short electronic effect for synthetic soundsculpturing.
Resembling ""STAB 053 mastered 16 bit"" but without the high frequency
content.",,,,,,false,false,true,true,"duration,music_proxy"
2966,https://freesound.org/people/Jovica/sounds/2966/,STAB 055 mastered 16 bit.wav,Jovica,https://creativecommons.org/licenses/by/4.0/,1.00005,44100.0,2,wav,"[""electronic"", ""percussion"", ""stab""]","Electronic percussion created with Metaphysical Function from Native Instruments within Cubase SX.
Mastering done within Wavelab using Elemental Audio and TC plugins. A
weird short electronic effect for synthetic soundsculpturing.
Resembling ""STAB 054 mastered 16 bit"" but shorter.",,,,,,false,false,true,true,"duration,music_proxy"
2967,https://freesound.org/people/Jovica/sounds/2967/,STAB 056 mastered 16 bit.wav,Jovica,https://creativecommons.org/licenses/by/4.0/,1.00005,44100.0,2,wav,"[""electronic"", ""percussion"", ""stab""]","Electronic percussion created with Metaphysical Function from Native Instruments within Cubase SX.
Mastering done within Wavelab using Elemental Audio and TC plugins. A
weird short electronic effect for synthetic soundsculpturing.
Resembling ""STAB 055 mastered 16 bit"" but more like a low tom.",,,,,,false,false,true,true,"duration,music_proxy"
2968,https://freesound.org/people/Jovica/sounds/2968/,STAB 057 mastered 16 bit.wav,Jovica,https://creativecommons.org/licenses/by/4.0/,1.00005,44100.0,2,wav,"[""electronic"", ""percussion"", ""stab""]","Electronic percussion created with Metaphysical Function from Native Instruments within Cubase SX.
Mastering done within Wavelab using Elemental Audio and TC plugins. A
low frequency sound effect for your synthetic drum programming pleasure.",,,,,,false,false,true,true,"duration,music_proxy"
2969,https://freesound.org/people/Jovica/sounds/2969/,STAB 058 mastered 16 bit.wav,Jovica,https://creativecommons.org/licenses/by/4.0/,1.00005,44100.0,2,wav,"[""electronic"", ""percussion"", ""stab""]",Electronic percussion created with Metaphysical Function from Native Instruments within Cubase SX. Mastering done within Wavelab using Elemental Audio and TC plugins. A weird spacy short electronic effect for synthetic soundsculpturing. Sounds like a weird spring.,,,,,,false,false,true,true,"duration,music_proxy"
2970,https://freesound.org/people/Jovica/sounds/2970/,STAB 059 mastered 16 bit.wav,Jovica,https://creativecommons.org/licenses/by/4.0/,1.00005,44100.0,2,wav,"[""electronic"", ""percussion"", ""stab""]","Electronic percussion created with Metaphysical Function from Native Instruments within Cubase SX.
Mastering done within Wavelab using Elemental Audio and TC plugins. A
low frequency sound effect for your synthetic drum programming pleasure.",,,,,,false,false,true,true,"duration,music_proxy"
2971,https://freesound.org/people/Jovica/sounds/2971/,STAB 060 mastered 16 bit.wav,Jovica,https://creativecommons.org/licenses/by/4.0/,1.00005,44100.0,2,wav,"[""electronic"", ""percussion"", ""stab""]","Electronic percussion created with Metaphysical Function from Native Instruments within Cubase SX.
Mastering done within Wavelab using Elemental Audio and TC plugins. A
low frequency sound effect with some added high frequency cracking
noise for your synthetic soundsculpturing.",,,,,,false,false,true,true,"duration,music_proxy"
2972,https://freesound.org/people/Jovica/sounds/2972/,STAB 061 mastered 16 bit.wav,Jovica,https://creativecommons.org/licenses/by/4.0/,1.00005,44100.0,2,wav,"[""electronic"", ""percussion"", ""stab""]",Electronic percussion created with Metaphysical Function from Native Instruments within Cubase SX. Mastering done within Wavelab using Elemental Audio and TC plugins. A weird spacy short electronic effect for synthetic soundsculpturing. Sounds like a weird spring.,,,,,,false,false,true,true,"duration,music_proxy"
2973,https://freesound.org/people/Jovica/sounds/2973/,STAB 062 mastered 16 bit.wav,Jovica,https://creativecommons.org/licenses/by/4.0/,1.00005,44100.0,2,wav,"[""electronic"", ""percussion"", ""stab""]","Electronic percussion created with Metaphysical Function from Native Instruments within Cubase SX.
Mastering done within Wavelab using Elemental Audio and TC plugins. An
electronic percussive sound ideal for creating synthetic drums.
Resembles an electronic shaker or cabasa.",,,,,,false,false,true,true,"duration,music_proxy"
2974,https://freesound.org/people/Jovica/sounds/2974/,STAB 063 mastered 16 bit.wav,Jovica,https://creativecommons.org/licenses/by/4.0/,1.00005,44100.0,2,wav,"[""electronic"", ""percussion"", ""stab""]","Electronic percussion created with Metaphysical Function from Native Instruments within Cubase SX.
Mastering done within Wavelab using Elemental Audio and TC plugins. An
electronic percussive sound ideal for creating synthetic drums.
Resembles an electronic shaker or cabasa.",,,,,,false,false,true,true,"duration,music_proxy"
2975,https://freesound.org/people/Jovica/sounds/2975/,STAB 064 mastered 16 bit.wav,Jovica,https://creativecommons.org/licenses/by/4.0/,1.00005,44100.0,2,wav,"[""electronic"", ""percussion"", ""stab""]","Electronic percussion created with Metaphysical Function from Native Instruments within Cubase SX.
Mastering done within Wavelab using Elemental Audio and TC plugins. An
electronic percussive sound ideal for creating synthetic drums.
Resembles a pithed up electronic shaker or cabasa.",,,,,,false,false,true,true,"duration,music_proxy"
2976,https://freesound.org/people/Jovica/sounds/2976/,STAB 065 mastered 16 bit.wav,Jovica,https://creativecommons.org/licenses/by/4.0/,1.00005,44100.0,2,wav,"[""electronic"", ""percussion"", ""stab""]","Electronic percussion created with Metaphysical Function from Native Instruments within Cubase SX.
Mastering done within Wavelab using Elemental Audio and TC plugins. An
electronic percussive sound ideal for creating synthetic drums.
Resembles a pithed down electronic shaker or cabasa.",,,,,,false,false,true,true,"duration,music_proxy"
2977,https://freesound.org/people/Jovica/sounds/2977/,STAB 066 mastered 16 bit.wav,Jovica,https://creativecommons.org/licenses/by/4.0/,1.00005,44100.0,2,wav,"[""electronic"", ""percussion"", ""stab""]","Electronic percussion created with Metaphysical Function from Native Instruments within Cubase SX.
Mastering done within Wavelab using Elemental Audio and TC plugins. An
electronic percussive sound ideal for creating synthetic drums.
Resembles a pithed up electronic shaker or cabasa.",,,,,,false,false,true,true,"duration,music_proxy"
2978,https://freesound.org/people/Jovica/sounds/2978/,STAB 067 mastered 16 bit.wav,Jovica,https://creativecommons.org/licenses/by/4.0/,1.00005,44100.0,2,wav,"[""electronic"", ""percussion"", ""stab""]",Electronic percussion created with Metaphysical Function from Native Instruments within Cubase SX. Mastering done within Wavelab using Elemental Audio and TC plugins. A weird spacy short electronic effect for synthetic soundsculpturing.,,,,,,false,false,true,true,"duration,music_proxy"
2979,https://freesound.org/people/Jovica/sounds/2979/,STAB 068 mastered 16 bit.wav,Jovica,https://creativecommons.org/licenses/by/4.0/,1.00005,44100.0,2,wav,"[""electronic"", ""percussion"", ""stab""]","Electronic percussion created with Metaphysical Function from Native Instruments within Cubase SX.
Mastering done within Wavelab using Elemental Audio and TC plugins. A
low frequency sound effect for your synthetic drum programming pleasure.",,,,,,false,false,true,true,"duration,music_proxy"
2980,https://freesound.org/people/Jovica/sounds/2980/,STAB 069 mastered 16 bit.wav,Jovica,https://creativecommons.org/licenses/by/4.0/,1.00005,44100.0,2,wav,"[""electronic"", ""percussion"", ""stab""]","Electronic percussion created with Metaphysical Function from Native Instruments within Cubase SX. Mastering done within Wavelab using Elemental Audio and TC plugins. A weird spacy short electronic effect for synthetic soundsculpturing.
",,,,,,false,false,true,true,"duration,music_proxy"
2981,https://freesound.org/people/Jovica/sounds/2981/,STAB 070 mastered 16 bit.wav,Jovica,https://creativecommons.org/licenses/by/4.0/,1.00007,44100.0,2,wav,"[""electronic"", ""percussion"", ""stab""]",Electronic percussion created with Metaphysical Function from Native Instruments within Cubase SX. Mastering done within Wavelab using Elemental Audio and TC plugins. A weird spacy short electronic effect for synthetic soundsculpturing.,,,,,,false,false,true,true,"duration,music_proxy"
2982,https://freesound.org/people/Jovica/sounds/2982/,STAB 071 mastered 16 bit.wav,Jovica,https://creativecommons.org/licenses/by/4.0/,1.00007,44100.0,2,wav,"[""electronic"", ""percussion"", ""stab""]","Electronic percussion created with Metaphysical Function from Native Instruments within Cubase SX. Mastering done within Wavelab using Elemental Audio and TC plugins. A weird spacy short electronic effect for synthetic soundsculpturing. Almost usable as a loop on 60, 90 or 120 bpm...",,,,,,false,false,true,true,"duration,music_proxy"
2983,https://freesound.org/people/Jovica/sounds/2983/,STAB 072 mastered 16 bit.wav,Jovica,https://creativecommons.org/licenses/by/4.0/,1.00007,44100.0,2,wav,"[""electronic"", ""percussion"", ""stab""]",Electronic percussion created with Metaphysical Function from Native Instruments within Cubase SX. Mastering done within Wavelab using Elemental Audio and TC plugins. A weird spacy short electronic effect for synthetic soundsculpturing.,,,,,,false,false,true,true,"duration,music_proxy"
2984,https://freesound.org/people/Jovica/sounds/2984/,STAB 073 mastered 16 bit.wav,Jovica,https://creativecommons.org/licenses/by/4.0/,1.00007,44100.0,2,wav,"[""electronic"", ""percussion"", ""stab""]",Electronic percussion created with Metaphysical Function from Native Instruments within Cubase SX. Mastering done within Wavelab using Elemental Audio and TC plugins. A weird spacy low frequency sound effect for you drum programming pleasure.,,,,,,false,false,true,true,"duration,music_proxy"
2985,https://freesound.org/people/Jovica/sounds/2985/,STAB 074 mastered 16 bit.wav,Jovica,https://creativecommons.org/licenses/by/4.0/,1.00007,44100.0,2,wav,"[""electronic"", ""percussion"", ""stab""]","Electronic percussion created with Metaphysical Function from Native Instruments within Cubase SX.
Mastering done within Wavelab using Elemental Audio and TC plugins. A
low frequency sound effect for your synthetic drum programming pleasure.",,,,,,false,false,true,true,"duration,music_proxy"
2986,https://freesound.org/people/Jovica/sounds/2986/,STAB 075 mastered 16 bit.wav,Jovica,https://creativecommons.org/licenses/by/4.0/,1.00007,44100.0,2,wav,"[""electronic"", ""percussion"", ""stab""]","Electronic percussion created with Metaphysical Function from Native Instruments within Cubase SX.
Mastering done within Wavelab using Elemental Audio and TC plugins. A
low frequency sound effect for your synthetic drum programming pleasure.",,,,,,false,false,true,true,"duration,music_proxy"
2987,https://freesound.org/people/Jovica/sounds/2987/,STAB 076 mastered 16 bit.wav,Jovica,https://creativecommons.org/licenses/by/4.0/,1.00007,44100.0,2,wav,"[""electronic"", ""percussion"", ""stab""]","Electronic percussion created with Metaphysical Function from Native Instruments within Cubase SX.
Mastering done within Wavelab using Elemental Audio and TC plugins.
Another low frequency sound effect for your synthetic drum programming
pleasure.
",,,,,,false,false,true,true,"duration,music_proxy"
2988,https://freesound.org/people/Jovica/sounds/2988/,STAB 077 mastered 16 bit.wav,Jovica,https://creativecommons.org/licenses/by/4.0/,1.00007,44100.0,2,wav,"[""electronic"", ""percussion"", ""stab""]","Electronic percussion created with Metaphysical Function from Native Instruments within Cubase SX.
Mastering done within Wavelab using Elemental Audio and TC plugins. A
short sonar like sound followed by some low frequency rumbling for
special effect purposes.",,,,,,false,false,true,true,"duration,music_proxy"
2989,https://freesound.org/people/Jovica/sounds/2989/,STAB 078 mastered 16 bit.wav,Jovica,https://creativecommons.org/licenses/by/4.0/,1.00007,44100.0,2,wav,"[""electronic"", ""percussion"", ""stab""]","Electronic percussion created with Metaphysical Function from Native Instruments within Cubase SX.
Mastering done within Wavelab using Elemental Audio and TC plugins. Yet
another low frequency sound effect for your synthetic drum programming
pleasure.
",,,,,,false,false,true,true,"duration,music_proxy"
2990,https://freesound.org/people/Jovica/sounds/2990/,STAB 079 mastered 16 bit.wav,Jovica,https://creativecommons.org/licenses/by/4.0/,1.00007,44100.0,2,wav,"[""electronic"", ""percussion"", ""stab""]","Electronic percussion created with Metaphysical Function from Native Instruments within Cubase SX. Mastering done within Wavelab using Elemental Audio and TC plugins. A weird spacy short electronic effect for synthetic soundsculpturing. Almost usable as a loop on 60, 90 or 120 bpm...",,,,,,false,false,true,true,"duration,music_proxy"
2991,https://freesound.org/people/Jovica/sounds/2991/,STAB 080 mastered 16 bit.wav,Jovica,https://creativecommons.org/licenses/by/4.0/,1.00007,44100.0,2,wav,"[""electronic"", ""percussion"", ""stab""]",Electronic percussion created with Metaphysical Function from Native Instruments within Cubase SX. Mastering done within Wavelab using Elemental Audio and TC plugins. A weird spacy short electronic effect for synthetic soundsculpturing. Sounds like a weird spring.,,,,,,false,false,true,true,"duration,music_proxy"
2992,https://freesound.org/people/Jovica/sounds/2992/,STAB 081 mastered 16 bit.wav,Jovica,https://creativecommons.org/licenses/by/4.0/,1.00007,44100.0,2,wav,"[""electronic"", ""percussion"", ""stab""]","Electronic percussion created with Metaphysical Function from Native Instruments within Cubase SX. Mastering done within Wavelab using Elemental Audio and TC plugins. A weird spacy short electronic effect for synthetic soundsculpturing. Almost usable as a loop on 60, 90 or 120 bpm...",,,,,,false,false,true,true,"duration,music_proxy"
2993,https://freesound.org/people/Jovica/sounds/2993/,STAB 082 mastered 16 bit.wav,Jovica,https://creativecommons.org/licenses/by/4.0/,1.00007,44100.0,2,wav,"[""electronic"", ""percussion"", ""stab""]","Electronic percussion created with Metaphysical Function from Native Instruments within Cubase SX. Mastering done within Wavelab using Elemental Audio and TC plugins. A weird spacy short electronic effect for synthetic soundsculpturing. 
",,,,,,false,false,true,true,"duration,music_proxy"
2994,https://freesound.org/people/Jovica/sounds/2994/,STAB 083 mastered 16 bit.wav,Jovica,https://creativecommons.org/licenses/by/4.0/,1.00007,44100.0,2,wav,"[""electronic"", ""percussion"", ""stab""]","Electronic percussion created with Metaphysical Function from Native Instruments within Cubase SX.
Mastering done within Wavelab using Elemental Audio and TC plugins. A
low frequency sound effect for your synthetic drum programming
pleasure. Sounds like a special tom with some added distortion noise.
",,,,,,false,false,true,true,"duration,music_proxy"
2995,https://freesound.org/people/Jovica/sounds/2995/,STAB 084 mastered 16 bit.wav,Jovica,https://creativecommons.org/licenses/by/4.0/,1.00007,44100.0,2,wav,"[""electronic"", ""percussion"", ""stab""]","Electronic percussion created with Metaphysical Function from Native Instruments within Cubase SX.
Mastering done within Wavelab using Elemental Audio and TC plugins. A
low frequency sound effect for your synthetic drum programming
pleasure. Sounds like a special low tom with some added distortion
noise.
",,,,,,false,false,true,true,"duration,music_proxy"
2996,https://freesound.org/people/Jovica/sounds/2996/,STAB 085 mastered 16 bit.wav,Jovica,https://creativecommons.org/licenses/by/4.0/,1.00007,44100.0,2,wav,"[""electronic"", ""percussion"", ""stab""]",Electronic percussion created with Metaphysical Function from Native Instruments within Cubase SX. Mastering done within Wavelab using Elemental Audio and TC plugins. A weird spacy short electronic effect for synthetic soundsculpturing. Sounds like a weird and noisy spring.,,,,,,false,false,true,true,"duration,music_proxy"
2997,https://freesound.org/people/Jovica/sounds/2997/,STAB 086 mastered 16 bit.wav,Jovica,https://creativecommons.org/licenses/by/4.0/,1.00007,44100.0,2,wav,"[""electronic"", ""percussion"", ""stab""]","Electronic percussion created with Metaphysical Function from Native Instruments within Cubase SX.
Mastering done within Wavelab using Elemental Audio and TC plugins. A
noise burst for your synthetic drum programming pleasure.",,,,,,false,false,true,true,"duration,music_proxy"
2998,https://freesound.org/people/Jovica/sounds/2998/,STAB 087 mastered 16 bit.wav,Jovica,https://creativecommons.org/licenses/by/4.0/,1.00007,44100.0,2,wav,"[""electronic"", ""percussion"", ""stab""]","Electronic percussion created with Metaphysical Function from Native Instruments within Cubase SX. Mastering done within Wavelab using Elemental Audio and TC plugins. A weird spacy short electronic effect for synthetic soundsculpturing. Almost usable as a loop on 60, 90 or 120 bpm...",,,,,,false,false,true,true,"duration,music_proxy"
2999,https://freesound.org/people/Jovica/sounds/2999/,STAB 088 mastered 16 bit.wav,Jovica,https://creativecommons.org/licenses/by/4.0/,1.00007,44100.0,2,wav,"[""electronic"", ""percussion"", ""stab""]",Electronic percussion created with Metaphysical Function from Native Instruments within Cubase SX. Mastering done within Wavelab using Elemental Audio and TC plugins. A weird spacy short electronic effect with a lot of high frequency content for synthetic soundsculpturing.,,,,,,false,false,true,true,"duration,music_proxy"
3000,https://freesound.org/people/Jovica/sounds/3000/,STAB 089 mastered 16 bit.wav,Jovica,https://creativecommons.org/licenses/by/4.0/,1.00007,44100.0,2,wav,"[""electronic"", ""percussion"", ""stab""]","Electronic percussion created with Metaphysical Function from Native Instruments within Cubase SX.
Mastering done within Wavelab using Elemental Audio and TC plugins. A
noise burst explosion for your synthetic drum programming pleasure.",,,,,,false,false,true,true,"duration,music_proxy"
3001,https://freesound.org/people/Jovica/sounds/3001/,STAB 090 mastered 16 bit.wav,Jovica,https://creativecommons.org/licenses/by/4.0/,1.00007,44100.0,2,wav,"[""electronic"", ""percussion"", ""stab""]","Electronic percussion created with Metaphysical Function from Native Instruments within Cubase SX. Mastering done within Wavelab using Elemental Audio and TC plugins. A noise stab for synthetic drum programming.
",,,,,,false,false,true,true,"duration,music_proxy"
3002,https://freesound.org/people/Jovica/sounds/3002/,STAB 091 mastered 16 bit.wav,Jovica,https://creativecommons.org/licenses/by/4.0/,1.00007,44100.0,2,wav,"[""electronic"", ""percussion"", ""stab""]","Electronic percussion created with Metaphysical Function from Native Instruments within Cubase SX. Mastering done within Wavelab using Elemental Audio and TC plugins. A weird spacy short electronic effect for synthetic soundsculpturing. Almost usable as a loop on 60, 90 or 120 bpm...
",,,,,,false,false,true,true,"duration,music_proxy"
3003,https://freesound.org/people/Jovica/sounds/3003/,STAB 092 mastered 16 bit.wav,Jovica,https://creativecommons.org/licenses/by/4.0/,1.00007,44100.0,2,wav,"[""electronic"", ""percussion"", ""stab""]",Electronic percussion created with Metaphysical Function from Native Instruments within Cubase SX. Mastering done within Wavelab using Elemental Audio and TC plugins. Some noise rumbling. Could be used as background effect.,,,,,,false,false,true,true,"duration,music_proxy"
3004,https://freesound.org/people/Jovica/sounds/3004/,STAB 093 mastered 16 bit.wav,Jovica,https://creativecommons.org/licenses/by/4.0/,1.00007,44100.0,2,wav,"[""electronic"", ""percussion"", ""stab""]",Electronic percussion created with Metaphysical Function from Native Instruments within Cubase SX. Mastering done within Wavelab using Elemental Audio and TC plugins. A weird spacy short electronic effect for synthetic soundsculpturing.,,,,,,false,false,true,true,"duration,music_proxy"
3005,https://freesound.org/people/Jovica/sounds/3005/,STAB 094 mastered 16 bit.wav,Jovica,https://creativecommons.org/licenses/by/4.0/,1.00007,44100.0,2,wav,"[""electronic"", ""percussion"", ""stab""]",Electronic percussion created with Metaphysical Function from Native Instruments within Cubase SX. Mastering done within Wavelab using Elemental Audio and TC plugins. A weird spacy short electronic effect for synthetic soundsculpturing. Mostly high frequencies.,,,,,,false,false,true,true,"duration,music_proxy"
3006,https://freesound.org/people/Jovica/sounds/3006/,STAB 095 mastered 16 bit.wav,Jovica,https://creativecommons.org/licenses/by/4.0/,1.00007,44100.0,2,wav,"[""electronic"", ""percussion"", ""stab""]","Electronic percussion created with Metaphysical Function from Native Instruments within Cubase SX.
Mastering done within Wavelab using Elemental Audio and TC plugins. A
higher frequency noise stab for synthetic drum programming. With some
lower frequency cracks.
",,,,,,false,false,true,true,"duration,music_proxy"
3007,https://freesound.org/people/Jovica/sounds/3007/,STAB 096 mastered 16 bit.wav,Jovica,https://creativecommons.org/licenses/by/4.0/,1.00007,44100.0,2,wav,"[""electronic"", ""percussion"", ""stab""]","Electronic percussion created with Metaphysical Function from Native Instruments within Cubase SX. Mastering done within Wavelab using Elemental Audio and TC plugins. A weird spacy short electronic effect for synthetic soundsculpturing. Almost usable as a loop on 60, 90 or 120 bpm...",,,,,,false,false,true,true,"duration,music_proxy"
3008,https://freesound.org/people/Jovica/sounds/3008/,STAB 097 mastered 16 bit.wav,Jovica,https://creativecommons.org/licenses/by/4.0/,1.00007,44100.0,2,wav,"[""electronic"", ""percussion"", ""stab""]",Electronic percussion created with Metaphysical Function from Native Instruments within Cubase SX. Mastering done within Wavelab using Elemental Audio and TC plugins. A weird spacy short electronic effect for synthetic soundsculpturing.,,,,,,false,false,true,true,"duration,music_proxy"
3009,https://freesound.org/people/Jovica/sounds/3009/,STAB 098 mastered 16 bit.wav,Jovica,https://creativecommons.org/licenses/by/4.0/,1.00007,44100.0,2,wav,"[""electronic"", ""percussion"", ""stab""]","Electronic percussion created with Metaphysical Function from Native Instruments within Cubase SX.
Mastering done within Wavelab using Elemental Audio and TC plugins. A
low frequency sound effect for your synthetic drum programming pleasure.",,,,,,false,false,true,true,"duration,music_proxy"
3010,https://freesound.org/people/Jovica/sounds/3010/,STAB 099 mastered 16 bit.wav,Jovica,https://creativecommons.org/licenses/by/4.0/,1.00007,44100.0,2,wav,"[""electronic"", ""percussion"", ""stab""]","Electronic percussion created with Metaphysical Function from Native Instruments within Cubase SX. Mastering done within Wavelab using Elemental Audio and TC plugins. A weird spacy short electronic effect for synthetic soundsculpturing.

",,,,,,false,false,true,true,"duration,music_proxy"
3011,https://freesound.org/people/Roil%20Noise/sounds/3011/,Really Nice S&M.mp3,Roil Noise,http://creativecommons.org/publicdomain/zero/1.0/,133.787,44100.0,2,mp3,"[""bent"", ""circuit"", ""circuitbent"", ""math"", ""speak""]","This is a raw, unaltered recording of probably the coolest loop I have ever heard on a circuit bent speak &amp; Math",,,,,,false,true,true,true,music_proxy
3014,https://freesound.org/people/Roil%20Noise/sounds/3014/,Colony.mp3,Roil Noise,http://creativecommons.org/publicdomain/zero/1.0/,118.192,44100.0,2,mp3,"[""rabbit-girls"", ""roil-noise""]","RABBIT GIRLS - ""Colony""",,,,,,false,true,true,true,music_proxy
3015,https://freesound.org/people/Roil%20Noise/sounds/3015/,Rabid.mp3,Roil Noise,http://creativecommons.org/publicdomain/zero/1.0/,51.5798,44100.0,2,mp3,"[""rabbit-girls"", ""roil-noise""]","RABBIT GIRLS - ""Rabid""",,,,,,false,true,true,true,music_proxy
3016,https://freesound.org/people/Roil%20Noise/sounds/3016/,jungular.MP3,Roil Noise,http://creativecommons.org/publicdomain/zero/1.0/,110.607,11025.0,2,mp3,"[""rabbit-girls"", ""roil-noise""]","RABBIT GIRLS - ""Jungular""",,,,,,false,true,true,true,music_proxy
3017,https://freesound.org/people/Freed/sounds/3017/,060701B.mp3,Freed,https://creativecommons.org/licenses/by/4.0/,14.5905,44100.0,2,mp3,"[""grains"", ""vectors""]","Flying grains in upward and downward direction, tone and noise elements are appearing in smooth transition",,,,,,false,false,true,true,"duration,music_proxy"
3018,https://freesound.org/people/Freed/sounds/3018/,060701C.mp3,Freed,https://creativecommons.org/licenses/by/4.0/,15.766,44100.0,2,mp3,"[""grains"", ""vectors""]","Flying grains in upward and downward direction, dominated by filtered noise elements",,,,,,false,false,true,true,"duration,music_proxy"
3019,https://freesound.org/people/Freed/sounds/3019/,061001A.mp3,Freed,https://creativecommons.org/licenses/by/4.0/,17.6207,44100.0,2,mp3,"[""figure"", ""noise"", ""sequence""]",Modulated figure with strong filter variations,,,,,,false,false,true,true,"duration,music_proxy"
3020,https://freesound.org/people/Freed/sounds/3020/,061101C.mp3,Freed,https://creativecommons.org/licenses/by/4.0/,14.7472,44100.0,2,mp3,"[""noise"", ""vectors""]",Filter curves and extreme dynamic bandwidth modulating a noisy sound source,,,,,,false,false,true,true,"duration,music_proxy"
3021,https://freesound.org/people/Freed/sounds/3021/,061101E.mp3,Freed,https://creativecommons.org/licenses/by/4.0/,13.4672,44100.0,2,mp3,"[""noise"", ""repetitions"", ""sequence"", ""stones""]",Stone like noise sounds appearing in a repetition like sequence,,,,,,false,false,true,true,"duration,music_proxy"
3022,https://freesound.org/people/Freed/sounds/3022/,061101F.mp3,Freed,https://creativecommons.org/licenses/by/4.0/,13.6239,44100.0,2,mp3,"[""noise"", ""spread""]",Different noise sounds appearing in a colorful sequence,,,,,,false,false,true,true,"duration,music_proxy"
3023,https://freesound.org/people/Freed/sounds/3023/,070604A.mp3,Freed,https://creativecommons.org/licenses/by/4.0/,29.7154,44100.0,2,mp3,"[""instruments"", ""repetitions""]","Short string sound in continuous repetition, modulated metrics",,,,,,false,false,true,true,"duration,music_proxy"
3024,https://freesound.org/people/Freed/sounds/3024/,070604B.mp3,Freed,https://creativecommons.org/licenses/by/4.0/,24.3602,44100.0,2,mp3,"[""instruments"", ""repetitions""]","Short string sound in continuous repetition with underlying octave sound, modulated metrics",,,,,,false,false,true,true,"duration,music_proxy"
3025,https://freesound.org/people/Freed/sounds/3025/,070604C.mp3,Freed,https://creativecommons.org/licenses/by/4.0/,24.3602,44100.0,2,mp3,"[""flute"", ""repetitions""]","Short flute sound in continuous repetition, modulated metrics",,,,,,false,false,true,true,"duration,music_proxy"
3026,https://freesound.org/people/Freed/sounds/3026/,091102B.mp3,Freed,https://creativecommons.org/licenses/by/4.0/,29.0362,44100.0,2,mp3,"[""electronics"", ""field"", ""layer"", ""spread""]","Electronic field of various sine sounds with various vibrato and glissando effects, intensive sound, in addition sprinkling short sounds spread over the field",,,,,,false,false,true,true,"duration,music_proxy"
3027,https://freesound.org/people/Freed/sounds/3027/,091102C.mp3,Freed,https://creativecommons.org/licenses/by/4.0/,33.6337,44100.0,2,mp3,"[""electronics"", ""field"", ""layer"", ""spread""]","Electronic field including high density sine cluster with various vibrato and glissando effects, intensive sound, in addition sprinkling short sounds spread over the field",,,,,,false,true,true,true,music_proxy
3028,https://freesound.org/people/Freed/sounds/3028/,091102D.mp3,Freed,https://creativecommons.org/licenses/by/4.0/,33.4509,44100.0,2,mp3,"[""electronics"", ""field"", ""layer"", ""spread""]","Electronic field in a high range with various vibrato and glissando effects, very intensive sound, in addition sprinkling short sounds spread over the field",,,,,,false,true,true,true,music_proxy
3029,https://freesound.org/people/Freed/sounds/3029/,091102E.mp3,Freed,https://creativecommons.org/licenses/by/4.0/,35.0443,44100.0,2,mp3,"[""electronics"", ""field"", ""layer"", ""spread""]","Electronic field in a large range with various vibrato, glissando, and cluster effects, intensive sound, in addition sprinkling short sounds spread over the field",,,,,,false,true,true,true,music_proxy
3030,https://freesound.org/people/Freed/sounds/3030/,101102A.mp3,Freed,https://creativecommons.org/licenses/by/4.0/,35.41,44100.0,2,mp3,"[""electronics"", ""field"", ""layer"", ""spread""]","Electronic field in a large range with various vibrato, glissando, and harmonic effects, intensive sound, in addition sprinkling short sounds spread over the field",,,,,,false,true,true,true,music_proxy
3031,https://freesound.org/people/Freed/sounds/3031/,101102C.mp3,Freed,https://creativecommons.org/licenses/by/4.0/,33.3986,44100.0,2,mp3,"[""electronics"", ""field"", ""layer"", ""spread""]","Electronic field in a large range with various glissando, and harmonic effects, intensive colorful sound, in addition sprinkling short sounds spread over the field",,,,,,false,true,true,true,music_proxy
3032,https://freesound.org/people/Freed/sounds/3032/,111100M.mp3,Freed,https://creativecommons.org/licenses/by/4.0/,14.5643,44100.0,2,mp3,"[""noise"", ""spread"", ""water""]","Water sounds spread over time, taken from a bath",,,,,,false,false,true,true,"duration,music_proxy"
3033,https://freesound.org/people/Freed/sounds/3033/,111102A.mp3,Freed,https://creativecommons.org/licenses/by/4.0/,27.9651,44100.0,2,mp3,"[""electronics"", ""field"", ""layer"", ""spread""]","Electronic field in a high small range with various glissando, and harmonic effects, intensive sound, in addition sprinkling short sounds spread over the field",,,,,,false,false,true,true,"duration,music_proxy"
3034,https://freesound.org/people/Freed/sounds/3034/,111102C.mp3,Freed,https://creativecommons.org/licenses/by/4.0/,35.8019,44100.0,2,mp3,"[""electronics"", ""field"", ""layer"", ""spread""]","Electronic field in a large range with various glissando, and harmonic effects, intensive sound, in addition sprinkling short sounds spread over the field",,,,,,false,true,true,true,music_proxy
3035,https://freesound.org/people/Freed/sounds/3035/,111102D.mp3,Freed,https://creativecommons.org/licenses/by/4.0/,34.9137,44100.0,2,mp3,"[""electronics"", ""field"", ""layer"", ""spread""]","Electronic field in a very high large range with various glissando, and harmonic effects, intensive sound, in addition sprinkling short sounds spread over the field",,,,,,false,true,true,true,music_proxy
3036,https://freesound.org/people/Freed/sounds/3036/,111102E.mp3,Freed,https://creativecommons.org/licenses/by/4.0/,35.3317,44100.0,2,mp3,"[""electronics"", ""field"", ""layer"", ""spread""]","Electronic field in a low high density range with various glissando, and harmonic effects, in addition sprinkling short sounds spread over the field",,,,,,false,true,true,true,music_proxy
3037,https://freesound.org/people/Freed/sounds/3037/,111102F.mp3,Freed,https://creativecommons.org/licenses/by/4.0/,33.4247,44100.0,2,mp3,"[""electronics"", ""field"", ""layer"", ""spread""]","Extremely intensive electronic field in a high and large register with various glissando, and harmonic effects, in addition sprinkling short sounds spread over the field",,,,,,false,true,true,true,music_proxy
3038,https://freesound.org/people/Freed/sounds/3038/,120902A.mp3,Freed,https://creativecommons.org/licenses/by/4.0/,30.5251,44100.0,2,mp3,"[""electronics"", ""glissando"", ""layer"", ""reverb""]","Electronic sound of a quart, branching out into a high density field of pitch shifts, eventually fading away",,,,,,false,true,true,true,music_proxy
3039,https://freesound.org/people/Freed/sounds/3039/,120902B.mp3,Freed,https://creativecommons.org/licenses/by/4.0/,24.0729,44100.0,2,mp3,"[""electronics"", ""glissando"", ""layer"", ""noise"", ""reverb""]","Extremely split glissando field, eventually focussing on a low register quart sound, rather large reverb, noisy side effects, mainly reactangle waveform",,,,,,false,false,true,true,"duration,music_proxy"
3040,https://freesound.org/people/Freed/sounds/3040/,120902C.mp3,Freed,https://creativecommons.org/licenses/by/4.0/,24.0468,44100.0,2,mp3,"[""electronics"", ""glissando"", ""layer"", ""noise"", ""reverb""]","Upwards streaming glissando field, branching out into various directions, creating lots of side glissando while reaching very high register",,,,,,false,false,true,true,"duration,music_proxy"
3041,https://freesound.org/people/Freed/sounds/3041/,130902B.mp3,Freed,https://creativecommons.org/licenses/by/4.0/,33.0329,44100.0,2,mp3,"[""electronics"", ""glissando"", ""layer"", ""noise"", ""reverb""]","Strong filtered glissando cluster, moving downwards, amplitude side effects due to high density, eventually focussing on a soft quint sound, rather large reverb",,,,,,false,true,true,true,music_proxy
3042,https://freesound.org/people/Freed/sounds/3042/,131102B.mp3,Freed,https://creativecommons.org/licenses/by/4.0/,32.9807,44100.0,2,mp3,"[""electronics"", ""glissando"", ""reverb""]","High density cluster of electronic waveforms in middle register, accompanied by a few short staccato sounds, rather large reverb",,,,,,false,true,true,true,music_proxy
3043,https://freesound.org/people/Freed/sounds/3043/,141102A.mp3,Freed,https://creativecommons.org/licenses/by/4.0/,34.2345,44100.0,2,mp3,"[""electronics"", ""reverb""]","Intensive electronic sound field, wide spread, including vibrato effects, additional staccato effects",,,,,,false,true,true,true,music_proxy
3044,https://freesound.org/people/starpause/sounds/3044/,k9dhhBright.wav,starpause,https://creativecommons.org/licenses/by/4.0/,0.23907,44100.0,1,wav,"[""chip"", ""chiptune"", ""closed-hi-hat"", ""gameboy"", ""lobit"", ""lofi"", ""low-fi"", ""lsdj"", ""noise"", ""noise-channel"", ""video-game""]","A short, mono, percussive burst of noise sculpted in LSDj on my GBA-SP. It could work as a closed HH.",,,,,,false,false,true,true,"duration,music_proxy"
3045,https://freesound.org/people/starpause/sounds/3045/,k9dhhNoiseCym.wav,starpause,https://creativecommons.org/licenses/by/4.0/,0.946213,44100.0,1,wav,"[""chip"", ""chiptune"", ""cymbal"", ""gameboy"", ""lobit"", ""lofi"", ""low-fi"", ""lsdj"", ""noise"", ""noise-channel"", ""video-game""]","A long, mono, percussive burst of noise sculpted in LSDj on my GBA-SP. It could work as a crash cymbal.",,,,,,false,false,true,true,"duration,music_proxy"
3046,https://freesound.org/people/starpause/sounds/3046/,k9dhhNoisekickFinal.wav,starpause,https://creativecommons.org/licenses/by/4.0/,0.0417234,44100.0,1,wav,"[""bass-drum"", ""chip"", ""chiptune"", ""gameboy"", ""kick"", ""lobit"", ""lofi"", ""low-fi"", ""lsdj"", ""minimal"", ""noise"", ""noise-channel"", ""video-game""]","This mono kick is very tight and minimal with only the slightest snap
of noise. It's a quick, percussive burst of noise sculpted in LSDj on my GBA-SP. ",,,,,,false,false,true,true,"duration,music_proxy"
3047,https://freesound.org/people/starpause/sounds/3047/,k9dhhNotSnare.wav,starpause,https://creativecommons.org/licenses/by/4.0/,0.136417,44100.0,1,wav,"[""chip"", ""chiptune"", ""electro"", ""gameboy"", ""lobit"", ""lofi"", ""low-fi"", ""lsdj"", ""noise"", ""noise-channel"", ""snare"", ""video-game""]","A workable, mono electro snare. It's a raunchy, percussive burst of noise sculpted in LSDj on my GBA-SP. ",,,,,,false,false,true,true,"duration,music_proxy"
3048,https://freesound.org/people/starpause/sounds/3048/,k9dhhPulseEffect.wav,starpause,https://creativecommons.org/licenses/by/4.0/,0.107574,44100.0,1,wav,"[""chip"", ""chiptune"", ""coin"", ""gameboy"", ""lobit"", ""lofi"", ""lsdj"", ""noise"", ""noise-channel"", ""pulse-channel"", ""square-wave"", ""video-game""]","A quick burst of mono, modulated square wave. It has low and high frequency
components so I wouldn't use it to replace a kick or a snare, it works
best for flair. Sculpted in LSDj on my GBA-SP. ",,,,,,false,false,true,true,"duration,music_proxy"
3049,https://freesound.org/people/starpause/sounds/3049/,k9dhhPulseKick.wav,starpause,https://creativecommons.org/licenses/by/4.0/,0.293129,44100.0,1,wav,"[""bass-drum"", ""chip"", ""gabber"", ""gameboy"", ""kick"", ""lobit"", ""lofi"", ""low-fi"", ""lsdj"", ""noise"", ""noise-channel"", ""square-wave"", ""video-game""]","A decaying, square wave, mono kick drum. The square wave is modulated so this is not a max-volume super flat/square kick.  A gabber bass drum with a little LSDj pulse channel flavor! Recorded from a GBA-SP. Mono!",,,,,,false,false,true,true,"duration,music_proxy"
3050,https://freesound.org/people/Freed/sounds/3050/,171100I.mp3,Freed,https://creativecommons.org/licenses/by/4.0/,24.308,44100.0,2,mp3,"[""noise"", ""reverb"", ""spread""]","Irregularly 'jumping' noise elements with various filter positions, large reverb, closed to speech rhythm, rather aggressive",,,,,,false,false,true,true,"duration,music_proxy"
3051,https://freesound.org/people/Freed/sounds/3051/,171100J.mp3,Freed,https://creativecommons.org/licenses/by/4.0/,21.4868,44100.0,2,mp3,"[""noise"", ""reverb"", ""spread""]","Irregularly 'jumping' noise elements with various filter positions, soft reverb, closed to speech rhythm, rather soft spectra",,,,,,false,false,true,true,"duration,music_proxy"
3052,https://freesound.org/people/Freed/sounds/3052/,171100K.mp3,Freed,https://creativecommons.org/licenses/by/4.0/,23.2892,44100.0,2,mp3,"[""noise"", ""reverb"", ""spread""]","Irregularly 'jumping' noise elements with various filter positions, larger reverb, closed to speech rhythm, rather soft spectra",,,,,,false,false,true,true,"duration,music_proxy"
3053,https://freesound.org/people/Freed/sounds/3053/,171100L.mp3,Freed,https://creativecommons.org/licenses/by/4.0/,21.748,44100.0,2,mp3,"[""noise"", ""reverb"", ""spread""]","Irregularly 'jumping' noise elements with various filter positions, larger reverb, closed to speech rhythm, full sounding 'physical' spectra (a bit like large wood)",,,,,,false,false,true,true,"duration,music_proxy"
3054,https://freesound.org/people/Freed/sounds/3054/,171100M.mp3,Freed,https://creativecommons.org/licenses/by/4.0/,21.6174,44100.0,2,mp3,"[""noise"", ""reverb"", ""spread""]","Irregularly 'jumping' noise elements with various filter positions and variable durations, larger reverb, closed to speech rhythm, full sounding 'physical' spectra ",,,,,,false,false,true,true,"duration,music_proxy"
3055,https://freesound.org/people/Freed/sounds/3055/,171100N.mp3,Freed,https://creativecommons.org/licenses/by/4.0/,21.5913,44100.0,2,mp3,"[""noise"", ""reverb"", ""spread""]","Irregularly 'jumping' noise elements with various filter positions and variable durations, larger reverb, closed to speech rhythm, full sounding 'physical' spectra, variable registers",,,,,,false,false,true,true,"duration,music_proxy"
3056,https://freesound.org/people/Freed/sounds/3056/,171100O.mp3,Freed,https://creativecommons.org/licenses/by/4.0/,21.748,44100.0,2,mp3,"[""noise"", ""reverb"", ""spread""]","Irregularly 'jumping' noise elements with various filter positions, larger reverb, closed to speech rhythm, rather noisy spectra in high registers",,,,,,false,false,true,true,"duration,music_proxy"
3057,https://freesound.org/people/Freed/sounds/3057/,171100P.mp3,Freed,https://creativecommons.org/licenses/by/4.0/,21.5913,44100.0,2,mp3,"[""noise"", ""reverb"", ""spread""]","Irregularly 'jumping' noise elements with extremely variable volume and filter positions, larger reverb, closed to speech rhythm, variable registers, few tone elements (filter sounds)",,,,,,false,false,true,true,"duration,music_proxy"
3058,https://freesound.org/people/Freed/sounds/3058/,171100Q.mp3,Freed,https://creativecommons.org/licenses/by/4.0/,22.5578,44100.0,2,mp3,"[""reverb"", ""spread""]","Irregularly 'jumping' mixed noise-tone elements with variable volume and filter positions, larger reverb, closed to speech rhythm, variable registers",,,,,,false,false,true,true,"duration,music_proxy"
3059,https://freesound.org/people/SpeedY/sounds/3059/,Jaws.wav,SpeedY,http://creativecommons.org/publicdomain/zero/1.0/,1.94698,44100.0,1,wav,"[""alien"", ""computer-generated"", ""irregularly"", ""short"", ""stab"", ""weird""]","Sounds like the jaws theme song bass sound. These sounds are actually an XM with a changed file extension to .wav, and then loaded into a wav editor which converted it to a readable format. I then removed the unbelievable noise to see what I ended up with. After that, I cut out the parts that sort of sounded cool and these are some of the ones I am willing to let everyone have.",,,,,,false,false,true,true,"duration,music_proxy"
3060,https://freesound.org/people/SpeedY/sounds/3060/,UFOblip.wav,SpeedY,http://creativecommons.org/publicdomain/zero/1.0/,0.421723,44100.0,2,wav,"[""alien"", ""computer-generated"", ""irregularly"", ""short"", ""stab"", ""weird""]","Sounds like a blip from a UFO. These sounds are actually an XM with a changed file extension to .wav, and then loaded into a wav editor which converted it to a readable format. I then removed the unbelievable noise to see what I ended up with. After that, I cut out the parts that sort of sounded cool and these are some of the ones I am willing to let everyone have.",,,,,,false,false,true,true,"duration,music_proxy"
3061,https://freesound.org/people/SpeedY/sounds/3061/,beat.wav,SpeedY,http://creativecommons.org/publicdomain/zero/1.0/,0.213129,44100.0,1,wav,"[""alien"", ""computer-generated"", ""irregularly"", ""short"", ""stab"", ""weird""]","High squeal that has a bassy thud at the end. These sounds are actually an XM with a changed file extension to .wav, and then loaded into a wav editor which converted it to a readable format. I then removed the unbelievable noise to see what I ended up with. After that, I cut out the parts that sort of sounded cool and these are some of the ones I am willing to let everyone have.",,,,,,false,false,true,true,"duration,music_proxy"
3062,https://freesound.org/people/SpeedY/sounds/3062/,bleep.wav,SpeedY,http://creativecommons.org/publicdomain/zero/1.0/,0.124444,44100.0,1,wav,"[""alien"", ""computer-generated"", ""irregularly"", ""short"", ""stab"", ""weird""]","Like a sonar blip. These sounds are actually an XM with a changed file extension to .wav, and then loaded into a wav editor which converted it to a readable format. I then removed the unbelievable noise to see what I ended up with. After that, I cut out the parts that sort of sounded cool and these are some of the ones I am willing to let everyone have.",,,,,,false,false,true,true,"duration,music_proxy"
3063,https://freesound.org/people/SpeedY/sounds/3063/,cheerommmm.wav,SpeedY,http://creativecommons.org/publicdomain/zero/1.0/,1.57095,44100.0,1,wav,"[""alien"", ""computer-generated"", ""irregularly"", ""short"", ""stab"", ""weird""]","Noisy start that fades into a bassy hum. These sounds are actually an XM with a changed file extension to .wav, and then loaded into a wav editor which converted it to a readable format. I then removed the unbelievable noise to see what I ended up with. After that, I cut out the parts that sort of sounded cool and these are some of the ones I am willing to let everyone have.",,,,,,false,false,true,true,"duration,music_proxy"
3064,https://freesound.org/people/SpeedY/sounds/3064/,cool1.wav,SpeedY,http://creativecommons.org/publicdomain/zero/1.0/,1.60261,44100.0,1,wav,"[""alien"", ""computer-generated"", ""irregularly"", ""short"", ""stab"", ""weird""]","Like the cheerommmm, but longer and not as much contrast. These sounds are actually an XM with a changed file extension to .wav, and then loaded into a wav editor which converted it to a readable format. I then removed the unbelievable noise to see what I ended up with. After that, I cut out the parts that sort of sounded cool and these are some of the ones I am willing to let everyone have.",,,,,,false,false,true,true,"duration,music_proxy"
3065,https://freesound.org/people/SpeedY/sounds/3065/,heart beat.wav,SpeedY,http://creativecommons.org/publicdomain/zero/1.0/,0.397324,44100.0,1,wav,"[""alien"", ""computer-generated"", ""irregularly"", ""short"", ""stab"", ""weird""]","A heart beat type sound with a higher frequency mixed in.These sounds are actually an XM with a changed file extension to .wav, and then loaded into a wav editor which converted it to a readable format. I then removed the unbelievable noise to see what I ended up with. After that, I cut out the parts that sort of sounded cool and these are some of the ones I am willing to let everyone have.",,,,,,false,false,true,true,"duration,music_proxy"
3066,https://freesound.org/people/SpeedY/sounds/3066/,basspulse.wav,SpeedY,http://creativecommons.org/publicdomain/zero/1.0/,0.601474,44100.0,1,wav,"[""alien"", ""computer-generated"", ""irregularly"", ""short"", ""stab"", ""weird""]","This would go well in for a pulsing piece of humming machinery - what ever that would be. This sound is actually a jpg of this hot chick, with a changed file extension to .wav, and then loaded into a wav editor which converted it to a readable format. I then removed the unbelievable noise to see what I ended up with. After that, I cut out the parts that sort of sounded cool and this is about all I could salvage from the mess of unrecognizable meaning. ",,,,,,false,false,true,true,"duration,music_proxy"
3067,https://freesound.org/people/boater/sounds/3067/,HelloSailor.wav,boater,http://creativecommons.org/licenses/by/3.0/,0.855283,22050.0,1,wav,"[""hello-sailor"", ""speaking"", ""speech"", ""talking""]","Woman speaking ""Hello Sailor"".",,,,,,false,false,true,true,"duration,music_proxy"
3068,https://freesound.org/people/boater/sounds/3068/,HiJim.wav,boater,http://creativecommons.org/licenses/by/3.0/,0.783946,22050.0,1,wav,"[""hi-jim"", ""speaking"", ""speech"", ""talking""]","Woman speaking: ""Hi Jim"". 
Recorded with cheap dynamic microphone, Sound Blaster 16 card, into Microsoft Sound Recorder.",,,,,,false,false,true,true,"duration,music_proxy"
3069,https://freesound.org/people/boater/sounds/3069/,ChristmasSong.wav,boater,http://creativecommons.org/licenses/by/3.0/,3.60707,11025.0,1,wav,"[""christmas"", ""singing"", ""song""]","Woman singing: ""It's beginning to look a lot like Christmas.""
Mono recording with cheap dynamic mike, Sound Blaster 16, Microsoft Sound Recorder.",,,,,,false,false,true,true,"duration,music_proxy"
3070,https://freesound.org/people/Freed/sounds/3070/,201001C.mp3,Freed,https://creativecommons.org/licenses/by/4.0/,15.0868,44100.0,2,mp3,"[""household"", ""noise"", ""spreads""]","Irregularly sequence of noise events built from household sounds, and spread over different pitch, filter, and reverb positions.",,,,,,false,false,true,true,"duration,music_proxy"
3071,https://freesound.org/people/Freed/sounds/3071/,201001E.mp3,Freed,https://creativecommons.org/licenses/by/4.0/,23.3937,44100.0,2,mp3,"[""household"", ""noise"", ""spreads""]","Irregularly and high density sequence of noise events built from household sounds, and spread over different pitch, filter, and reverb positions.",,,,,,false,false,true,true,"duration,music_proxy"
3072,https://freesound.org/people/Freed/sounds/3072/,201001F.mp3,Freed,https://creativecommons.org/licenses/by/4.0/,19.8149,44100.0,2,mp3,"[""household"", ""noise"", ""spreads""]","Irregularly sequence of noise events, speech like rhythm, built from household sounds, spread over different pitch, filter, panorama, and volume positions.",,,,,,false,false,true,true,"duration,music_proxy"
3073,https://freesound.org/people/Freed/sounds/3073/,201001G.mp3,Freed,https://creativecommons.org/licenses/by/4.0/,21.1994,44100.0,2,mp3,"[""household"", ""noise"", ""spreads""]","Irregularly sequence of noise events, speech like rhythm including longer events, built from household sounds, spread over different pitch, filter, panorama, and volume positions.",,,,,,false,false,true,true,"duration,music_proxy"
3074,https://freesound.org/people/Freed/sounds/3074/,201001H.mp3,Freed,https://creativecommons.org/licenses/by/4.0/,18.4827,44100.0,2,mp3,"[""household"", ""noise"", ""spreads""]","Irregularly sequence of aggressive noise events, speech like rhythm, built from household sounds, spread over different pitch, filter, panorama, and volume positions.",,,,,,false,false,true,true,"duration,music_proxy"
3075,https://freesound.org/people/Freed/sounds/3075/,201001I.mp3,Freed,https://creativecommons.org/licenses/by/4.0/,21.6174,44100.0,2,mp3,"[""household"", ""noise"", ""spreads""]","Irregularly sequence of aggressive high register noise events, built from household sounds, spread over different pitch, filter, panorama positions.",,,,,,false,false,true,true,"duration,music_proxy"
3076,https://freesound.org/people/Freed/sounds/3076/,201001J.mp3,Freed,https://creativecommons.org/licenses/by/4.0/,19.9978,44100.0,2,mp3,"[""household"", ""noise"", ""spreads""]","Irregularly sequence of mid register noise events, built from household sounds, spread over different strong filter, but also pitch, and panorama positions.",,,,,,false,false,true,true,"duration,music_proxy"
3077,https://freesound.org/people/Freed/sounds/3077/,201001K.mp3,Freed,https://creativecommons.org/licenses/by/4.0/,14.5643,44100.0,2,mp3,"[""household"", ""noise"", ""spreads""]","Irregularly sequence of extremely short noise events, built from household sounds, spread over different pitch, and panorama positions. Overall high-pass filter transition from high to lower spectra.",,,,,,false,false,true,true,"duration,music_proxy"
3078,https://freesound.org/people/Freed/sounds/3078/,201001L.mp3,Freed,https://creativecommons.org/licenses/by/4.0/,16.7847,44100.0,2,mp3,"[""household"", ""noise"", ""spreads""]","Irregularly high but balanced density sequence of very short noise events, built from household sounds, spread over different pitch, and panorama positions. ",,,,,,false,false,true,true,"duration,music_proxy"
3079,https://freesound.org/people/Freed/sounds/3079/,201001M.mp3,Freed,https://creativecommons.org/licenses/by/4.0/,14.6427,44100.0,2,mp3,"[""household"", ""noise"", ""spreads""]","Irregularly high and unbalanced density sequence of very short noise events, built from household sounds, spread over different parameter positions. Overall transition from high to lower pitches.",,,,,,false,false,true,true,"duration,music_proxy"
3080,https://freesound.org/people/Freed/sounds/3080/,201001N.mp3,Freed,https://creativecommons.org/licenses/by/4.0/,14.486,44100.0,2,mp3,"[""household"", ""noise"", ""spreads""]","Irregularly strong variating density sequence of very short noise events, built from household sounds, spread over different parameter positions. ",,,,,,false,false,true,true,"duration,music_proxy"
3081,https://freesound.org/people/Freed/sounds/3081/,201001O.mp3,Freed,https://creativecommons.org/licenses/by/4.0/,15.1651,44100.0,2,mp3,"[""household"", ""noise"", ""spreads""]","Irregularly variating density sequence of short, dry and rather consistent noise events, built from household sounds, spread over different parameter positions. Overall transition from mid range to lower spectra.",,,,,,false,false,true,true,"duration,music_proxy"
3082,https://freesound.org/people/Freed/sounds/3082/,201001P.mp3,Freed,https://creativecommons.org/licenses/by/4.0/,15.2435,44100.0,2,mp3,"[""household"", ""noise"", ""spreads""]","Irregularly sequence of short noise events with an interesting spectra envelope, creating a 'touchy' sound feeling, built from household sounds, spread over different parameter positions. Overall transition from mid range to lower spectra.",,,,,,false,false,true,true,"duration,music_proxy"
3083,https://freesound.org/people/Freed/sounds/3083/,201001Q.mp3,Freed,https://creativecommons.org/licenses/by/4.0/,10.9333,44100.0,2,mp3,"[""household"", ""noise"", ""spreads""]","Irregularly high density sequence of very short and dry noise events, built from household sounds, spread over different parameter positions. ",,,,,,false,false,true,true,"duration,music_proxy"
3084,https://freesound.org/people/Freed/sounds/3084/,200802B.mp3,Freed,https://creativecommons.org/licenses/by/4.0/,21.0688,44100.0,2,mp3,"[""electronic"", ""melody"", ""sequence""]","High register sequence of simple electronic events, built of digital oscillators and few envelope variations, large reverb",,,,,,false,false,true,true,"duration,music_proxy"
3085,https://freesound.org/people/Freed/sounds/3085/,200802C.mp3,Freed,https://creativecommons.org/licenses/by/4.0/,20.8337,44100.0,2,mp3,"[""electronic"", ""melody"", ""sequence""]","High register sequence of simple electronic events, built of digital oscillators and few envelope variations, large reverb, digital side effects, slow shifting of pitches and intervals",,,,,,false,false,true,true,"duration,music_proxy"
3086,https://freesound.org/people/Freed/sounds/3086/,200802D.mp3,Freed,https://creativecommons.org/licenses/by/4.0/,24.5692,44100.0,2,mp3,"[""electronic"", ""melody"", ""sequence""]","Very high register sequence of simple electronic events, built of digital oscillators and few envelope variations, large reverb, strong digital side effects, slow shifting of pitches and intervals",,,,,,false,false,true,true,"duration,music_proxy"
3087,https://freesound.org/people/Freed/sounds/3087/,210802A.mp3,Freed,https://creativecommons.org/licenses/by/4.0/,21.0427,44100.0,2,mp3,"[""electronic"", ""melody"", ""sequence""]","High to mid register sequence of simple electronic events, built of digital oscillators and few envelope variations, large reverb, slow shifting of pitches and intervals",,,,,,false,false,true,true,"duration,music_proxy"
3088,https://freesound.org/people/Freed/sounds/3088/,210802B.mp3,Freed,https://creativecommons.org/licenses/by/4.0/,20.7815,44100.0,2,mp3,"[""electronic"", ""melody"", ""sequence""]","Split high and low register sequence of simple electronic events, built of digital oscillators and few envelope variations, large reverb, slow shifting of pitches and intervals",,,,,,false,false,true,true,"duration,music_proxy"
3089,https://freesound.org/people/Freed/sounds/3089/,210802C.mp3,Freed,https://creativecommons.org/licenses/by/4.0/,20.886,44100.0,2,mp3,"[""bass"", ""electronic"", ""melody"", ""sequence""]","Bass register sequence of simple electronic events, built of digital oscillators and few envelope variations, large reverb, slow shifting of pitches and intervals",,,,,,false,false,true,true,"duration,music_proxy"
3090,https://freesound.org/people/Freed/sounds/3090/,210802D.mp3,Freed,https://creativecommons.org/licenses/by/4.0/,21.1211,44100.0,2,mp3,"[""electronic"", ""melody"", ""sequence""]","Split high and mid register sequence of simple electronic events, built of digital oscillators and few envelope variations, large reverb, slow shifting of pitches and intervals",,,,,,false,false,true,true,"duration,music_proxy"
3091,https://freesound.org/people/Freed/sounds/3091/,210802E.mp3,Freed,https://creativecommons.org/licenses/by/4.0/,21.33,44100.0,2,mp3,"[""electronic"", ""melody"", ""sequence""]","Split high and mid register sequence of simple electronic events, built of digital oscillators and few envelope variations including pitch bend effects, large reverb, slow shifting of pitches and intervals",,,,,,false,false,true,true,"duration,music_proxy"
3092,https://freesound.org/people/jonnay/sounds/3092/,SynthSlapBassLoop.wav,jonnay,http://creativecommons.org/licenses/by/3.0/,1.73925,44100.0,1,wav,"[""138bpm"", ""bass"", ""f"", ""loop"", ""synth""]","A funky little bass loop in the key of F.  It is 138 BPM.

F F D#D# C B#B# FFFF

I synthesized the noise from a saw and a pulse wave on my A3k.  

",,,,,,false,false,true,true,"duration,music_proxy"
3093,https://freesound.org/people/jorisbr/sounds/3093/,dutch_train_coming1.wav,jorisbr,http://creativecommons.org/publicdomain/zero/1.0/,35.4608,44100.0,2,wav,"[""break"", ""field-recording"", ""railway"", ""train""]",A train coming to the station Zutphen in the Netherlands. You can hear the breaks clearly beside the wheels and diesel engines.,,,,,,false,true,true,true,music_proxy
3094,https://freesound.org/people/NoiseCollector/sounds/3094/,snippet.wav,NoiseCollector,http://creativecommons.org/licenses/by/3.0/,1.33245,44100.0,2,wav,"[""bass"", ""guitar"", ""keyboard"", ""loop"", ""raw""]","Loop from 1993 recorded on portastudio with yamaha vss-30, peavey bass and el cheapo electric... minimal processing. ",,,,,,false,false,true,true,"duration,music_proxy"
3095,https://freesound.org/people/NoiseCollector/sounds/3095/,BASSLEFT.aif,NoiseCollector,http://creativecommons.org/licenses/by/3.0/,0.252698,44100.0,1,aiff,"[""aiff"", ""drum"", ""free"", ""kick"", ""kit"", ""percussion"", ""sample"", ""sound"", ""valdo""]","Drum kit sampled direct to my old 486DX no processing unless labeled. I forget the brand name of kit and what mic i used. Had to convert all files to aiff to get applet to recognize files, after trying every wav format known.",,,,,,false,false,true,true,"duration,music_proxy"
3096,https://freesound.org/people/NoiseCollector/sounds/3096/,BASSRITE.aif,NoiseCollector,http://creativecommons.org/licenses/by/3.0/,0.2339,44100.0,1,aiff,"[""drum"", ""kick"", ""kit""]","Drum kit sampled direct to my old 486DX no processing unless labeled. I forget the brand name of kit and what mic i used. Had to convert all files to aiff to get applet to recognize files, after trying every wav format known.",,,,,,false,false,true,true,"duration,music_proxy"
3097,https://freesound.org/people/NoiseCollector/sounds/3097/,CRSHHVY.aif,NoiseCollector,http://creativecommons.org/licenses/by/3.0/,1.87272,44100.0,1,aiff,"[""cymbal"", ""drum"", ""kit"", ""percussion""]","Drum kit sampled direct to my old 486DX no processing unless labeled. I forget the brand name of kit and what mic i used. Had to convert all files to aiff to get applet to recognize files, after trying every wav format known.",,,,,,false,false,true,true,"duration,music_proxy"
3098,https://freesound.org/people/NoiseCollector/sounds/3098/,CRSHHVYB.aif,NoiseCollector,http://creativecommons.org/licenses/by/3.0/,0.77898,44100.0,1,aiff,"[""bell"", ""cymbal"", ""drum"", ""kit""]","Drum kit sampled direct to my old 486DX no processing unless labeled. I forget the brand name of kit and what mic i used. Had to convert all files to aiff to get applet to recognize files, after trying every wav format known.",,,,,,false,false,true,true,"duration,music_proxy"
3099,https://freesound.org/people/NoiseCollector/sounds/3099/,CRSHMED.aif,NoiseCollector,http://creativecommons.org/licenses/by/3.0/,3.08399,44100.0,1,aiff,"[""cymbal"", ""drum"", ""kit""]","Drum kit sampled direct to my old 486DX no processing unless labeled. I forget the brand name of kit and what mic i used. Had to convert all files to aiff to get applet to recognize files, after trying every wav format known.",,,,,,false,false,true,true,"duration,music_proxy"
3100,https://freesound.org/people/NoiseCollector/sounds/3100/,CRSHMEDB.aif,NoiseCollector,http://creativecommons.org/licenses/by/3.0/,1.98599,44100.0,1,aiff,"[""bell"", ""cymbal"", ""drum"", ""kit""]","Drum kit sampled direct to my old 486DX no processing unless labeled. I forget the brand name of kit and what mic i used. Had to convert all files to aiff to get applet to recognize files, after trying every wav format known.",,,,,,false,false,true,true,"duration,music_proxy"
3101,https://freesound.org/people/NoiseCollector/sounds/3101/,HATCLOSD.aif,NoiseCollector,http://creativecommons.org/licenses/by/3.0/,0.18542,44100.0,1,aiff,"[""drum"", ""hat"", ""kit""]","Drum kit sampled direct to my old 486DX no processing unless labeled. I forget the brand name of kit and what mic i used. Had to convert all files to aiff to get applet to recognize files, after trying every wav format known.",,,,,,false,false,true,true,"duration,music_proxy"
3102,https://freesound.org/people/NoiseCollector/sounds/3102/,HATDOWN.aif,NoiseCollector,http://creativecommons.org/licenses/by/3.0/,0.363673,44100.0,1,aiff,"[""drum"", ""hat"", ""kit""]","Drum kit sampled direct to my old 486DX no processing unless labeled. I forget the brand name of kit and what mic i used. Had to convert all files to aiff to get applet to recognize files, after trying every wav format known.",,,,,,false,false,true,true,"duration,music_proxy"
3103,https://freesound.org/people/NoiseCollector/sounds/3103/,HATOPEN.aif,NoiseCollector,http://creativecommons.org/licenses/by/3.0/,0.413991,44100.0,1,aiff,"[""drum"", ""hat"", ""kit""]","Drum kit sampled direct to my old 486DX no processing unless labeled. I forget the brand name of kit and what mic i used. Had to convert all files to aiff to get applet to recognize files, after trying every wav format known.",,,,,,false,false,true,true,"duration,music_proxy"
3104,https://freesound.org/people/NoiseCollector/sounds/3104/,HATUP.aif,NoiseCollector,http://creativecommons.org/licenses/by/3.0/,0.517982,44100.0,1,aiff,"[""drum"", ""hat"", ""kit""]","Drum kit sampled direct to my old 486DX no processing unless labeled. I forget the brand name of kit and what mic i used. Had to convert all files to aiff to get applet to recognize files, after trying every wav format known.",,,,,,false,false,true,true,"duration,music_proxy"
3105,https://freesound.org/people/NoiseCollector/sounds/3105/,RIDECYM.aif,NoiseCollector,http://creativecommons.org/licenses/by/3.0/,2.08399,44100.0,1,aiff,"[""cymbal"", ""drum"", ""kit""]","Drum kit sampled direct to my old 486DX no processing unless labeled. I forget the brand name of kit and what mic i used. Had to convert all files to aiff to get applet to recognize files, after trying every wav format known.",,,,,,false,false,true,true,"duration,music_proxy"
3106,https://freesound.org/people/NoiseCollector/sounds/3106/,RIDECYMB.aif,NoiseCollector,http://creativecommons.org/licenses/by/3.0/,0.920998,44100.0,1,aiff,"[""cymbal"", ""drum"", ""kit""]","Drum kit sampled direct to my old 486DX no processing unless labeled. I forget the brand name of kit and what mic i used. Had to convert all files to aiff to get applet to recognize files, after trying every wav format known.",,,,,,false,false,true,true,"duration,music_proxy"
3107,https://freesound.org/people/NoiseCollector/sounds/3107/,RIDERX.aif,NoiseCollector,http://creativecommons.org/licenses/by/3.0/,1.02195,44100.0,1,aiff,"[""cymbal"", ""drum"", ""kit""]","Drum kit sampled direct to my old 486DX no processing unless labeled. I forget the brand name of kit and what mic i used. Had to convert all files to aiff to get applet to recognize files, after trying every wav format known.",,,,,,false,false,true,true,"duration,music_proxy"
3108,https://freesound.org/people/NoiseCollector/sounds/3108/,ROTOHIC.aif,NoiseCollector,http://creativecommons.org/licenses/by/3.0/,0.647982,44100.0,1,aiff,"[""drum"", ""kit"", ""tom""]","Drum kit sampled direct to my old 486DX no processing unless labeled. I forget the brand name of kit and what mic i used. Had to convert all files to aiff to get applet to recognize files, after trying every wav format known.",,,,,,false,false,true,true,"duration,music_proxy"
3109,https://freesound.org/people/NoiseCollector/sounds/3109/,ROTOLOWF.aif,NoiseCollector,http://creativecommons.org/licenses/by/3.0/,0.654989,44100.0,1,aiff,"[""drum"", ""kit"", ""tom""]","Drum kit sampled direct to my old 486DX no processing unless labeled. I forget the brand name of kit and what mic i used. Had to convert all files to aiff to get applet to recognize files, after trying every wav format known.",,,,,,false,false,true,true,"duration,music_proxy"
3111,https://freesound.org/people/NoiseCollector/sounds/3111/,SNAREMID.aif,NoiseCollector,http://creativecommons.org/licenses/by/3.0/,0.394989,44100.0,1,aiff,"[""drum"", ""kit"", ""snare""]","Drum kit sampled direct to my old 486DX no processing unless labeled. I forget the brand name of kit and what mic i used. Had to convert all files to aiff to get applet to recognize files, after trying every wav format known.",,,,,,false,false,true,true,"duration,music_proxy"
3112,https://freesound.org/people/NoiseCollector/sounds/3112/,SNAREMUF.aif,NoiseCollector,http://creativecommons.org/licenses/by/3.0/,0.315079,44100.0,1,aiff,"[""drum"", ""kit"", ""muffled"", ""percussion"", ""snare""]","Drum kit sampled direct to my old 486DX no processing unless labeled. I forget the brand name of kit and what mic i used. Had to convert all files to aiff to get applet to recognize files, after trying every wav format known.",,,,,,false,false,true,true,"duration,music_proxy"
3113,https://freesound.org/people/NoiseCollector/sounds/3113/,SNARERIM.aif,NoiseCollector,http://creativecommons.org/licenses/by/3.0/,0.550998,44100.0,1,aiff,"[""drum"", ""kit"", ""rim"", ""snare""]","Drum kit sampled direct to my old 486DX no processing unless labeled. I forget the brand name of kit and what mic i used. Had to convert all files to aiff to get applet to recognize files, after trying every wav format known.",,,,,,false,false,true,true,"duration,music_proxy"
3114,https://freesound.org/people/NoiseCollector/sounds/3114/,SNARVERB.aif,NoiseCollector,http://creativecommons.org/licenses/by/3.0/,0.593719,44100.0,1,aiff,"[""drum"", ""kit"", ""reverb"", ""snare""]","Drum kit sampled direct to my old 486DX no processing unless labeled. I forget the brand name of kit and what mic i used. Had to convert all files to aiff to get applet to recognize files, after trying every wav format known.",,,,,,false,false,true,true,"duration,music_proxy"
3115,https://freesound.org/people/NoiseCollector/sounds/3115/,STICKS.aif,NoiseCollector,http://creativecommons.org/licenses/by/3.0/,0.112041,44100.0,1,aiff,"[""drum"", ""kit"", ""stick""]","Drum kit sampled direct to my old 486DX no processing unless labeled. I forget the brand name of kit and what mic i used. Had to convert all files to aiff to get applet to recognize files, after trying every wav format known.",,,,,,false,false,true,true,"duration,music_proxy"
3116,https://freesound.org/people/NoiseCollector/sounds/3116/,TOMHIGH.aif,NoiseCollector,http://creativecommons.org/licenses/by/3.0/,0.938231,44100.0,1,aiff,"[""drum"", ""kit"", ""tom""]","Drum kit sampled direct to my old 486DX no processing unless labeled. I forget the brand name of kit and what mic i used. Had to convert all files to aiff to get applet to recognize files, after trying every wav format known.",,,,,,false,false,true,true,"duration,music_proxy"
3117,https://freesound.org/people/NoiseCollector/sounds/3117/,TOMLOW.aif,NoiseCollector,http://creativecommons.org/licenses/by/3.0/,0.680998,44100.0,1,aiff,"[""drum"", ""kit"", ""tom""]","Drum kit sampled direct to my old 486DX no processing unless labeled. I forget the brand name of kit and what mic i used. Had to convert all files to aiff to get applet to recognize files, after trying every wav format known.",,,,,,false,false,true,true,"duration,music_proxy"
3118,https://freesound.org/people/NoiseCollector/sounds/3118/,TOMMED.aif,NoiseCollector,http://creativecommons.org/licenses/by/3.0/,0.615986,44100.0,1,aiff,"[""drum"", ""kit"", ""tom""]","Drum kit sampled direct to my old 486DX no processing unless labeled. I forget the brand name of kit and what mic i used. Had to convert all files to aiff to get applet to recognize files, after trying every wav format known.",,,,,,false,false,true,true,"duration,music_proxy"
3119,https://freesound.org/people/Freed/sounds/3119/,191001G.mp3,Freed,https://creativecommons.org/licenses/by/4.0/,8.58229,44100.0,2,mp3,"[""household"", ""noise"", ""spreads""]","Sequence of striking sounds, developed from household noise resources, various pitches, spectra, and volume values.",,,,,,false,false,true,true,"duration,music_proxy"
3120,https://freesound.org/people/Freed/sounds/3120/,191001H.mp3,Freed,https://creativecommons.org/licenses/by/4.0/,19.9194,44100.0,2,mp3,"[""household"", ""noise"", ""spreads""]","Sequence of striking sounds with less density, developed from household noise resources, strong variating spectra and volume values.",,,,,,false,false,true,true,"duration,music_proxy"
3121,https://freesound.org/people/Freed/sounds/3121/,221001H.mp3,Freed,https://creativecommons.org/licenses/by/4.0/,16.7325,44100.0,2,mp3,"[""household"", ""noise"", ""repetitions"", ""spreads""]","Sequence of fast repeating noise sounds, developed from household resources, continuously variating spectra values, rhythmical interruptions are giving a feeling of speech like behaviour.",,,,,,false,false,true,true,"duration,music_proxy"
3122,https://freesound.org/people/Freed/sounds/3122/,221001K.mp3,Freed,https://creativecommons.org/licenses/by/4.0/,18.6133,44100.0,2,mp3,"[""household"", ""noise"", ""repetitions"", ""spreads""]","Sequence of dark filtered and fast repeating noise sounds, developed from household resources, continuously variating spectra values, rhythmical interruptions are giving a feeling of speech like behaviour.",,,,,,false,false,true,true,"duration,music_proxy"
3123,https://freesound.org/people/Freed/sounds/3123/,221001N.mp3,Freed,https://creativecommons.org/licenses/by/4.0/,18.1431,44100.0,2,mp3,"[""household"", ""noise"", ""repetitions"", ""spreads""]","Colorful sequence of fast repeating noise sounds, producing 'physical' associations, evolving to different spectra, developed from household resources, rhythmical interruptions are giving a feeling of speech like behaviour.",,,,,,false,false,true,true,"duration,music_proxy"
3124,https://freesound.org/people/Freed/sounds/3124/,221001O.mp3,Freed,https://creativecommons.org/licenses/by/4.0/,18.1692,44100.0,2,mp3,"[""household"", ""noise"", ""repetitions"", ""spreads""]","Sequence of fast repeating noise sounds, developed from household resources, rhythmical interruptions are giving a feeling of speech like behaviour. Filter transition from light to dark spectra, eventually producing spreading side effects of high pitches.",,,,,,false,false,true,true,"duration,music_proxy"
3125,https://freesound.org/people/Freed/sounds/3125/,231001A.mp3,Freed,https://creativecommons.org/licenses/by/4.0/,15.1913,44100.0,2,mp3,"[""household"", ""noise"", ""spreads""]","Sequence of dog-like sounds, developed from household noise resources, various pitches, spectra, length, and volume values.",,,,,,false,false,true,true,"duration,music_proxy"
3126,https://freesound.org/people/jorisbr/sounds/3126/,dutch_train_coming2.wav,jorisbr,http://creativecommons.org/publicdomain/zero/1.0/,49.9705,44100.0,2,wav,"[""engines"", ""field-recording"", ""railway"", ""train""]","Train coming to the station, the sound of wheels and engines.",,,,,,false,true,true,true,music_proxy
3137,https://freesound.org/people/RZ-1/sounds/3137/,bus14.mp3,RZ-1,http://creativecommons.org/publicdomain/zero/1.0/,58.868,44100.0,2,mp3,"[""bus"", ""drive-by"", ""field-recording"", ""purist""]","Field recoding of a bus going by. Recorded on a stereo pair of ""unknown"" condenser microphones.This is the 92 bus recorded at Schloss Solitude in Stuttgart Germany",,,,,,false,true,true,true,music_proxy
3138,https://freesound.org/people/NoiseCollector/sounds/3138/,casiokick.wav,NoiseCollector,http://creativecommons.org/licenses/by/3.0/,0.122245,44100.0,2,wav,"[""casio"", ""drum"", ""free"", ""keyboard"", ""kick"", ""lofi"", ""noisy"", ""sample"", ""sound"", ""tape""]","Snippet from old 4 track cassette recordings from long, long, ago... This is a casio bass drum sound. ",,,,,,false,false,true,true,"duration,music_proxy"
3144,https://freesound.org/people/robbiesurp/sounds/3144/,DM_Snare_BB5.5_close.wav,robbiesurp,http://creativecommons.org/licenses/by/3.0/,0.862667,48000.0,1,wav,"[""derek-murphy"", ""drum"", ""snare""]","5"" Ludwig Black Beauty snare  www.derekmurphy.com",,,,,,false,false,true,true,"duration,music_proxy"
3145,https://freesound.org/people/robbiesurp/sounds/3145/,DM_Snare_BB6.5_close.wav,robbiesurp,http://creativecommons.org/licenses/by/3.0/,0.872,48000.0,1,wav,"[""derek-murphy"", ""drum"", ""snare""]","6.5"" Ludwig Black Beauty snare
www.derekmurphy.com",,,,,,false,false,true,true,"duration,music_proxy"
3146,https://freesound.org/people/robbiesurp/sounds/3146/,DM_Snare_TAMA_Steel6.wav,robbiesurp,http://creativecommons.org/licenses/by/3.0/,0.833417,48000.0,1,wav,"[""derek-murphy"", ""drum"", ""snare"", ""tama""]","6.5"" Tama Steel snare  www.derekmurphy.com",,,,,,false,false,true,true,"duration,music_proxy"
3147,https://freesound.org/people/robbiesurp/sounds/3147/,DM_Snare_ringger.wav,robbiesurp,http://creativecommons.org/licenses/by/3.0/,1.68433,48000.0,1,wav,"[""drum"", ""ringing"", ""snare""]","Snare tuned to ring

www.derekmurphy.com",,,,,,false,false,true,true,"duration,music_proxy"
3148,https://freesound.org/people/robbiesurp/sounds/3148/,DM_Snare_Sizzle.wav,robbiesurp,http://creativecommons.org/licenses/by/3.0/,1.35581,48000.0,1,wav,"[""derek-murphy"", ""drum"", ""snare""]",Snare with loose snares www.derekmurphy.com,,,,,,false,false,true,true,"duration,music_proxy"
3149,https://freesound.org/people/robbiesurp/sounds/3149/,trash_klan.wav,robbiesurp,http://creativecommons.org/licenses/by/3.0/,1.49058,48000.0,1,wav,"[""drum"", ""snare""]",Snare tuned trashy www.derekmurphy.com,,,,,,false,false,true,true,"duration,music_proxy"
3150,https://freesound.org/people/robbiesurp/sounds/3150/,wfl3.5_briTe.wav,robbiesurp,http://creativecommons.org/licenses/by/3.0/,0.578667,48000.0,1,wav,"[""drum"", ""snare""]","3.5"" 1940's WFL piccolo snare tuned high",,,,,,false,false,true,true,"duration,music_proxy"
3151,https://freesound.org/people/robbiesurp/sounds/3151/,wfl3.5_med.wav,robbiesurp,http://creativecommons.org/licenses/by/3.0/,1.128,48000.0,1,wav,"[""drum"", ""snare""]","3.5"" 1940's WFL piccolo snare tuned medium www.derekmurphy.com",,,,,,false,false,true,true,"duration,music_proxy"
3152,https://freesound.org/people/robbiesurp/sounds/3152/,wfl3.5_short.wav,robbiesurp,http://creativecommons.org/licenses/by/3.0/,2.60267,48000.0,1,wav,"[""drum"", ""snare""]","3.5"" 1940's WFL piccolo snare tuned tight",,,,,,false,false,true,true,"duration,music_proxy"
3153,https://freesound.org/people/robbiesurp/sounds/3153/,wfl3.5_smak.wav,robbiesurp,http://creativecommons.org/licenses/by/3.0/,0.749333,48000.0,1,wav,"[""drum"", ""snare""]","3.5"" 1940's WFL piccolo snare tuned low www.derekmurphy.com",,,,,,false,false,true,true,"duration,music_proxy"
3154,https://freesound.org/people/robbiesurp/sounds/3154/,wfl5.5_snap.wav,robbiesurp,http://creativecommons.org/licenses/by/3.0/,0.916687,48000.0,1,wav,"[""derek-murphy"", ""drum"", ""snare""]","5"" 1940's WFL wood snare www.derekmurphy.com",,,,,,false,false,true,true,"duration,music_proxy"
3155,https://freesound.org/people/robbiesurp/sounds/3155/,wfl6_gold.wav,robbiesurp,http://creativecommons.org/licenses/by/3.0/,1.51033,48000.0,1,wav,"[""drum"", ""snare""]","6.5"" 1930's WFL wood snare",,,,,,false,false,true,true,"duration,music_proxy"
3156,https://freesound.org/people/robbiesurp/sounds/3156/,wfl_5.5_Lo.wav,robbiesurp,http://creativecommons.org/licenses/by/3.0/,0.588,48000.0,1,wav,"[""derek-murphy"", ""drum"", ""snare""]","5"" 1940's WFL wood snare tuned low  <a href=""http://www.derekmurphy.com/"" rel=""nofollow"">http://www.derekmurphy.com/</a>",,,,,,false,false,true,true,"duration,music_proxy"
3157,https://freesound.org/people/robbiesurp/sounds/3157/,wfl_GR_thud.wav,robbiesurp,http://creativecommons.org/licenses/by/3.0/,1.00194,48000.0,1,wav,"[""derek-murphy"", ""drum"", ""snare""]","6.5"" 1930's WFL wood snare tuned dead  www.derekmurphy.com",,,,,,false,false,true,true,"duration,music_proxy"
3158,https://freesound.org/people/suonho/sounds/3158/,suonho_Hypersuspance.wav,suonho,https://creativecommons.org/licenses/by/4.0/,32.0,44100.0,2,wav,"[""ambience"", ""ambient"", ""atmosphere"", ""backgroung"", ""drone"", ""electro"", ""experiment"", ""film"", ""glitch"", ""illbient"", ""pad"", ""scary"", ""sci-fi"", ""score"", ""soundscape"", ""soundtrack"", ""suspense"", ""tense"", ""tricky""]",sort of glitched suspense ambiance,,,,,,false,true,true,true,music_proxy
3159,https://freesound.org/people/suonho/sounds/3159/,suonho_LetsRollAnotherOne.wav,suonho,https://creativecommons.org/licenses/by/4.0/,17.4546,44100.0,2,wav,"[""ambience"", ""ambient"", ""atmosphere"", ""backgroung"", ""drone"", ""electro"", ""experiment"", ""film"", ""illbient"", ""pad"", ""percussion"", ""percussive"", ""sci-fi"", ""score"", ""soundscape"", ""soundtrack"", ""strange"", ""suspence"", ""texture"", ""weird""]",weird synthetic rolled drum,,,,,,false,false,true,true,"duration,music_proxy"
3160,https://freesound.org/people/suonho/sounds/3160/,suonho_Plinky.wav,suonho,https://creativecommons.org/licenses/by/4.0/,21.3333,44100.0,2,wav,"[""ambience"", ""ambient"", ""atmosphere"", ""backgroung"", ""drone"", ""electro"", ""experiment"", ""film"", ""illbient"", ""pad"", ""percussion"", ""percussive"", ""sci-fi"", ""score"", ""soundscape"", ""soundtrack"", ""strange"", ""suspence"", ""texture"", ""weird""]",percussive cinematic texture,,,,,,false,false,true,true,"duration,music_proxy"
3161,https://freesound.org/people/suonho/sounds/3161/,suonho_Probed.wav,suonho,https://creativecommons.org/licenses/by/4.0/,38.4,44100.0,2,wav,"[""ambience"", ""ambient"", ""atmosphere"", ""backgroung"", ""drone"", ""electro"", ""experiment"", ""film"", ""illbient"", ""pad"", ""sci-fi"", ""score"", ""soundscape"", ""soundtrack"", ""strange"", ""suspence"", ""texture"", ""weird""]",a new probe flow away,,,,,,false,true,true,true,music_proxy
3162,https://freesound.org/people/suonho/sounds/3162/,suonho_Surreal.wav,suonho,https://creativecommons.org/licenses/by/4.0/,17.4546,44100.0,2,wav,"[""ambience"", ""ambient"", ""atmosphere"", ""backgroung"", ""drone"", ""electro"", ""film"", ""harmonic"", ""illbient"", ""pad"", ""sci-fi"", ""score"", ""soundscape"", ""soundtrack"", ""suspense""]",surreal suspended enviroment,,,,,,false,false,true,true,"duration,music_proxy"
3163,https://freesound.org/people/robbiesurp/sounds/3163/,3x_kik.wav,robbiesurp,http://creativecommons.org/licenses/by/3.0/,0.91,48000.0,1,wav,"[""derek-murphy"", ""drum"", ""kick""]",3 kicks blended www.derekmurphy.com,,,,,,false,false,true,true,"duration,music_proxy"
3164,https://freesound.org/people/robbiesurp/sounds/3164/,DM_klik_thud.wav,robbiesurp,http://creativecommons.org/licenses/by/3.0/,0.91,48000.0,1,wav,"[""derek-murphy"", ""drum"", ""kick""]",multiple kicks blended and eq'd  www.derekmurphy.com,,,,,,false,false,true,true,"duration,music_proxy"
3165,https://freesound.org/people/robbiesurp/sounds/3165/,DM_lo_bOom.wav,robbiesurp,http://creativecommons.org/licenses/by/3.0/,0.91,48000.0,1,wav,"[""derek-murphy"", ""drum"", ""kick""]",multiple kicks blended and eq'd www.derekmurphy.com,,,,,,false,false,true,true,"duration,music_proxy"
3166,https://freesound.org/people/robbiesurp/sounds/3166/,DM_Ludwig22_close.wav,robbiesurp,http://creativecommons.org/licenses/by/3.0/,0.594354,48000.0,1,wav,"[""derek-murphy"", ""drum"", ""kick""]","22"" ludwig super classic close mic'd  www.derekmurphy.com",,,,,,false,false,true,true,"duration,music_proxy"
3167,https://freesound.org/people/robbiesurp/sounds/3167/,DM_ludwig22_room.wav,robbiesurp,http://creativecommons.org/licenses/by/3.0/,0.715688,48000.0,1,wav,"[""derek-murphy"", ""drum"", ""kick""]","22"" ludwig super classic room mic'd  www.derekmurphy.com",,,,,,false,false,true,true,"duration,music_proxy"
3168,https://freesound.org/people/jonnay/sounds/3168/,WoodenSaw.wav,jonnay,http://creativecommons.org/licenses/by/3.0/,0.00142857,44100.0,1,wav,"[""analog"", ""oscillator"", ""saw"", ""singlecyle""]","A single cycle waveform that looks a lot like a rounded saw wave.
Somewhat analog-sounding (for a single-cycle waveform, anyway).

58 Samples long.  Original Key in G4.  Finetune it to Approx 40 cents.



",,,,,,false,false,true,true,"duration,music_proxy"
3169,https://freesound.org/people/jonnay/sounds/3169/,Pulsed808BD.wav,jonnay,http://creativecommons.org/licenses/by/3.0/,0.435465,44100.0,1,wav,"[""808"", ""accident"", ""bass-drum"", ""drum"", ""electro"", ""pulse""]",An 808'ish sounding drum.  This was created with a short pulse  (2 samples wide) when I had improperly set my loop point.,,,,,,false,false,true,true,"duration,music_proxy"
3170,https://freesound.org/people/jonnay/sounds/3170/,PulsedBD.wav,jonnay,http://creativecommons.org/licenses/by/3.0/,0.389705,44100.0,1,wav,"[""accident"", ""bass-drum"", ""drum"", ""pulse""]",This was created with a short pulse  (2 samples wide) when I had improperly set my loop point.,,,,,,false,false,true,true,"duration,music_proxy"
3171,https://freesound.org/people/jonnay/sounds/3171/,PulsedDistortedBD.wav,jonnay,http://creativecommons.org/licenses/by/3.0/,0.43415,44100.0,1,wav,"[""accident"", ""bass-drum"", ""distorted"", ""drum"", ""pulse""]","This was created with a short pulse (2 samples wide) when I had
improperly set my loop point. No external distortion was used to create
this sound.",,,,,,false,false,true,true,"duration,music_proxy"
3172,https://freesound.org/people/suonho/sounds/3172/,abrasive duo_Blackbox (suonho).wav,suonho,https://creativecommons.org/licenses/by/4.0/,7.89551,44100.0,2,wav,"[""abrasive"", ""analog"", ""effect"", ""electric"", ""electro"", ""film"", ""fx"", ""movie"", ""raw"", ""retro"", ""sci-fi"", ""scoring"", ""soundeffect"", ""soundesign"", ""soundtrack"", ""synth"", ""synth-noise"", ""synthesizer""]",unfriendly synth noise done with Blackbox from arcDev Noise Industries ,,,,,,false,false,true,true,"duration,music_proxy"
3173,https://freesound.org/people/suonho/sounds/3173/,autotuning_Blackbox (suonho).wav,suonho,https://creativecommons.org/licenses/by/4.0/,9.03392,44100.0,1,wav,"[""analog"", ""beep"", ""bleep"", ""cartoon"", ""commnication"", ""computing"", ""effect"", ""film"", ""funny"", ""fx"", ""info"", ""lab"", ""movie"", ""retro"", ""sci-fi"", ""scoring"", ""signal"", ""soundeffect"", ""soundesign"", ""soundtrack"", ""space"", ""spaceship"", ""synth"", ""synth-noise"", ""synthesizer"", ""vintage""]",hypnotic cyclic wave made with with Blackbox from arcDev Noise Industries ,,,,,,false,false,true,true,"duration,music_proxy"
3174,https://freesound.org/people/suonho/sounds/3174/,black lead_Blackbox (suonho).wav,suonho,https://creativecommons.org/licenses/by/4.0/,5.12,44100.0,2,wav,"[""analog"", ""commnication"", ""computing"", ""effect"", ""film"", ""fx"", ""lead"", ""movie"", ""raw"", ""retro"", ""sci-fi"", ""scoring"", ""signal"", ""soundeffect"", ""soundesign"", ""soundtrack"", ""spaceship"", ""sweep"", ""synth"", ""synth-noise"", ""synthesizer"", ""vintage""]",lead bass rise made with Blackbox from arcDev Noise Industries ,,,,,,false,false,true,true,"duration,music_proxy"
3175,https://freesound.org/people/suonho/sounds/3175/,jetsons_Blackbox (suonho).wav,suonho,https://creativecommons.org/licenses/by/4.0/,6.80925,44100.0,2,wav,"[""alien"", ""analog"", ""cartoon"", ""commnication"", ""computing"", ""digital"", ""effect"", ""film"", ""flying"", ""funny"", ""future"", ""fx"", ""landing"", ""movie"", ""oldschool"", ""retro"", ""sci-fi"", ""scoring"", ""signal"", ""soundeffect"", ""soundesign"", ""soundtrack"", ""space"", ""spaceship"", ""synth"", ""synth-noise"", ""synthesizer"", ""takeoff"", ""ufo"", ""vintage""]","remind me the jetson spaceship, made with Blackbox from arcDev Noise Industries ",,,,,,false,false,true,true,"duration,music_proxy"
3176,https://freesound.org/people/suonho/sounds/3176/,radioscan_Blackbox (suonho).wav,suonho,https://creativecommons.org/licenses/by/4.0/,6.07202,44100.0,2,wav,"[""analog"", ""cartoon"", ""commnication"", ""communication"", ""computing"", ""digital"", ""effect"", ""film"", ""funny"", ""future"", ""fx"", ""info"", ""lab"", ""movie"", ""oldschool"", ""radio"", ""retro"", ""sci-fi"", ""scoring"", ""signal"", ""soundeffect"", ""soundesign"", ""soundtrack"", ""space"", ""spaceship"", ""synth"", ""synth-noise"", ""synthesizer"", ""tlc"", ""vintage""]",radio tuning made with Blackbox from arcDev Noise Industries ,,,,,,false,false,true,true,"duration,music_proxy"
3177,https://freesound.org/people/Pingel/sounds/3177/,DoorSqueak.wav,Pingel,http://creativecommons.org/publicdomain/zero/1.0/,25.0286,44100.0,1,wav,"[""door"", ""doorsqueak"", ""field-recording"", ""house"", ""indoor"", ""old"", ""purist"", ""squeak""]",The sound of a door which is squeaking. The squeaks are recorded several times.,,,,,,false,false,true,true,"duration,music_proxy"
3178,https://freesound.org/people/Pingel/sounds/3178/,PassingAirplaneHigh.wav,Pingel,http://creativecommons.org/publicdomain/zero/1.0/,87.2813,22050.0,1,wav,"[""airplane"", ""field-recording"", ""high"", ""passing"", ""plane"", ""purist""]","The sound of a passing airplane at its normal height (8 miles or so), recorded at night, when there were no other sounds.",,,,,,false,true,true,true,music_proxy
3179,https://freesound.org/people/Pingel/sounds/3179/,PassingCar01.wav,Pingel,http://creativecommons.org/publicdomain/zero/1.0/,13.5672,44100.0,1,wav,"[""car"", ""cars"", ""field-recording"", ""passing"", ""purist"", ""road"", ""traffic""]",Sound of a passing car. Recorded with a Behringer ECM8000 lineair omni mic.,,,,,,false,false,true,true,"duration,music_proxy"
3180,https://freesound.org/people/Pingel/sounds/3180/,PassingCar02.wav,Pingel,http://creativecommons.org/publicdomain/zero/1.0/,14.4893,44100.0,1,wav,"[""car"", ""cars"", ""field-recording"", ""passing"", ""purist"", ""road"", ""traffic""]",Sound of a passing car. Recorded with a Behringer ECM8000 lineair omni mic.,,,,,,false,false,true,true,"duration,music_proxy"
3181,https://freesound.org/people/Pingel/sounds/3181/,PassingCar03.wav,Pingel,http://creativecommons.org/publicdomain/zero/1.0/,9.12925,44100.0,1,wav,"[""car"", ""cars"", ""field-recording"", ""passing"", ""purist"", ""road"", ""traffic""]",Sound of a passing car. Recorded with a Behringer ECM8000 lineair omni mic.,,,,,,false,false,true,true,"duration,music_proxy"
3182,https://freesound.org/people/Pingel/sounds/3182/,PassingCars01.wav,Pingel,http://creativecommons.org/publicdomain/zero/1.0/,23.8066,44100.0,1,wav,"[""birds"", ""car"", ""cars"", ""field-recording"", ""passing"", ""purist"", ""road"", ""traffic""]",Sound of some passing cars after each other. Recorded with a Behringer ECM8000 lineair omni mic.,,,,,,false,false,true,true,"duration,music_proxy"
3183,https://freesound.org/people/Pingel/sounds/3183/,PassingCars02.wav,Pingel,http://creativecommons.org/publicdomain/zero/1.0/,27.4924,44100.0,1,wav,"[""birds"", ""car"", ""cars"", ""field-recording"", ""passing"", ""purist"", ""road"", ""traffic""]",Sound of some passing cars after each other. Recorded with a Behringer ECM8000 lineair omni mic.,,,,,,false,false,true,true,"duration,music_proxy"
3184,https://freesound.org/people/Pingel/sounds/3184/,PassingDieselCar.wav,Pingel,http://creativecommons.org/publicdomain/zero/1.0/,16.7096,44100.0,1,wav,"[""birds"", ""car"", ""cars"", ""diesel"", ""field-recording"", ""passing"", ""purist"", ""road"", ""traffic""]",Sound of a passing diesel car. Recorded with a Behringer ECM8000 lineair omni mic.,,,,,,false,false,true,true,"duration,music_proxy"
3185,https://freesound.org/people/Pingel/sounds/3185/,PassingMoped01.wav,Pingel,http://creativecommons.org/publicdomain/zero/1.0/,18.4037,44100.0,1,wav,"[""field-recording"", ""moped"", ""passing"", ""purist"", ""road"", ""traffic""]",A passing moped with a closest distance of about 12 feet. Recorded with a Behringer ECM8000 omni mic.,,,,,,false,false,true,true,"duration,music_proxy"
3186,https://freesound.org/people/Pingel/sounds/3186/,PassingMotorCycle01.wav,Pingel,http://creativecommons.org/publicdomain/zero/1.0/,26.3664,44100.0,1,wav,"[""field-recording"", ""motorcycle"", ""passing"", ""purist"", ""road"", ""traffic""]",A passing motorcycle. Recorded with a Behringer ECM8000 omni mic.,,,,,,false,false,true,true,"duration,music_proxy"
3187,https://freesound.org/people/Pingel/sounds/3187/,PassingMotorCycle02.wav,Pingel,http://creativecommons.org/publicdomain/zero/1.0/,12.9262,44100.0,1,wav,"[""field-recording"", ""motorcycle"", ""passing"", ""purist"", ""road"", ""traffic""]",A passing motorcycle. Recorded with a Behringer ECM8000 omni mic.,,,,,,false,false,true,true,"duration,music_proxy"
3188,https://freesound.org/people/Pingel/sounds/3188/,PassingMotorCycle03.wav,Pingel,http://creativecommons.org/publicdomain/zero/1.0/,11.3493,44100.0,1,wav,"[""field-recording"", ""motorcycle"", ""passing"", ""purist"", ""road"", ""traffic""]",A passing motorcycle. Recorded with a Behringer ECM8000 omni mic.,,,,,,false,false,true,true,"duration,music_proxy"
3189,https://freesound.org/people/Pingel/sounds/3189/,PassingMotorCycles01.wav,Pingel,http://creativecommons.org/publicdomain/zero/1.0/,25.3425,44100.0,1,wav,"[""field-recording"", ""motorcycle"", ""passing"", ""purist"", ""road"", ""traffic""]",Some multiple passing motorcycles. Recorded with a Behringer ECM8000 omni mic.,,,,,,false,false,true,true,"duration,music_proxy"
3190,https://freesound.org/people/Pingel/sounds/3190/,PassingMotorCycles02.wav,Pingel,http://creativecommons.org/publicdomain/zero/1.0/,10.2632,44100.0,1,wav,"[""field-recording"", ""motorcycle"", ""passing"", ""purist"", ""road"", ""traffic""]",Some multiple passing motorcycles. Recorded with a Behringer ECM8000 omni mic.,,,,,,false,false,true,true,"duration,music_proxy"
3191,https://freesound.org/people/Pingel/sounds/3191/,PassingMotorCycles03.wav,Pingel,http://creativecommons.org/publicdomain/zero/1.0/,14.5911,44100.0,1,wav,"[""field-recording"", ""motorcycle"", ""passing"", ""purist"", ""road"", ""traffic""]",Some multiple passing motorcycles. Recorded with a Behringer ECM8000 omni mic.,,,,,,false,false,true,true,"duration,music_proxy"
3192,https://freesound.org/people/NoiseCollector/sounds/3192/,ydd6hhat.wav,NoiseCollector,http://creativecommons.org/licenses/by/3.0/,0.55517,44100.0,2,wav,"[""drum"", ""free"", ""hat"", ""lofi"", ""noisy"", ""sample"", ""sampler"", ""sound"", ""tape"", ""yamaha""]",Snippets from old 4 track tape recordings from early 90's of a cheap toy drum machine. ,,,,,,false,false,true,true,"duration,music_proxy"
3193,https://freesound.org/people/NoiseCollector/sounds/3193/,ydd6kick.wav,NoiseCollector,http://creativecommons.org/licenses/by/3.0/,0.317506,44100.0,2,wav,"[""drum"", ""kick"", ""lofi"", ""noisy"", ""sound"", ""tape""]",Snippets from old 4 track tape recordings from early 90's of a cheap toy drum machine. ,,,,,,false,false,true,true,"duration,music_proxy"
3194,https://freesound.org/people/NoiseCollector/sounds/3194/,ydd6ride.wav,NoiseCollector,http://creativecommons.org/licenses/by/3.0/,0.527302,44100.0,2,wav,"[""cymbal"", ""drum"", ""lofi"", ""sound"", ""tape""]",Snippets from old 4 track tape recordings from early 90's of a cheap toy drum machine. ,,,,,,false,false,true,true,"duration,music_proxy"
3195,https://freesound.org/people/NoiseCollector/sounds/3195/,ydd6snare.wav,NoiseCollector,http://creativecommons.org/licenses/by/3.0/,0.276281,44100.0,2,wav,"[""drum"", ""lofi"", ""snare"", ""sound"", ""tape""]",Snippets from old 4 track tape recordings from early 90's of a cheap toy drum machine. ,,,,,,false,false,true,true,"duration,music_proxy"
3196,https://freesound.org/people/NoiseCollector/sounds/3196/,ydd6splsh.wav,NoiseCollector,http://creativecommons.org/licenses/by/3.0/,0.495215,44100.0,2,wav,"[""cymbal"", ""drum"", ""lofi"", ""sound"", ""tape""]",Snippets from old 4 track tape recordings from early 90's of a cheap toy drum machine. ,,,,,,false,false,true,true,"duration,music_proxy"
3197,https://freesound.org/people/Freed/sounds/3197/,121001H.mp3,Freed,https://creativecommons.org/licenses/by/4.0/,16.1056,44100.0,2,mp3,"[""household"", ""noise"", ""vectors""]","Various noisy pitch curves in an overlapping field, mid to high register, developed from simple household sounds.",,,,,,false,false,true,true,"duration,music_proxy"
3198,https://freesound.org/people/Freed/sounds/3198/,121001I.mp3,Freed,https://creativecommons.org/licenses/by/4.0/,16.5496,44100.0,2,mp3,"[""household"", ""noise"", ""vectors""]","Initiated by a strong dark noise event, various noisy pitch curves in an overlapping field, low to high register, developed from simple household sounds.",,,,,,false,false,true,true,"duration,music_proxy"
3199,https://freesound.org/people/Freed/sounds/3199/,121001J.mp3,Freed,https://creativecommons.org/licenses/by/4.0/,16.419,44100.0,2,mp3,"[""household"", ""noise"", ""vectors""]","Various noisy pitch curves with different spectra in an overlapping field, mid to high register, developed from simple household sounds.",,,,,,false,false,true,true,"duration,music_proxy"
3200,https://freesound.org/people/TwistedLemon/sounds/3200/,mootching.wav,TwistedLemon,https://creativecommons.org/licenses/by/4.0/,3.68333,44100.0,1,wav,"[""man"", ""mootcher"", ""voice""]","A man says: ""that guy is always mootching of a us.."" ""yeah"". 
a bit processed with a dynamic pitcher.",,,,,,false,false,true,true,"duration,music_proxy"
3201,https://freesound.org/people/suonho/sounds/3201/,closethedoor_minidisk (suonho).wav,suonho,https://creativecommons.org/licenses/by/4.0/,6.8615,44100.0,2,wav,"[""close"", ""door"", ""field-recording"", ""open"", ""purist""]",door opened and closes,,,,,,false,false,true,true,"duration,music_proxy"
3202,https://freesound.org/people/suonho/sounds/3202/,fire_minidisk (suonho).wav,suonho,https://creativecommons.org/licenses/by/4.0/,29.6047,44100.0,2,wav,"[""burning"", ""field-recording"", ""fire"", ""home"", ""purist""]",fire background,,,,,,false,false,true,true,"duration,music_proxy"
3203,https://freesound.org/people/suonho/sounds/3203/,frying_minidisk (suonho).wav,suonho,https://creativecommons.org/licenses/by/4.0/,6.08363,44100.0,2,wav,"[""bubbling"", ""burn"", ""burning"", ""field-recording"", ""fry"", ""frying"", ""oil"", ""purist"", ""sizzle""]",oil boiling,,,,,,false,false,true,true,"duration,music_proxy"
3204,https://freesound.org/people/suonho/sounds/3204/,unknown_minidisk (suonho).wav,suonho,https://creativecommons.org/licenses/by/4.0/,5.47685,44100.0,2,wav,"[""bass"", ""broken"", ""glitch"", ""oscillator""]","really cant remember what sound I've recorded here, sorry",,,,,,false,false,true,true,"duration,music_proxy"
3205,https://freesound.org/people/suonho/sounds/3205/,waterdrip_minidisk (suonho).wav,suonho,https://creativecommons.org/licenses/by/4.0/,5.02712,44100.0,2,wav,"[""drip"", ""field-recording"", ""purist"", ""water""]",simply water drip,,,,,,false,false,true,true,"duration,music_proxy"
3206,https://freesound.org/people/deleted_user_2304/sounds/3206/,sonic_ferry_engine_loop1.wav,deleted_user_2304,http://creativecommons.org/licenses/sampling+/1.0/,3.85778,44100.0,2,wav,"[""ferry"", ""field-recording"", ""purist"", ""ship""]",This is the interior recording of massive turbo diesel engines from a ship (ferry)recorded from inside the engine room. 16bit 44.1 stereo wav.If you like it please rate and comment. ,,,,,,false,false,true,true,"duration,music_proxy"
3207,https://freesound.org/people/deleted_user_2304/sounds/3207/,sonic_ferry_engine_loop2.wav,deleted_user_2304,http://creativecommons.org/licenses/sampling+/1.0/,2.14256,44100.0,2,wav,"[""ferry"", ""field-recording"", ""purist"", ""ship""]",This is the interior recording of massive turbo diesel engines from a ship (ferry)recorded from inside the engine room. 16bit 44.1 stereo wav.If you like it please rate and comment. ,,,,,,false,false,true,true,"duration,music_proxy"
3208,https://freesound.org/people/deleted_user_2304/sounds/3208/,sonic_ferry_engine_loop3.wav,deleted_user_2304,http://creativecommons.org/licenses/sampling+/1.0/,3.94966,44100.0,2,wav,"[""ferry"", ""field-recording"", ""purist"", ""ship""]",This is the interior recording of massive turbo diesel engines from a ship (ferry)recorded from inside the engine room. 16bit 44.1 stereo wav.If you like it please rate and comment. ,,,,,,false,false,true,true,"duration,music_proxy"
3209,https://freesound.org/people/deleted_user_2304/sounds/3209/,sonic_ferry_engine_loop4.wav,deleted_user_2304,http://creativecommons.org/licenses/sampling+/1.0/,2.94569,44100.0,2,wav,"[""ferry"", ""field-recording"", ""purist"", ""ship""]",This is the interior recording of massive turbo diesel engines from a ship (ferry)recorded from inside the engine room. 16bit 44.1 stereo wav.If you like it please rate and comment. ,,,,,,false,false,true,true,"duration,music_proxy"
3210,https://freesound.org/people/deleted_user_2304/sounds/3210/,sonic_ferry_interior_loop1.wav,deleted_user_2304,http://creativecommons.org/licenses/sampling+/1.0/,21.1324,44100.0,2,wav,"[""ferry"", ""field-recording"", ""purist"", ""ship""]",This is the interior recording from various areas inside a large ship (ferry). 16bit 44.1 stereo wav.If you like it please rate and comment. ,,,,,,false,false,true,true,"duration,music_proxy"
3211,https://freesound.org/people/deleted_user_2304/sounds/3211/,sonic_ferry_interior_loop2.wav,deleted_user_2304,http://creativecommons.org/licenses/sampling+/1.0/,9.46283,44100.0,2,wav,"[""ferry"", ""field-recording"", ""purist"", ""ship""]",This is the interior recording from various areas inside a large ship (ferry). 16bit 44.1 stereo wav.If you like it please rate and comment. ,,,,,,false,false,true,true,"duration,music_proxy"
3212,https://freesound.org/people/deleted_user_2304/sounds/3212/,sonic_ferry_interior_loop3.wav,deleted_user_2304,http://creativecommons.org/licenses/sampling+/1.0/,6.15492,44100.0,2,wav,"[""ferry"", ""field-recording"", ""purist"", ""recording"", ""ship""]",This is the interior recording from various areas inside a large ship (ferry). 16bit 44.1 stereo wav.If you like it please rate and comment. ,,,,,,false,false,true,true,"duration,music_proxy"
3213,https://freesound.org/people/edwin_p_manchester/sounds/3213/,01.wav,edwin_p_manchester,https://creativecommons.org/licenses/by/4.0/,0.18551,44100.0,2,wav,"[""bass"", ""field-recording"", ""rumble"", ""sewer-drain""]","field recording made by lowering a stereo mic into a sewer drain. recorded to minidisc and edited for percussive effect.
short low hum.",,,,,,false,false,true,true,"duration,music_proxy"
3214,https://freesound.org/people/edwin_p_manchester/sounds/3214/,02.wav,edwin_p_manchester,https://creativecommons.org/licenses/by/4.0/,0.229002,44100.0,2,wav,"[""bass"", ""field-recording"", ""hum"", ""sewer-drain""]",field recording made by lowering a stereo mic into a sewer drain. recorded to minidisc and edited for percussive effect. short low hum (higher than #1).,,,,,,false,false,true,true,"duration,music_proxy"
3215,https://freesound.org/people/edwin_p_manchester/sounds/3215/,03.wav,edwin_p_manchester,https://creativecommons.org/licenses/by/4.0/,0.204218,44100.0,2,wav,"[""field-recording"", ""hit"", ""mid"", ""sewer-drain""]",field recording made by lowering a stereo mic into a sewer drain. recorded to minidisc and edited for percussive effect. sounds kind of like a low snare.,,,,,,false,false,true,true,"duration,music_proxy"
3216,https://freesound.org/people/edwin_p_manchester/sounds/3216/,04.wav,edwin_p_manchester,https://creativecommons.org/licenses/by/4.0/,0.373016,44100.0,2,wav,"[""clank"", ""field-recording"", ""metal"", ""sewer-drain""]","field recording made by lowering a stereo mic into a sewer drain. recorded to minidisc and edited for percussive effect.
clanking metal, multiple sounds.",,,,,,false,false,true,true,"duration,music_proxy"
3217,https://freesound.org/people/edwin_p_manchester/sounds/3217/,05.wav,edwin_p_manchester,https://creativecommons.org/licenses/by/4.0/,0.329932,44100.0,2,wav,"[""field-recording"", ""gravel"", ""scrape"", ""sewer-drain""]",field recording made by lowering a stereo mic into a sewer drain. recorded to minidisc and edited for percussive effect. one distinct hit followed by a short scrape.,,,,,,false,false,true,true,"duration,music_proxy"
3218,https://freesound.org/people/edwin_p_manchester/sounds/3218/,06.wav,edwin_p_manchester,https://creativecommons.org/licenses/by/4.0/,0.62932,44100.0,2,wav,"[""field-recording"", ""gravel"", ""scrape"", ""sewer-drain""]","field recording made by lowering a stereo mic into a sewer drain. recorded to minidisc and edited for percussive effect.
two distinct scrapes.",,,,,,false,false,true,true,"duration,music_proxy"
3221,https://freesound.org/people/edwin_p_manchester/sounds/3221/,01.wav,edwin_p_manchester,https://creativecommons.org/licenses/by/4.0/,0.267256,44100.0,2,wav,"[""coke-bottle"", ""contact-mic"", ""field-recording"", ""hiss""]",exploration of a coke bottle with contact mic and minidisc recorder. twisting the cap on the bottle.,,,,,,false,false,true,true,"duration,music_proxy"
3222,https://freesound.org/people/edwin_p_manchester/sounds/3222/,02.wav,edwin_p_manchester,https://creativecommons.org/licenses/by/4.0/,0.552948,44100.0,2,wav,"[""clack"", ""coke-bottle"", ""contact-mic"", ""field-recording""]",exploration of a coke bottle with contact mic and minidisc recorder. dropping the cap on a wooden floor.,,,,,,false,false,true,true,"duration,music_proxy"
3223,https://freesound.org/people/edwin_p_manchester/sounds/3223/,03.wav,edwin_p_manchester,https://creativecommons.org/licenses/by/4.0/,0.547098,44100.0,2,wav,"[""coke-bottle"", ""contact-mic"", ""field-recording"", ""low"", ""struck""]",exploration of a coke bottle with contact mic and minidisc recorder. striking the bottle.,,,,,,false,false,true,true,"duration,music_proxy"
3224,https://freesound.org/people/edwin_p_manchester/sounds/3224/,04.wav,edwin_p_manchester,https://creativecommons.org/licenses/by/4.0/,0.874059,44100.0,2,wav,"[""cap"", ""coke-bottle"", ""contact-mic"", ""dropped"", ""field-recording""]",exploration of a coke bottle with contact mic and minidisc recorder. dropping the cap on a wooden floor.,,,,,,false,false,true,true,"duration,music_proxy"
3225,https://freesound.org/people/edwin_p_manchester/sounds/3225/,05.wav,edwin_p_manchester,https://creativecommons.org/licenses/by/4.0/,0.550159,44100.0,2,wav,"[""cap"", ""coke-bottle"", ""contact-mic"", ""dropped"", ""field-recording""]",exploration of a coke bottle with contact mic and minidisc recorder. dropping the cap on a wooden floor.,,,,,,false,false,true,true,"duration,music_proxy"
3226,https://freesound.org/people/edwin_p_manchester/sounds/3226/,06.wav,edwin_p_manchester,https://creativecommons.org/licenses/by/4.0/,0.598435,44100.0,2,wav,"[""cap"", ""coke-bottle"", ""contact-mic"", ""dropped"", ""field-recording""]",exploration of a coke bottle with contact mic and minidisc recorder. dropping the cap on a wooden floor.,,,,,,false,false,true,true,"duration,music_proxy"
3227,https://freesound.org/people/edwin_p_manchester/sounds/3227/,07.wav,edwin_p_manchester,https://creativecommons.org/licenses/by/4.0/,0.681134,44100.0,2,wav,"[""coke-bottle"", ""contact-mic"", ""field-recording"", ""rattle"", ""wobble""]",exploration of a coke bottle with contact mic and minidisc recorder. wobbling the bottle on a wooden floor; the very end of its rattling.,,,,,,false,false,true,true,"duration,music_proxy"
3228,https://freesound.org/people/edwin_p_manchester/sounds/3228/,08.wav,edwin_p_manchester,https://creativecommons.org/licenses/by/4.0/,0.347528,44100.0,2,wav,"[""coke-bottle"", ""contact-mic"", ""field-recording"", ""low"", ""struck""]",exploration of a coke bottle with contact mic and minidisc recorder. striking the bottle.,,,,,,false,false,true,true,"duration,music_proxy"
3229,https://freesound.org/people/edwin_p_manchester/sounds/3229/,09.wav,edwin_p_manchester,https://creativecommons.org/licenses/by/4.0/,0.354444,44100.0,2,wav,"[""coke-bottle"", ""contact-mic"", ""field-recording"", ""low"", ""struck""]",exploration of a coke bottle with contact mic and minidisc recorder. striking the bottle.,,,,,,false,false,true,true,"duration,music_proxy"
3230,https://freesound.org/people/edwin_p_manchester/sounds/3230/,10.wav,edwin_p_manchester,https://creativecommons.org/licenses/by/4.0/,0.720385,44100.0,2,wav,"[""coke-bottle"", ""contact-mic"", ""field-recording"", ""low"", ""rattle""]",exploration of a coke bottle with contact mic and minidisc recorder. wobbling the bottle on a wooden floor.,,,,,,false,false,true,true,"duration,music_proxy"
3231,https://freesound.org/people/edwin_p_manchester/sounds/3231/,11.wav,edwin_p_manchester,https://creativecommons.org/licenses/by/4.0/,1.07107,44100.0,2,wav,"[""coke-bottle"", ""contact-mic"", ""field-recording"", ""low"", ""rattle""]",exploration of a coke bottle with contact mic and minidisc recorder. wobbling the bottle on a wooden floor.,,,,,,false,false,true,true,"duration,music_proxy"
3232,https://freesound.org/people/edwin_p_manchester/sounds/3232/,12.wav,edwin_p_manchester,https://creativecommons.org/licenses/by/4.0/,0.502449,44100.0,2,wav,"[""coke-bottle"", ""contact-mic"", ""field-recording"", ""low"", ""struck""]",exploration of a coke bottle with contact mic and minidisc recorder. wobbling the bottle on a wooden floor.,,,,,,false,false,true,true,"duration,music_proxy"
3233,https://freesound.org/people/edwin_p_manchester/sounds/3233/,13.wav,edwin_p_manchester,https://creativecommons.org/licenses/by/4.0/,0.552245,44100.0,2,wav,"[""coke-bottle"", ""contact-mic"", ""field-recording"", ""high"", ""rattle""]",exploration of a coke bottle with contact mic and minidisc recorder. pressing and releasing the plastic of the bottle. two distinct hits.,,,,,,false,false,true,true,"duration,music_proxy"
3234,https://freesound.org/people/edwin_p_manchester/sounds/3234/,14.wav,edwin_p_manchester,https://creativecommons.org/licenses/by/4.0/,0.951156,44100.0,2,wav,"[""coke-bottle"", ""contact-mic"", ""field-recording"", ""low"", ""struck""]",exploration of a coke bottle with contact mic and minidisc recorder. gentle breath into the bottle.,,,,,,false,false,true,true,"duration,music_proxy"
3235,https://freesound.org/people/edwin_p_manchester/sounds/3235/,15.wav,edwin_p_manchester,https://creativecommons.org/licenses/by/4.0/,0.932721,44100.0,2,wav,"[""coke-bottle"", ""contact-mic"", ""distorted"", ""field-recording"", ""low"", ""struck""]","exploration of a coke bottle with contact mic and minidisc recorder. striking the bottle, distorted while recording.",,,,,,false,false,true,true,"duration,music_proxy"
3236,https://freesound.org/people/edwin_p_manchester/sounds/3236/,16.wav,edwin_p_manchester,https://creativecommons.org/licenses/by/4.0/,1.0673,44100.0,2,wav,"[""coke-bottle"", ""contact-mic"", ""field-recording"", ""low"", ""rattle""]",exploration of a coke bottle with contact mic and minidisc recorder. wobbling the bottle on a wooden floor.,,,,,,false,false,true,true,"duration,music_proxy"
3237,https://freesound.org/people/edwin_p_manchester/sounds/3237/,17.wav,edwin_p_manchester,https://creativecommons.org/licenses/by/4.0/,0.350499,44100.0,2,wav,"[""coke-bottle"", ""contact-mic"", ""field-recording"", ""high"", ""struck""]",exploration of a coke bottle with contact mic and minidisc recorder. striking the bottle.,,,,,,false,false,true,true,"duration,music_proxy"
3238,https://freesound.org/people/edwin_p_manchester/sounds/3238/,18.wav,edwin_p_manchester,https://creativecommons.org/licenses/by/4.0/,0.392608,44100.0,2,wav,"[""coke-bottle"", ""contact-mic"", ""field-recording"", ""low"", ""rattle""]",exploration of a coke bottle with contact mic and minidisc recorder. wobbling the bottle on a wooden floor.,,,,,,false,false,true,true,"duration,music_proxy"
3239,https://freesound.org/people/edwin_p_manchester/sounds/3239/,19.wav,edwin_p_manchester,https://creativecommons.org/licenses/by/4.0/,0.800544,44100.0,2,wav,"[""coke-bottle"", ""contact-mic"", ""field-recording"", ""mid"", ""struck""]","exploration of a coke bottle with contact mic and minidisc recorder. shaking the liquid inside, two distinct hits (no fizz).",,,,,,false,false,true,true,"duration,music_proxy"
3240,https://freesound.org/people/edwin_p_manchester/sounds/3240/,20.wav,edwin_p_manchester,https://creativecommons.org/licenses/by/4.0/,0.661837,44100.0,2,wav,"[""coke-bottle"", ""contact-mic"", ""field-recording"", ""low"", ""scrape""]",exploration of a coke bottle with contact mic and minidisc recorder. scraping the bottle along a wooden floor.,,,,,,false,false,true,true,"duration,music_proxy"
3241,https://freesound.org/people/edwin_p_manchester/sounds/3241/,21.wav,edwin_p_manchester,https://creativecommons.org/licenses/by/4.0/,0.597937,44100.0,2,wav,"[""click"", ""coke-bottle"", ""contact-mic"", ""field-recording"", ""high""]",exploration of a coke bottle with contact mic and minidisc recorder. two plastic-sounding clicks.,,,,,,false,false,true,true,"duration,music_proxy"
3242,https://freesound.org/people/edwin_p_manchester/sounds/3242/,22.wav,edwin_p_manchester,https://creativecommons.org/licenses/by/4.0/,0.313855,44100.0,2,wav,"[""coke-bottle"", ""contact-mic"", ""field-recording"", ""plastic"", ""scrape""]","exploration of a coke bottle with contact mic and minidisc recorder. scraping on the ridges of the cap, quickly.",,,,,,false,false,true,true,"duration,music_proxy"
3243,https://freesound.org/people/edwin_p_manchester/sounds/3243/,23.wav,edwin_p_manchester,https://creativecommons.org/licenses/by/4.0/,0.861338,44100.0,2,wav,"[""coke-bottle"", ""contact-mic"", ""field-recording"", ""plastic"", ""scrape""]","exploration of a coke bottle with contact mic and minidisc recorder. scraping on the ridges of the cap, slowly.",,,,,,false,false,true,true,"duration,music_proxy"
3244,https://freesound.org/people/Freed/sounds/3244/,VARIA97.mp3,Freed,https://creativecommons.org/licenses/by/4.0/,15.45,44100.0,2,mp3,"[""bell"", ""repetition""]","Sample of a chiming clock with a slightly shifting window, creating a smooth transition of various parameters (volume, length, spectra, side effects), pitch = e flat",,,,,,false,false,true,true,"duration,music_proxy"
3245,https://freesound.org/people/Freed/sounds/3245/,VARIA98.mp3,Freed,https://creativecommons.org/licenses/by/4.0/,15.45,44100.0,2,mp3,"[""bell"", ""repetition""]","Sample of a chiming clock with a slightly shifting window, creating a smooth transition of various parameters (volume, length, spectra, side effects), pitch = d flat",,,,,,false,false,true,true,"duration,music_proxy"
3246,https://freesound.org/people/Freed/sounds/3246/,VARIA99.mp3,Freed,https://creativecommons.org/licenses/by/4.0/,15.45,44100.0,2,mp3,"[""bell"", ""repetition""]","Sample of a chiming clock with a slightly shifting window, creating a smooth transition of various parameters (volume, length, spectra, side effects), pitch = e flat, deeper, with component a flat",,,,,,false,false,true,true,"duration,music_proxy"
3247,https://freesound.org/people/Freed/sounds/3247/,VARIA99A.mp3,Freed,https://creativecommons.org/licenses/by/4.0/,15.45,44100.0,2,mp3,"[""bell"", ""repetition""]","Sample of a chiming clock with a slightly shifting window, creating a smooth transition of various parameters (volume, length, spectra, side effects), main pitch = f, other pitches occurring as well",,,,,,false,false,true,true,"duration,music_proxy"
3248,https://freesound.org/people/Freed/sounds/3248/,VARIA99B.mp3,Freed,https://creativecommons.org/licenses/by/4.0/,15.45,44100.0,2,mp3,"[""bell"", ""repetition""]","Sample of a chiming clock with a slightly shifting window, creating a smooth transition of various parameters (volume, length, spectra, side effects), main pitch = f sharp, higher",,,,,,false,false,true,true,"duration,music_proxy"
3249,https://freesound.org/people/Freed/sounds/3249/,VARIA99C.mp3,Freed,https://creativecommons.org/licenses/by/4.0/,15.45,44100.0,2,mp3,"[""bell"", ""repetition""]","Sample of a chiming clock with a slightly shifting window, creating a smooth transition of various parameters (volume, length, spectra, side effects), main pitch = e, higher, slightly also g sharp",,,,,,false,false,true,true,"duration,music_proxy"
3250,https://freesound.org/people/Freed/sounds/3250/,VARIA99D.mp3,Freed,https://creativecommons.org/licenses/by/4.0/,15.45,44100.0,2,mp3,"[""bell"", ""repetition""]","Sample of a chiming clock with a slightly shifting window, creating a smooth transition of various parameters (volume, length, spectra, noise side effects), main pitch = e + 1 octave",,,,,,false,false,true,true,"duration,music_proxy"
3251,https://freesound.org/people/Freed/sounds/3251/,VARIA99E.mp3,Freed,https://creativecommons.org/licenses/by/4.0/,15.45,44100.0,2,mp3,"[""bell"", ""repetition""]","Sample of a chiming clock with a slightly shifting window, creating a smooth transition of various parameters (volume, length, spectra, noise side effects), main pitch = c, deeper, rich spectra",,,,,,false,false,true,true,"duration,music_proxy"
3252,https://freesound.org/people/Freed/sounds/3252/,VARIA99F.mp3,Freed,https://creativecommons.org/licenses/by/4.0/,15.45,44100.0,2,mp3,"[""bell"", ""repetition"", ""sequence""]","Sequence of a chiming clock sample with a slightly shifting window, creating a smooth transition of various parameters (volume, length, spectra, noise side effects), various fixed pitches",,,,,,false,false,true,true,"duration,music_proxy"
3253,https://freesound.org/people/Freed/sounds/3253/,VARIA99G.mp3,Freed,https://creativecommons.org/licenses/by/4.0/,30.45,44100.0,2,mp3,"[""bell"", ""random"", ""repetition"", ""sequence""]","Sequence of a chiming clock sample with a slightly shifting window, short sounds, creating a smooth transition of various parameters (volume, length, spectra, noise side effects), various fixed pitches, randomly changing",,,,,,false,true,true,true,music_proxy
3254,https://freesound.org/people/Freed/sounds/3254/,VARIA99H.mp3,Freed,https://creativecommons.org/licenses/by/4.0/,120.65,44100.0,2,mp3,"[""bell"", ""random"", ""repetition"", ""sequence""]","Fast sequence of a chiming clock sample with a slightly shifting window, short sounds, creating a smooth transition of various parameters (volume, length, spectra, noise side effects), various fixed pitches, randomly changing",,,,,,false,true,true,true,music_proxy
3255,https://freesound.org/people/Freed/sounds/3255/,VARIA99I.mp3,Freed,https://creativecommons.org/licenses/by/4.0/,60.6002,44100.0,2,mp3,"[""bell"", ""random"", ""repetition"", ""sequence""]","Fast sequence of a chiming clock sample with a slightly shifting window, shorter and softer sounds, creating a smooth transition of various parameters (volume, length, spectra, noise side effects), various fixed pitches, randomly changing",,,,,,false,true,true,true,music_proxy
3256,https://freesound.org/people/Freed/sounds/3256/,VARIA99J.mp3,Freed,https://creativecommons.org/licenses/by/4.0/,90.6504,44100.0,2,mp3,"[""bell"", ""random"", ""repetition"", ""sequence""]","Faster changing sequence of a chiming clock sample with a slightly shifting window, short sounds, creating a smooth transition of various parameters (volume, length, spectra, noise side effects), various fixed pitches, randomly changing",,,,,,false,true,true,true,music_proxy
3257,https://freesound.org/people/Jovica/sounds/3257/,Dronetail 01.wav,Jovica,https://creativecommons.org/licenses/by/4.0/,13.0,44100.0,2,wav,"[""ambient"", ""deep-space"", ""drone"", ""long-reverb-tail""]","This drone was a little overdriven. Low &amp; higher frequencies. This sample was created using the Reaktor ensemble Metaphysical Function from Native Instruments. It was further edited (fades, transposed, pitch bended, ...) within Cubase SX and processed using two reverb VST effects: a convolution reverb (the freeware SIR) with impulses from Spirit Canyon Audio and a conventional digital reverb from my TC Electronic Powercore Firewire (ClassicVerb). At last the sample was normalised. The format is 16 bit 44.1 kHz wav and duration 13 seconds.",,,,,,false,false,true,true,"duration,music_proxy"
3258,https://freesound.org/people/Jovica/sounds/3258/,Dronetail 02.wav,Jovica,https://creativecommons.org/licenses/by/4.0/,13.0,44100.0,2,wav,"[""ambient"", ""deep-space"", ""drone"", ""long-reverb-tail""]","Nice ethereal sound. Low &amp; higher frequencies. This sample was created using the Reaktor ensemble Metaphysical Function from Native Instruments. It was further edited (fades, transposed, pitch bended, ...) within Cubase SX and processed using two reverb VST effects: a convolution reverb (the freeware SIR) with impulses from Spirit Canyon Audio and a conventional digital reverb from my TC Electronic Powercore Firewire (ClassicVerb). At last the sample was normalised. The format is 16 bit 44.1 kHz wav and duration 13 seconds.",,,,,,false,false,true,true,"duration,music_proxy"
3259,https://freesound.org/people/Jovica/sounds/3259/,Dronetail 03.wav,Jovica,https://creativecommons.org/licenses/by/4.0/,13.0,44100.0,2,wav,"[""ambient"", ""deep-space"", ""drone"", ""long-reverb-tail""]","This drone has a dark feel. Mostly low frequencies. This sample was created using the Reaktor ensemble Metaphysical Function from Native Instruments. It was further edited (fades, transposed, pitch bended, ...) within Cubase SX and processed using two reverb VST effects: a convolution reverb (the freeware SIR) with impulses from Spirit Canyon Audio and a conventional digital reverb from my TC Electronic Powercore Firewire (ClassicVerb). At last the sample was normalised. The format is 16 bit 44.1 kHz wav and duration 13 seconds.",,,,,,false,false,true,true,"duration,music_proxy"
3260,https://freesound.org/people/Jovica/sounds/3260/,Dronetail 04.wav,Jovica,https://creativecommons.org/licenses/by/4.0/,13.0,44100.0,2,wav,"[""ambient"", ""deep-space"", ""drone"", ""long-reverb-tail""]","This drone is similar to ""Dronetail 01"" but without the overdrive and a bit more bright. This sample was created using the Reaktor ensemble Metaphysical Function from Native Instruments. It was further edited (fades, transposed, pitch bended, ...) within Cubase SX and processed using two reverb VST effects: a convolution reverb (the freeware SIR) with impulses from Spirit Canyon Audio and a conventional digital reverb from my TC Electronic Powercore Firewire (ClassicVerb). At last the sample was normalised. The format is 16 bit 44.1 kHz wav and duration 13 seconds.",,,,,,false,false,true,true,"duration,music_proxy"
3261,https://freesound.org/people/Jovica/sounds/3261/,Dronetail 05.wav,Jovica,https://creativecommons.org/licenses/by/4.0/,13.0,44100.0,2,wav,"[""ambient"", ""deep-space"", ""drone"", ""long-reverb-tail""]","This drone consits of mostly higher frequencies.This sample was created using the Reaktor ensemble Metaphysical Function from Native Instruments. It was further edited (fades, transposed, pitch bended, ...) within Cubase SX and processed using two reverb VST effects: a convolution reverb (the freeware SIR) with impulses from Spirit Canyon Audio and a conventional digital reverb from my TC Electronic Powercore Firewire (ClassicVerb). At last the sample was normalised. The format is 16 bit 44.1 kHz wav and duration 13 seconds.",,,,,,false,false,true,true,"duration,music_proxy"
3262,https://freesound.org/people/Jovica/sounds/3262/,Dronetail 06.wav,Jovica,https://creativecommons.org/licenses/by/4.0/,13.0,44100.0,2,wav,"[""ambient"", ""deep-space"", ""drone"", ""long-reverb-tail""]","This drone was a little overdriven and similar to ""Dronetail 01"". Low
&amp; higher frequencies. This sample was created using the Reaktor ensemble Metaphysical Function from Native Instruments. It was further edited (fades, transposed, pitch bended, ...) within Cubase SX and processed using two reverb VST effects: a convolution reverb (the freeware SIR) with impulses from Spirit Canyon Audio and a conventional digital reverb from my TC Electronic Powercore Firewire (ClassicVerb). At last the sample was normalised. The format is 16 bit 44.1 kHz wav and duration 13 seconds.",,,,,,false,false,true,true,"duration,music_proxy"
3263,https://freesound.org/people/Jovica/sounds/3263/,Dronetail 07.wav,Jovica,https://creativecommons.org/licenses/by/4.0/,13.0,44100.0,2,wav,"[""ambient"", ""deep-space"", ""drone"", ""long-reverb-tail""]","This drone is similar to ""Dronetail 04"" but a bit more bright. This sample was created using the Reaktor ensemble Metaphysical Function from Native Instruments. It was further edited (fades, transposed, pitch bended, ...) within Cubase SX and processed using two reverb VST effects: a convolution reverb (the freeware SIR) with impulses from Spirit Canyon Audio and a conventional digital reverb from my TC Electronic Powercore Firewire (ClassicVerb). At last the sample was normalised. The format is 16 bit 44.1 kHz wav and duration 13 seconds.",,,,,,false,false,true,true,"duration,music_proxy"
3264,https://freesound.org/people/Jovica/sounds/3264/,Dronetail 08.wav,Jovica,https://creativecommons.org/licenses/by/4.0/,13.0,44100.0,2,wav,"[""ambient"", ""deep-space"", ""drone"", ""long-reverb-tail""]","This drone has a dark feel. Mostly low frequencies. This sample was created using the Reaktor ensemble Metaphysical Function from Native Instruments. It was further edited (fades, transposed, pitch bended, ...) within Cubase SX and processed using two reverb VST effects: a convolution reverb (the freeware SIR) with impulses from Spirit Canyon Audio and a conventional digital reverb from my TC Electronic Powercore Firewire (ClassicVerb). At last the sample was normalised. The format is 16 bit 44.1 kHz wav and duration 13 seconds.",,,,,,false,false,true,true,"duration,music_proxy"
3265,https://freesound.org/people/Jovica/sounds/3265/,Dronetail 09.wav,Jovica,https://creativecommons.org/licenses/by/4.0/,13.0,44100.0,2,wav,"[""ambient"", ""deep-space"", ""drone"", ""long-reverb-tail""]","Nice ethereal sound, Mostly low frequencies. This sample was created using the Reaktor ensemble Metaphysical Function from Native Instruments. It was further edited (fades, transposed, pitch bended, ...) within Cubase SX and processed using two reverb VST effects: a convolution reverb (the freeware SIR) with impulses from Spirit Canyon Audio and a conventional digital reverb from my TC Electronic Powercore Firewire (ClassicVerb). At last the sample was normalised. The format is 16 bit 44.1 kHz wav and duration 13 seconds.",,,,,,false,false,true,true,"duration,music_proxy"
3266,https://freesound.org/people/Jovica/sounds/3266/,Dronetail 10.wav,Jovica,https://creativecommons.org/licenses/by/4.0/,13.0,44100.0,2,wav,"[""ambient"", ""deep-space"", ""drone"", ""long-reverb-tail""]","Nice overtone. Higher frequency. This sample was created using the Reaktor ensemble Metaphysical Function from Native Instruments. It was further edited (fades, transposed, pitch bended, ...) within Cubase SX and processed using two reverb VST effects: a convolution reverb (the freeware SIR) with impulses from Spirit Canyon Audio and a conventional digital reverb from my TC Electronic Powercore Firewire (ClassicVerb). At last the sample was normalised. The format is 16 bit 44.1 kHz wav and duration 13 seconds.",,,,,,false,false,true,true,"duration,music_proxy"
3267,https://freesound.org/people/Jovica/sounds/3267/,Dronetail 100.wav,Jovica,https://creativecommons.org/licenses/by/4.0/,13.0,44100.0,2,wav,"[""ambient"", ""deep-space"", ""drone"", ""long-reverb-tail""]","Ambient sound effect. Sounds like some noise in a really gigantic cathedral. This sample was created using the Reaktor ensemble Metaphysical Function from Native Instruments. It was further edited (fades, transposed, pitch bended, ...) within Cubase SX and processed using two reverb VST effects: a convolution reverb (the freeware SIR) with impulses from Spirit Canyon Audio and a conventional digital reverb from my TC Electronic Powercore Firewire (ClassicVerb). At last the sample was normalised. The format is 16 bit 44.1 kHz wav and duration 13 seconds.",,,,,,false,false,true,true,"duration,music_proxy"
3268,https://freesound.org/people/Jovica/sounds/3268/,Dronetail 101.wav,Jovica,https://creativecommons.org/licenses/by/4.0/,13.0,44100.0,2,wav,"[""ambient"", ""deep-space"", ""drone"", ""long-reverb-tail""]","Darkscape. Mostly low frequencies. This sample was created using the Reaktor ensemble Metaphysical Function from Native Instruments. It was further edited (fades, transposed, pitch bended, ...) within Cubase SX and processed using two reverb VST effects: a convolution reverb (the freeware SIR) with impulses from Spirit Canyon Audio and a conventional digital reverb from my TC Electronic Powercore Firewire (ClassicVerb). At last the sample was normalised. The format is 16 bit 44.1 kHz wav and duration 13 seconds.",,,,,,false,false,true,true,"duration,music_proxy"
3269,https://freesound.org/people/Jovica/sounds/3269/,Dronetail 102.wav,Jovica,https://creativecommons.org/licenses/by/4.0/,13.0,44100.0,2,wav,"[""ambient"", ""deep-space"", ""drone"", ""long-reverb-tail""]","Low darkscape. Really low frequencies. This sample was created using the Reaktor ensemble Metaphysical Function from Native Instruments. It was further edited (fades, transposed, pitch bended, ...) within Cubase SX and processed using two reverb VST effects: a convolution reverb (the freeware SIR) with impulses from Spirit Canyon Audio and a conventional digital reverb from my TC Electronic Powercore Firewire (ClassicVerb). At last the sample was normalised. The format is 16 bit 44.1 kHz wav and duration 13 seconds.",,,,,,false,false,true,true,"duration,music_proxy"
